entity_urn,similarity_score
urn:harmonic:company:3613480,0.9999968
urn:harmonic:company:9609784,0.99999666
urn:harmonic:company:1443095,0.9999956
urn:harmonic:company:824671,0.9999943
urn:harmonic:company:796251,0.99999356
urn:harmonic:company:4424857,0.9999933
urn:harmonic:company:12399189,0.9999926
urn:harmonic:company:802310,0.9999924
urn:harmonic:company:3215672,0.9999895
urn:harmonic:company:602158,0.99998903
urn:harmonic:company:2003862,0.99998856
urn:harmonic:company:3075425,0.9999876
urn:harmonic:company:3275494,0.999987
urn:harmonic:company:773835,0.99998546
urn:harmonic:company:6585,0.9999851
urn:harmonic:company:3053348,0.999985
urn:harmonic:company:10819970,0.99998415
urn:harmonic:company:1449433,0.99998045
urn:harmonic:company:21435391,0.9999794
urn:harmonic:company:12815640,0.99997914
urn:harmonic:company:3928206,0.9999789
urn:harmonic:company:3309146,0.9999788
urn:harmonic:company:1450255,0.99997807
urn:harmonic:company:4115957,0.9999769
urn:harmonic:company:2178345,0.9999722
urn:harmonic:company:1841807,0.999969
urn:harmonic:company:4299675,0.99996877
urn:harmonic:company:6665887,0.999964
urn:harmonic:company:10356056,0.9999633
urn:harmonic:company:11191879,0.9999615
urn:harmonic:company:4424410,0.99995923
urn:harmonic:company:9076,0.9999558
urn:harmonic:company:1974779,0.9999554
urn:harmonic:company:1678507,0.99995387
urn:harmonic:company:1704422,0.9999523
urn:harmonic:company:10749556,0.9999473
urn:harmonic:company:1869576,0.9999403
urn:harmonic:company:8986281,0.9999356
urn:harmonic:company:1520412,0.9999347
urn:harmonic:company:800838,0.9999341
urn:harmonic:company:3333922,0.9999267
urn:harmonic:company:3203316,0.9999255
urn:harmonic:company:606791,0.99991834
urn:harmonic:company:3281642,0.9999176
urn:harmonic:company:4171866,0.9998976
urn:harmonic:company:10894886,0.99989724
urn:harmonic:company:1990249,0.99989665
urn:harmonic:company:773593,0.9998839
urn:harmonic:company:1842794,0.9998832
urn:harmonic:company:1836165,0.99987185
urn:harmonic:company:169426,0.99985754
urn:harmonic:company:2129540,0.9998029
urn:harmonic:company:3240354,0.9997731
urn:harmonic:company:12756714,0.9994702
urn:harmonic:company:1710563,0.9993199
urn:harmonic:company:48201423,0.9993104
urn:harmonic:company:4411539,0.9987896
urn:harmonic:company:10937753,0.9958521
urn:harmonic:company:12590741,0.9826868
urn:harmonic:company:34985134,0.7422656
urn:harmonic:company:21555289,0.6493077
urn:harmonic:company:2183046,0.08102868
urn:harmonic:company:47121819,0.064911835
urn:harmonic:company:18293832,0.0560699
urn:harmonic:company:536081,0.0501577
urn:harmonic:company:4617889,0.024702175
urn:harmonic:company:10304175,0.023358691
urn:harmonic:company:3133643,0.021175217
urn:harmonic:company:4080708,0.017117482
urn:harmonic:company:3898625,0.015270626
urn:harmonic:company:3535968,0.01409889
urn:harmonic:company:41162981,0.013989767
urn:harmonic:company:35018238,0.01395487
urn:harmonic:company:11576163,0.013720719
urn:harmonic:company:10830358,0.012650105
urn:harmonic:company:6390609,0.012131817
urn:harmonic:company:10979082,0.011880294
urn:harmonic:company:2019544,0.011418776
urn:harmonic:company:48696611,0.010589482
urn:harmonic:company:3540375,0.009908191
urn:harmonic:company:45010963,0.007510489
urn:harmonic:company:12887139,0.0064773974
urn:harmonic:company:1713098,0.006332534
urn:harmonic:company:6389,0.0062047374
urn:harmonic:company:4138490,0.005984677
urn:harmonic:company:41143976,0.005845561
urn:harmonic:company:30895723,0.005761833
urn:harmonic:company:12789403,0.005623576
urn:harmonic:company:289430,0.005469801
urn:harmonic:company:780152,0.005380256
urn:harmonic:company:34843094,0.005289785
urn:harmonic:company:18567034,0.00508664
urn:harmonic:company:795672,0.0049043815
urn:harmonic:company:6646061,0.0047941953
urn:harmonic:company:3205953,0.004552192
urn:harmonic:company:12883315,0.0045453287
urn:harmonic:company:632849,0.004005704
urn:harmonic:company:1,0.003964279
urn:harmonic:company:6671885,0.003952322
urn:harmonic:company:4424855,0.0038301705
urn:harmonic:company:4532049,0.0035710402
urn:harmonic:company:11865267,0.003519983
urn:harmonic:company:2141346,0.0033946289
urn:harmonic:company:1902271,0.003354357
urn:harmonic:company:3488952,0.0032917918
urn:harmonic:company:12889364,0.0032460254
urn:harmonic:company:1478049,0.0029476702
urn:harmonic:company:4414680,0.0029210476
urn:harmonic:company:2178396,0.0028839686
urn:harmonic:company:12963765,0.002875295
urn:harmonic:company:1682097,0.002861919
urn:harmonic:company:1449149,0.0028371813
urn:harmonic:company:812084,0.0028118987
urn:harmonic:company:553552,0.0027038867
urn:harmonic:company:4516938,0.0026536854
urn:harmonic:company:12883518,0.0026207878
urn:harmonic:company:764314,0.002614664
urn:harmonic:company:1852,0.0024712312
urn:harmonic:company:36839469,0.0024502361
urn:harmonic:company:6488372,0.002332194
urn:harmonic:company:11296585,0.0021758138
urn:harmonic:company:4587115,0.0021606612
urn:harmonic:company:160397,0.0021426457
urn:harmonic:company:39607249,0.002112991
urn:harmonic:company:4172174,0.0020934131
urn:harmonic:company:19726911,0.0020548697
urn:harmonic:company:742164,0.0019708374
urn:harmonic:company:6107060,0.0019664096
urn:harmonic:company:49338941,0.0019495998
urn:harmonic:company:5755634,0.0019074342
urn:harmonic:company:12475768,0.0018885623
urn:harmonic:company:37098669,0.0018754893
urn:harmonic:company:49419500,0.0018742238
urn:harmonic:company:4513276,0.0018501309
urn:harmonic:company:2006800,0.0018151384
urn:harmonic:company:11431089,0.0017729145
urn:harmonic:company:2103179,0.0017335592
urn:harmonic:company:10215653,0.0016893543
urn:harmonic:company:4459851,0.0016813482
urn:harmonic:company:1815663,0.0016794045
urn:harmonic:company:1839490,0.0016482248
urn:harmonic:company:3940957,0.0016329157
urn:harmonic:company:48975559,0.0016112883
urn:harmonic:company:1449138,0.0016078678
urn:harmonic:company:8079309,0.0016048775
urn:harmonic:company:3100598,0.001598872
urn:harmonic:company:106371,0.0015846746
urn:harmonic:company:4456426,0.0015594505
urn:harmonic:company:47905856,0.001556336
urn:harmonic:company:12759688,0.0015342839
urn:harmonic:company:3219605,0.0014936705
urn:harmonic:company:1815929,0.0014788798
urn:harmonic:company:19415917,0.0014681756
urn:harmonic:company:4314622,0.0014662113
urn:harmonic:company:1642287,0.0014355895
urn:harmonic:company:10275404,0.001417998
urn:harmonic:company:49425452,0.0014110289
urn:harmonic:company:12547957,0.0014048651
urn:harmonic:company:192309,0.0013954424
urn:harmonic:company:3767698,0.0013929993
urn:harmonic:company:6704726,0.001351561
urn:harmonic:company:1837922,0.0013457162
urn:harmonic:company:719013,0.001345139
urn:harmonic:company:3186484,0.0013196266
urn:harmonic:company:634958,0.0013063275
urn:harmonic:company:813700,0.0012989969
urn:harmonic:company:41129906,0.0012877402
urn:harmonic:company:10777079,0.001281053
urn:harmonic:company:902,0.0012804242
urn:harmonic:company:43915395,0.0012740132
urn:harmonic:company:5021438,0.0012654201
urn:harmonic:company:4037373,0.0012445018
urn:harmonic:company:10109484,0.00124173
urn:harmonic:company:4910686,0.001223182
urn:harmonic:company:6620393,0.0012202105
urn:harmonic:company:19900095,0.0012031645
urn:harmonic:company:35590782,0.0011979094
urn:harmonic:company:11429,0.0011902358
urn:harmonic:company:4216614,0.0011856135
urn:harmonic:company:10734089,0.0011800689
urn:harmonic:company:794197,0.0011763385
urn:harmonic:company:800693,0.0011668218
urn:harmonic:company:619348,0.001161499
urn:harmonic:company:680801,0.0011604213
urn:harmonic:company:12889317,0.0011575922
urn:harmonic:company:3640917,0.0011568547
urn:harmonic:company:6837858,0.0011555259
urn:harmonic:company:49274069,0.0011546221
urn:harmonic:company:6623602,0.0011515366
urn:harmonic:company:10121849,0.0011503827
urn:harmonic:company:3206412,0.0011456895
urn:harmonic:company:1687890,0.0011371028
urn:harmonic:company:779149,0.00113119
urn:harmonic:company:10390984,0.0011263432
urn:harmonic:company:6654,0.0011231547
urn:harmonic:company:765442,0.001121585
urn:harmonic:company:37083321,0.0011192332
urn:harmonic:company:11218337,0.0011163151
urn:harmonic:company:1432185,0.001106604
urn:harmonic:company:3242807,0.0010961702
urn:harmonic:company:4184265,0.0010879013
urn:harmonic:company:1678487,0.001086246
urn:harmonic:company:11010144,0.0010756484
urn:harmonic:company:12513533,0.0010689043
urn:harmonic:company:43246675,0.0010657681
urn:harmonic:company:12585914,0.001060563
urn:harmonic:company:3597844,0.0010540823
urn:harmonic:company:1692167,0.0010526774
urn:harmonic:company:3069502,0.0010489109
urn:harmonic:company:12473629,0.0010455417
urn:harmonic:company:792772,0.0010421129
urn:harmonic:company:4136898,0.001023818
urn:harmonic:company:729755,0.001009321
urn:harmonic:company:3638846,0.0009861328
urn:harmonic:company:4301826,0.0009836302
urn:harmonic:company:54628547,0.0009783268
urn:harmonic:company:3176803,0.0009773965
urn:harmonic:company:23319032,0.0009742949
urn:harmonic:company:48889136,0.00097248086
urn:harmonic:company:756579,0.00094815233
urn:harmonic:company:653029,0.00093906175
urn:harmonic:company:11209842,0.00093880313
urn:harmonic:company:36737641,0.0009366817
urn:harmonic:company:1730235,0.00093487126
urn:harmonic:company:11533692,0.000933296
urn:harmonic:company:10005026,0.0009262644
urn:harmonic:company:12467437,0.00092477584
urn:harmonic:company:4414017,0.00092243764
urn:harmonic:company:3400643,0.0009126472
urn:harmonic:company:4133464,0.0008980596
urn:harmonic:company:10995909,0.0008891247
urn:harmonic:company:2232375,0.0008880761
urn:harmonic:company:469568,0.0008845743
urn:harmonic:company:773391,0.00088119507
urn:harmonic:company:17115128,0.0008811892
urn:harmonic:company:47073254,0.00087945495
urn:harmonic:company:3293871,0.0008713482
urn:harmonic:company:11098615,0.0008564101
urn:harmonic:company:1956224,0.0008548912
urn:harmonic:company:35076066,0.00085457147
urn:harmonic:company:43673791,0.00085444696
urn:harmonic:company:1847931,0.0008501812
urn:harmonic:company:4525472,0.0008427198
urn:harmonic:company:4445501,0.0008374318
urn:harmonic:company:3711945,0.0008310886
urn:harmonic:company:1841362,0.00082204706
urn:harmonic:company:19020516,0.0008172885
urn:harmonic:company:36770941,0.00081415795
urn:harmonic:company:12361742,0.0008128088
urn:harmonic:company:6709570,0.00081075844
urn:harmonic:company:1791948,0.0008103121
urn:harmonic:company:54947825,0.0008040109
urn:harmonic:company:638717,0.00080034556
urn:harmonic:company:43619942,0.00079741393
urn:harmonic:company:724989,0.0007943084
urn:harmonic:company:1480560,0.00078618457
urn:harmonic:company:13142577,0.0007827507
urn:harmonic:company:12473098,0.0007801073
urn:harmonic:company:12303899,0.0007792577
urn:harmonic:company:1432456,0.00077868346
urn:harmonic:company:3393201,0.0007784509
urn:harmonic:company:2169786,0.0007750257
urn:harmonic:company:12886551,0.0007728228
urn:harmonic:company:42990278,0.00076836656
urn:harmonic:company:54159218,0.0007648614
urn:harmonic:company:4271752,0.0007613726
urn:harmonic:company:3164533,0.0007593521
urn:harmonic:company:16938534,0.00075893075
urn:harmonic:company:27963968,0.0007557703
urn:harmonic:company:4215233,0.0007524388
urn:harmonic:company:1984391,0.000742435
urn:harmonic:company:4500326,0.00073943834
urn:harmonic:company:3613254,0.0007309619
urn:harmonic:company:770448,0.00072603626
urn:harmonic:company:1905588,0.00072423404
urn:harmonic:company:3502771,0.0007167189
urn:harmonic:company:12401573,0.0007126151
urn:harmonic:company:4119918,0.00070143305
urn:harmonic:company:11577208,0.0006963037
urn:harmonic:company:106476,0.0006959199
urn:harmonic:company:12836285,0.0006832054
urn:harmonic:company:7563447,0.0006816802
urn:harmonic:company:19275394,0.00068149023
urn:harmonic:company:3219542,0.0006803212
urn:harmonic:company:12472952,0.0006798516
urn:harmonic:company:1449398,0.0006794724
urn:harmonic:company:3213645,0.0006781278
urn:harmonic:company:7246041,0.0006730924
urn:harmonic:company:12832541,0.0006725483
urn:harmonic:company:3845677,0.0006700081
urn:harmonic:company:12590841,0.0006669578
urn:harmonic:company:4294652,0.00066602847
urn:harmonic:company:4530921,0.00066540384
urn:harmonic:company:742572,0.00066476525
urn:harmonic:company:3253950,0.0006636154
urn:harmonic:company:1530222,0.0006626668
urn:harmonic:company:781028,0.0006578931
urn:harmonic:company:14104869,0.0006567198
urn:harmonic:company:1830668,0.0006557607
urn:harmonic:company:3222183,0.00064963906
urn:harmonic:company:12586172,0.0006460484
urn:harmonic:company:195895,0.0006460355
urn:harmonic:company:3629148,0.0006454044
urn:harmonic:company:6497689,0.00064412504
urn:harmonic:company:1841132,0.00064341637
urn:harmonic:company:3126879,0.00064294005
urn:harmonic:company:2141609,0.00064221316
urn:harmonic:company:699454,0.0006317932
urn:harmonic:company:209811,0.00063178723
urn:harmonic:company:1477914,0.0006310278
urn:harmonic:company:3206328,0.00063091714
urn:harmonic:company:1786578,0.0006304964
urn:harmonic:company:4081612,0.0006239381
urn:harmonic:company:3294548,0.0006193497
urn:harmonic:company:669883,0.0006188125
urn:harmonic:company:3250119,0.0006184717
urn:harmonic:company:48630005,0.0006164405
urn:harmonic:company:5119769,0.0006103034
urn:harmonic:company:106026,0.0006051825
urn:harmonic:company:10265258,0.00060507347
urn:harmonic:company:36868445,0.00059847994
urn:harmonic:company:3203399,0.00059723627
urn:harmonic:company:4148036,0.0005966915
urn:harmonic:company:47898126,0.00059185387
urn:harmonic:company:10727628,0.00058842706
urn:harmonic:company:672750,0.00058769673
urn:harmonic:company:4079799,0.0005872384
urn:harmonic:company:825268,0.0005834873
urn:harmonic:company:3273397,0.00058239436
urn:harmonic:company:1770725,0.00058181456
urn:harmonic:company:107202,0.0005807824
urn:harmonic:company:752358,0.00057930656
urn:harmonic:company:25018814,0.00057887024
urn:harmonic:company:45456904,0.0005761201
urn:harmonic:company:3789743,0.00057028333
urn:harmonic:company:710083,0.0005668373
urn:harmonic:company:4296995,0.00056643307
urn:harmonic:company:3614362,0.0005662879
urn:harmonic:company:12412609,0.0005621607
urn:harmonic:company:792212,0.0005598288
urn:harmonic:company:170023,0.0005570079
urn:harmonic:company:4095689,0.000556842
urn:harmonic:company:1495909,0.0005561745
urn:harmonic:company:3848197,0.00055365794
urn:harmonic:company:2169760,0.00054839824
urn:harmonic:company:7427743,0.0005477734
urn:harmonic:company:794788,0.0005472787
urn:harmonic:company:34527904,0.0005427222
urn:harmonic:company:2136397,0.0005423682
urn:harmonic:company:441181,0.0005411477
urn:harmonic:company:49614988,0.0005394046
urn:harmonic:company:11196839,0.00053918175
urn:harmonic:company:800571,0.0005372113
urn:harmonic:company:47186189,0.00053550204
urn:harmonic:company:3173656,0.0005349156
urn:harmonic:company:16537707,0.00053283764
urn:harmonic:company:3066748,0.0005327752
urn:harmonic:company:51957314,0.00052177755
urn:harmonic:company:3275639,0.0005212103
urn:harmonic:company:1730,0.00051852927
urn:harmonic:company:3065509,0.000518136
urn:harmonic:company:1984572,0.00051803776
urn:harmonic:company:3271789,0.000517413
urn:harmonic:company:1957962,0.0005131576
urn:harmonic:company:19460095,0.0005130982
urn:harmonic:company:6702686,0.0005128014
urn:harmonic:company:795728,0.00051140215
urn:harmonic:company:12591863,0.00051053596
urn:harmonic:company:751404,0.0005093113
urn:harmonic:company:105781,0.00050841836
urn:harmonic:company:2140634,0.00050785847
urn:harmonic:company:3641423,0.00050620054
urn:harmonic:company:34410638,0.00050488405
urn:harmonic:company:10808068,0.00050446193
urn:harmonic:company:4007773,0.0005022874
urn:harmonic:company:3640191,0.00050087983
urn:harmonic:company:3224079,0.0005007844
urn:harmonic:company:3962872,0.0005000791
urn:harmonic:company:3371247,0.00049940153
urn:harmonic:company:3626972,0.00049820833
urn:harmonic:company:1465,0.00049769593
urn:harmonic:company:18879136,0.0004958055
urn:harmonic:company:3626859,0.00049370545
urn:harmonic:company:3955788,0.0004912424
urn:harmonic:company:743309,0.00049068127
urn:harmonic:company:10229360,0.00048949866
urn:harmonic:company:626617,0.00048871984
urn:harmonic:company:1495779,0.0004885759
urn:harmonic:company:6610240,0.00048835424
urn:harmonic:company:4483329,0.0004876472
urn:harmonic:company:3174361,0.00048590536
urn:harmonic:company:19465693,0.00048481926
urn:harmonic:company:667110,0.0004842796
urn:harmonic:company:8651908,0.00048420386
urn:harmonic:company:49909633,0.0004829275
urn:harmonic:company:2240212,0.00048190434
urn:harmonic:company:3578956,0.0004810411
urn:harmonic:company:38830940,0.0004778682
urn:harmonic:company:4916993,0.0004724915
urn:harmonic:company:12751347,0.00047027113
urn:harmonic:company:47088835,0.00047005736
urn:harmonic:company:4414864,0.0004673338
urn:harmonic:company:18799883,0.0004637301
urn:harmonic:company:3183562,0.00046343094
urn:harmonic:company:673502,0.0004620384
urn:harmonic:company:1409663,0.0004615412
urn:harmonic:company:1838703,0.0004591214
urn:harmonic:company:12586903,0.0004571854
urn:harmonic:company:10654093,0.00045689044
urn:harmonic:company:1797568,0.0004566699
urn:harmonic:company:46150023,0.00045546546
urn:harmonic:company:579753,0.00045368363
urn:harmonic:company:4071346,0.00045346143
urn:harmonic:company:35811379,0.0004532609
urn:harmonic:company:11368233,0.00045210592
urn:harmonic:company:1906898,0.0004504092
urn:harmonic:company:10577821,0.00045026644
urn:harmonic:company:42902027,0.0004500952
urn:harmonic:company:2200730,0.00044596748
urn:harmonic:company:3770477,0.00044589269
urn:harmonic:company:775807,0.00044240293
urn:harmonic:company:10241405,0.00044231376
urn:harmonic:company:2178305,0.00044156346
urn:harmonic:company:12849569,0.00044084174
urn:harmonic:company:105175,0.00043893067
urn:harmonic:company:670229,0.00043711602
urn:harmonic:company:57310137,0.00043640216
urn:harmonic:company:10671312,0.00043571214
urn:harmonic:company:780381,0.0004355992
urn:harmonic:company:42068189,0.00043536673
urn:harmonic:company:12525167,0.00043512587
urn:harmonic:company:1818914,0.0004349598
urn:harmonic:company:783193,0.00043485532
urn:harmonic:company:289377,0.0004344787
urn:harmonic:company:35141090,0.00043425136
urn:harmonic:company:39795275,0.00043303045
urn:harmonic:company:1773968,0.0004318138
urn:harmonic:company:1679826,0.00043026145
urn:harmonic:company:4955581,0.00043022065
urn:harmonic:company:10172382,0.0004291706
urn:harmonic:company:12706517,0.0004289326
urn:harmonic:company:774583,0.00042824887
urn:harmonic:company:18803750,0.00042813495
urn:harmonic:company:634090,0.0004257847
urn:harmonic:company:55021634,0.00042495102
urn:harmonic:company:646350,0.00042482326
urn:harmonic:company:1517,0.00042412584
urn:harmonic:company:1449483,0.00042374275
urn:harmonic:company:4166420,0.0004230481
urn:harmonic:company:44515519,0.000422289
urn:harmonic:company:3341151,0.0004217037
urn:harmonic:company:11553960,0.00041898116
urn:harmonic:company:50816800,0.00041755632
urn:harmonic:company:438467,0.00041622022
urn:harmonic:company:187354,0.00041588547
urn:harmonic:company:1963247,0.0004137038
urn:harmonic:company:4058975,0.00041066625
urn:harmonic:company:754377,0.00041050714
urn:harmonic:company:12467377,0.00041010624
urn:harmonic:company:4513955,0.0004099845
urn:harmonic:company:10901671,0.0004099552
urn:harmonic:company:175668,0.00040992565
urn:harmonic:company:771621,0.0004088774
urn:harmonic:company:54896609,0.00040844537
urn:harmonic:company:6838498,0.00040772642
urn:harmonic:company:3677972,0.0004067844
urn:harmonic:company:1642,0.00040677312
urn:harmonic:company:4532410,0.00040629663
urn:harmonic:company:48645748,0.00040325316
urn:harmonic:company:12573261,0.00040320508
urn:harmonic:company:3241151,0.00040083707
urn:harmonic:company:10311193,0.00040024883
urn:harmonic:company:10805611,0.00039888176
urn:harmonic:company:3211636,0.0003954977
urn:harmonic:company:1424179,0.00039129241
urn:harmonic:company:31398595,0.00039128965
urn:harmonic:company:10605300,0.00039059663
urn:harmonic:company:1775493,0.0003898264
urn:harmonic:company:2243278,0.000389709
urn:harmonic:company:3320855,0.00038917566
urn:harmonic:company:12790187,0.00038857159
urn:harmonic:company:3177966,0.0003881464
urn:harmonic:company:4142424,0.00038384722
urn:harmonic:company:792641,0.00038281508
urn:harmonic:company:1430298,0.00038136137
urn:harmonic:company:34529,0.00037849988
urn:harmonic:company:4090899,0.0003766799
urn:harmonic:company:1833995,0.00037565234
urn:harmonic:company:4219055,0.00037483865
urn:harmonic:company:750636,0.0003733841
urn:harmonic:company:10759670,0.00037105987
urn:harmonic:company:644159,0.00037077733
urn:harmonic:company:4,0.00036979685
urn:harmonic:company:1682942,0.00036973623
urn:harmonic:company:2141286,0.00036957394
urn:harmonic:company:11339825,0.00036916742
urn:harmonic:company:3328559,0.00036885944
urn:harmonic:company:11085403,0.0003684347
urn:harmonic:company:12579640,0.00036841925
urn:harmonic:company:27357621,0.0003682091
urn:harmonic:company:3114384,0.00036757745
urn:harmonic:company:106309,0.0003663918
urn:harmonic:company:6566324,0.0003657938
urn:harmonic:company:2162327,0.0003647027
urn:harmonic:company:1466431,0.00036384634
urn:harmonic:company:42986230,0.000363519
urn:harmonic:company:4411385,0.00036184385
urn:harmonic:company:1841569,0.0003610687
urn:harmonic:company:4132826,0.00036079445
urn:harmonic:company:11188189,0.00035955096
urn:harmonic:company:34873332,0.0003594048
urn:harmonic:company:34837958,0.000358612
urn:harmonic:company:4093417,0.0003585819
urn:harmonic:company:6616472,0.00035714442
urn:harmonic:company:7697979,0.00035607623
urn:harmonic:company:51233829,0.0003560404
urn:harmonic:company:1369197,0.00035557844
urn:harmonic:company:38558944,0.0003528942
urn:harmonic:company:4241170,0.0003523432
urn:harmonic:company:743372,0.00035024184
urn:harmonic:company:41430181,0.00034979056
urn:harmonic:company:12816571,0.00034830926
urn:harmonic:company:3596333,0.00034764875
urn:harmonic:company:10580022,0.0003472238
urn:harmonic:company:1815642,0.0003464763
urn:harmonic:company:1790885,0.00034640564
urn:harmonic:company:21674904,0.0003461673
urn:harmonic:company:1463642,0.00034496418
urn:harmonic:company:3420352,0.00034456595
urn:harmonic:company:12892858,0.0003445425
urn:harmonic:company:12464438,0.00034442966
urn:harmonic:company:12790211,0.00034423647
urn:harmonic:company:21692683,0.00034396915
urn:harmonic:company:4257127,0.00034366478
urn:harmonic:company:625382,0.00034296763
urn:harmonic:company:3196878,0.00034203133
urn:harmonic:company:12791997,0.00034110507
urn:harmonic:company:4460192,0.00034095696
urn:harmonic:company:1422682,0.00033819376
urn:harmonic:company:3257822,0.00033772143
urn:harmonic:company:3823533,0.00033731246
urn:harmonic:company:6046262,0.0003369811
urn:harmonic:company:737394,0.0003369602
urn:harmonic:company:10327314,0.0003361295
urn:harmonic:company:1754,0.00033568568
urn:harmonic:company:55546585,0.00033493128
urn:harmonic:company:36392948,0.0003345802
urn:harmonic:company:10735795,0.00033405528
urn:harmonic:company:1807591,0.0003334186
urn:harmonic:company:757787,0.0003331644
urn:harmonic:company:740260,0.0003330996
urn:harmonic:company:48636439,0.0003325326
urn:harmonic:company:1774047,0.00033045188
urn:harmonic:company:1815648,0.00033039265
urn:harmonic:company:10684987,0.00032950277
urn:harmonic:company:51960455,0.00032942518
urn:harmonic:company:444303,0.0003285683
urn:harmonic:company:11515239,0.00032700485
urn:harmonic:company:3676293,0.00032673747
urn:harmonic:company:7273103,0.00032667673
urn:harmonic:company:616969,0.0003262146
urn:harmonic:company:2034276,0.0003257599
urn:harmonic:company:1369141,0.0003255879
urn:harmonic:company:12789187,0.00032540792
urn:harmonic:company:1429909,0.00032523394
urn:harmonic:company:1785432,0.00032424447
urn:harmonic:company:633057,0.00032391542
urn:harmonic:company:10857918,0.00032273636
urn:harmonic:company:11577057,0.00032262562
urn:harmonic:company:4488011,0.0003222002
urn:harmonic:company:1489593,0.0003210528
urn:harmonic:company:3070782,0.0003208842
urn:harmonic:company:34464,0.00032072913
urn:harmonic:company:796658,0.00032039755
urn:harmonic:company:4094266,0.00031979848
urn:harmonic:company:3965827,0.00031902865
urn:harmonic:company:4499903,0.000318704
urn:harmonic:company:1807417,0.00031809535
urn:harmonic:company:4413181,0.00031786013
urn:harmonic:company:1961234,0.0003177356
urn:harmonic:company:1691627,0.00031735777
urn:harmonic:company:32636,0.0003150396
urn:harmonic:company:4393463,0.00031430638
urn:harmonic:company:152635,0.0003142977
urn:harmonic:company:11057673,0.00031413772
urn:harmonic:company:6594745,0.00031400088
urn:harmonic:company:45184244,0.0003136362
urn:harmonic:company:4297251,0.00031315276
urn:harmonic:company:1410523,0.00031228398
urn:harmonic:company:12733297,0.00031150074
urn:harmonic:company:10922277,0.00031071831
urn:harmonic:company:52637542,0.00030996857
urn:harmonic:company:3603738,0.0003099615
urn:harmonic:company:36690899,0.00030955247
urn:harmonic:company:742646,0.00030873693
urn:harmonic:company:732171,0.00030836306
urn:harmonic:company:615452,0.00030808948
urn:harmonic:company:796106,0.00030758235
urn:harmonic:company:553492,0.0003071665
urn:harmonic:company:1987804,0.00030680068
urn:harmonic:company:24833409,0.00030584366
urn:harmonic:company:4078513,0.0003046313
urn:harmonic:company:3969133,0.0003040794
urn:harmonic:company:1449489,0.00030333034
urn:harmonic:company:3860765,0.0003028657
urn:harmonic:company:4296628,0.00030273348
urn:harmonic:company:438924,0.00030135497
urn:harmonic:company:1787226,0.00030119612
urn:harmonic:company:11441,0.0003010638
urn:harmonic:company:21705938,0.0003003691
urn:harmonic:company:4107627,0.00029987897
urn:harmonic:company:1924550,0.00029983325
urn:harmonic:company:55390806,0.0002987535
urn:harmonic:company:34503,0.00029817357
urn:harmonic:company:1410586,0.00029716725
urn:harmonic:company:2095872,0.000296656
urn:harmonic:company:660583,0.0002962826
urn:harmonic:company:18179704,0.00029571596
urn:harmonic:company:2140737,0.00029540094
urn:harmonic:company:1461725,0.00029486715
urn:harmonic:company:6792424,0.00029446205
urn:harmonic:company:620390,0.00029428466
urn:harmonic:company:7503234,0.00029397398
urn:harmonic:company:10844760,0.00029387337
urn:harmonic:company:664904,0.00029354575
urn:harmonic:company:1464679,0.00029310668
urn:harmonic:company:10272058,0.00029306114
urn:harmonic:company:778628,0.00029297426
urn:harmonic:company:12785186,0.00029227874
urn:harmonic:company:3225665,0.0002921548
urn:harmonic:company:3239894,0.00029203057
urn:harmonic:company:3517888,0.00029175394
urn:harmonic:company:1988691,0.00029134756
urn:harmonic:company:1738,0.00029036094
urn:harmonic:company:601312,0.00029017412
urn:harmonic:company:47657246,0.00028978652
urn:harmonic:company:772640,0.0002891763
urn:harmonic:company:11684079,0.00028890598
urn:harmonic:company:6549470,0.00028871626
urn:harmonic:company:438628,0.00028855086
urn:harmonic:company:12578010,0.00028787903
urn:harmonic:company:711472,0.0002869282
urn:harmonic:company:12583486,0.00028606178
urn:harmonic:company:10215848,0.00028593038
urn:harmonic:company:3585383,0.0002858674
urn:harmonic:company:26415820,0.00028542677
urn:harmonic:company:2004049,0.0002853756
urn:harmonic:company:11969368,0.00028448403
urn:harmonic:company:2191893,0.00028432516
urn:harmonic:company:6491872,0.000284275
urn:harmonic:company:3987918,0.00028322698
urn:harmonic:company:4058364,0.00028286752
urn:harmonic:company:1599234,0.0002824813
urn:harmonic:company:2200317,0.00028167907
urn:harmonic:company:11163009,0.00028124114
urn:harmonic:company:3173277,0.00028040714
urn:harmonic:company:10171531,0.0002802179
urn:harmonic:company:32588409,0.0002800171
urn:harmonic:company:626975,0.00027960757
urn:harmonic:company:1415508,0.00027954974
urn:harmonic:company:5288934,0.00027931636
urn:harmonic:company:57324136,0.00027894805
urn:harmonic:company:2140442,0.00027851725
urn:harmonic:company:6704885,0.0002784031
urn:harmonic:company:37076458,0.00027713142
urn:harmonic:company:3835058,0.00027574328
urn:harmonic:company:3226387,0.00027506478
urn:harmonic:company:792351,0.00027494994
urn:harmonic:company:688536,0.00027457793
urn:harmonic:company:794711,0.00027406245
urn:harmonic:company:3099430,0.0002738976
urn:harmonic:company:13054300,0.00027337635
urn:harmonic:company:553293,0.00027310595
urn:harmonic:company:10769146,0.00027292737
urn:harmonic:company:10447504,0.0002728103
urn:harmonic:company:1408378,0.00027276584
urn:harmonic:company:681890,0.00027215824
urn:harmonic:company:1632367,0.00027165067
urn:harmonic:company:3173594,0.00027162346
urn:harmonic:company:10364396,0.00027107887
urn:harmonic:company:794487,0.00027088303
urn:harmonic:company:1712062,0.0002706463
urn:harmonic:company:6413,0.0002704374
urn:harmonic:company:700726,0.000270408
urn:harmonic:company:24147266,0.0002697884
urn:harmonic:company:640000,0.0002694794
urn:harmonic:company:3615407,0.00026911328
urn:harmonic:company:3193002,0.00026866363
urn:harmonic:company:707341,0.0002682367
urn:harmonic:company:749263,0.00026792692
urn:harmonic:company:48143450,0.00026762846
urn:harmonic:company:12175768,0.00026706135
urn:harmonic:company:633300,0.0002669618
urn:harmonic:company:3334628,0.00026683204
urn:harmonic:company:2095880,0.00026669673
urn:harmonic:company:37359614,0.00026640447
urn:harmonic:company:51740725,0.00026616227
urn:harmonic:company:11295655,0.00026601081
urn:harmonic:company:4736251,0.00026459963
urn:harmonic:company:733213,0.0002645817
urn:harmonic:company:3303881,0.0002634869
urn:harmonic:company:4303286,0.00026310183
urn:harmonic:company:801585,0.00026301004
urn:harmonic:company:638114,0.00026269176
urn:harmonic:company:11499335,0.0002612364
urn:harmonic:company:3631006,0.00026106558
urn:harmonic:company:1968100,0.0002602043
urn:harmonic:company:34688543,0.00026014724
urn:harmonic:company:796053,0.0002601135
urn:harmonic:company:1815637,0.0002600768
urn:harmonic:company:2138208,0.0002598396
urn:harmonic:company:1982287,0.00025962418
urn:harmonic:company:644646,0.00025942572
urn:harmonic:company:626357,0.0002585149
urn:harmonic:company:15527976,0.00025837592
urn:harmonic:company:3177820,0.00025830054
urn:harmonic:company:1450144,0.00025827196
urn:harmonic:company:4665765,0.00025757015
urn:harmonic:company:10555132,0.0002567116
urn:harmonic:company:1448105,0.00025621156
urn:harmonic:company:6834421,0.0002559835
urn:harmonic:company:11276081,0.00025544225
urn:harmonic:company:10946178,0.0002548725
urn:harmonic:company:46383184,0.00025459076
urn:harmonic:company:12104195,0.00025453154
urn:harmonic:company:1839972,0.00025416003
urn:harmonic:company:2054183,0.00025415033
urn:harmonic:company:12185520,0.00025305743
urn:harmonic:company:11675955,0.00025265073
urn:harmonic:company:46186352,0.00025261485
urn:harmonic:company:791295,0.00025227186
urn:harmonic:company:37041643,0.0002520221
urn:harmonic:company:12706596,0.00025196729
urn:harmonic:company:662057,0.00025149016
urn:harmonic:company:1373262,0.00025136216
urn:harmonic:company:4135338,0.00025135593
urn:harmonic:company:169409,0.00024937515
urn:harmonic:company:48057447,0.00024901496
urn:harmonic:company:106359,0.00024887634
urn:harmonic:company:1906,0.00024815815
urn:harmonic:company:32492310,0.00024813614
urn:harmonic:company:106735,0.0002480924
urn:harmonic:company:1841053,0.00024787794
urn:harmonic:company:742782,0.0002477971
urn:harmonic:company:6709,0.00024771187
urn:harmonic:company:814219,0.00024675552
urn:harmonic:company:48630863,0.00024655752
urn:harmonic:company:4415106,0.00024634722
urn:harmonic:company:106283,0.0002454701
urn:harmonic:company:10323583,0.00024523475
urn:harmonic:company:52587243,0.0002451567
urn:harmonic:company:119593,0.00024513074
urn:harmonic:company:34863089,0.00024478274
urn:harmonic:company:3295169,0.0002447321
urn:harmonic:company:10656682,0.0002443304
urn:harmonic:company:13101425,0.00024413294
urn:harmonic:company:18261171,0.00024342308
urn:harmonic:company:1528511,0.00024192079
urn:harmonic:company:3747723,0.00024135219
urn:harmonic:company:2129539,0.00024126041
urn:harmonic:company:45883983,0.00024060662
urn:harmonic:company:4182578,0.0002406011
urn:harmonic:company:3613806,0.00024036679
urn:harmonic:company:4122093,0.0002396935
urn:harmonic:company:4300095,0.00023959228
urn:harmonic:company:12179199,0.00023946987
urn:harmonic:company:11000362,0.00023934752
urn:harmonic:company:1801234,0.00023890815
urn:harmonic:company:3318521,0.00023843894
urn:harmonic:company:4430176,0.00023728097
urn:harmonic:company:57966003,0.00023668738
urn:harmonic:company:5343136,0.00023664135
urn:harmonic:company:675693,0.00023650422
urn:harmonic:company:10879054,0.00023635227
urn:harmonic:company:3632684,0.00023617748
urn:harmonic:company:10721440,0.0002359506
urn:harmonic:company:142545,0.00023593576
urn:harmonic:company:4328521,0.00023494198
urn:harmonic:company:46151322,0.00023467712
urn:harmonic:company:739243,0.00023385984
urn:harmonic:company:3648404,0.00023332666
urn:harmonic:company:3183756,0.00023304363
urn:harmonic:company:3216298,0.00023282508
urn:harmonic:company:7687410,0.00023214349
urn:harmonic:company:1842336,0.00023088328
urn:harmonic:company:4187085,0.00023065621
urn:harmonic:company:49016646,0.00023034347
urn:harmonic:company:18948123,0.00023025105
urn:harmonic:company:6567271,0.0002295275
urn:harmonic:company:3676310,0.00022949839
urn:harmonic:company:649074,0.00022949795
urn:harmonic:company:5133651,0.00022906161
urn:harmonic:company:1697075,0.00022861172
urn:harmonic:company:49321422,0.00022837402
urn:harmonic:company:12867444,0.0002280707
urn:harmonic:company:6566559,0.00022769328
urn:harmonic:company:3642922,0.00022764446
urn:harmonic:company:13085965,0.00022756502
urn:harmonic:company:2253145,0.0002273926
urn:harmonic:company:3943780,0.00022712651
urn:harmonic:company:8793,0.00022693949
urn:harmonic:company:43004245,0.00022689102
urn:harmonic:company:3120849,0.00022661343
urn:harmonic:company:34752905,0.00022645207
urn:harmonic:company:12399438,0.00022603123
urn:harmonic:company:56185,0.00022539806
urn:harmonic:company:3331897,0.00022437742
urn:harmonic:company:4314408,0.00022398308
urn:harmonic:company:10813465,0.00022378219
urn:harmonic:company:1509259,0.00022370178
urn:harmonic:company:4416463,0.00022347922
urn:harmonic:company:639858,0.00022343126
urn:harmonic:company:3299244,0.00022285405
urn:harmonic:company:12481985,0.00022258097
urn:harmonic:company:1422049,0.00022244583
urn:harmonic:company:4089681,0.00022241911
urn:harmonic:company:3222640,0.00022152788
urn:harmonic:company:745482,0.00022138367
urn:harmonic:company:23886613,0.00022122204
urn:harmonic:company:12389731,0.00022063749
urn:harmonic:company:7506324,0.00022035492
urn:harmonic:company:3641649,0.0002186849
urn:harmonic:company:10686487,0.00021764774
urn:harmonic:company:10287365,0.00021697537
urn:harmonic:company:12170872,0.0002169247
urn:harmonic:company:4150549,0.00021692367
urn:harmonic:company:698871,0.00021624117
urn:harmonic:company:6619660,0.0002156747
urn:harmonic:company:105256,0.00021539337
urn:harmonic:company:733145,0.00021496357
urn:harmonic:company:796383,0.00021482646
urn:harmonic:company:6666666,0.00021470852
urn:harmonic:company:51110383,0.00021431583
urn:harmonic:company:170325,0.00021404076
urn:harmonic:company:1464548,0.00021317456
urn:harmonic:company:34847685,0.00021300754
urn:harmonic:company:4455347,0.00021238798
urn:harmonic:company:1931731,0.00021193264
urn:harmonic:company:2240193,0.00021173469
urn:harmonic:company:3449351,0.00021111139
urn:harmonic:company:4241019,0.00021103332
urn:harmonic:company:774147,0.00021067704
urn:harmonic:company:49473875,0.00021057604
urn:harmonic:company:4072236,0.00021021636
urn:harmonic:company:3439518,0.00020958392
urn:harmonic:company:7855505,0.00020935983
urn:harmonic:company:49432037,0.00020921018
urn:harmonic:company:4129818,0.00020917585
urn:harmonic:company:3330877,0.0002091009
urn:harmonic:company:2007858,0.00020879647
urn:harmonic:company:12473580,0.00020867765
urn:harmonic:company:631783,0.00020848951
urn:harmonic:company:4136303,0.00020845432
urn:harmonic:company:12766366,0.00020845432
urn:harmonic:company:3847370,0.00020836153
urn:harmonic:company:4130778,0.00020767111
urn:harmonic:company:11550512,0.00020765566
urn:harmonic:company:4395015,0.00020701575
urn:harmonic:company:1970442,0.00020665524
urn:harmonic:company:180877,0.00020665268
urn:harmonic:company:21398358,0.00020595889
urn:harmonic:company:2101412,0.00020581597
urn:harmonic:company:30132500,0.00020501003
urn:harmonic:company:800620,0.0002041905
urn:harmonic:company:41062686,0.00020402935
urn:harmonic:company:30277267,0.00020397878
urn:harmonic:company:1997449,0.00020364024
urn:harmonic:company:21485145,0.00020275466
urn:harmonic:company:4303986,0.00020255949
urn:harmonic:company:792428,0.00020223527
urn:harmonic:company:19044256,0.00020185327
urn:harmonic:company:1400369,0.00020160571
urn:harmonic:company:37541985,0.0002013863
urn:harmonic:company:11181981,0.00020114318
urn:harmonic:company:3274072,0.00020111153
urn:harmonic:company:42341701,0.00020087927
urn:harmonic:company:76073,0.00020081816
urn:harmonic:company:31046938,0.00020068245
urn:harmonic:company:1797073,0.00020057168
urn:harmonic:company:3645902,0.00020052942
urn:harmonic:company:12401703,0.00020032724
urn:harmonic:company:3373905,0.00019960881
urn:harmonic:company:4394939,0.00019945051
urn:harmonic:company:734970,0.00019926138
urn:harmonic:company:2246341,0.00019922663
urn:harmonic:company:3207074,0.00019869943
urn:harmonic:company:24096886,0.00019842698
urn:harmonic:company:4406647,0.00019780305
urn:harmonic:company:3419431,0.00019750906
urn:harmonic:company:3646641,0.0001974102
urn:harmonic:company:3328348,0.00019731461
urn:harmonic:company:7521414,0.00019731178
urn:harmonic:company:5146160,0.00019696123
urn:harmonic:company:11349678,0.00019684766
urn:harmonic:company:1695458,0.00019677595
urn:harmonic:company:1915015,0.00019624364
urn:harmonic:company:2163273,0.00019610541
urn:harmonic:company:11534898,0.00019444403
urn:harmonic:company:12872252,0.00019409264
urn:harmonic:company:11683387,0.00019395538
urn:harmonic:company:3239916,0.00019395242
urn:harmonic:company:553372,0.00019373174
urn:harmonic:company:3651787,0.00019362666
urn:harmonic:company:3120649,0.00019203973
urn:harmonic:company:56410935,0.00019190117
urn:harmonic:company:2160420,0.00019175667
urn:harmonic:company:2090488,0.00019174514
urn:harmonic:company:774268,0.00019128206
urn:harmonic:company:3328830,0.00019127349
urn:harmonic:company:18584775,0.00019100322
urn:harmonic:company:796459,0.00019100048
urn:harmonic:company:107241,0.00019096205
urn:harmonic:company:3746438,0.00019031369
urn:harmonic:company:3735885,0.00018996178
urn:harmonic:company:16284654,0.00018969644
urn:harmonic:company:1777438,0.0001889653
urn:harmonic:company:4109603,0.00018842753
urn:harmonic:company:1442954,0.00018776841
urn:harmonic:company:796419,0.00018755834
urn:harmonic:company:2115382,0.00018705828
urn:harmonic:company:12818367,0.0001867619
urn:harmonic:company:10184614,0.00018656006
urn:harmonic:company:11127160,0.00018642546
urn:harmonic:company:48566955,0.00018628401
urn:harmonic:company:106645,0.00018620712
urn:harmonic:company:3673155,0.00018599436
urn:harmonic:company:3385200,0.00018550499
urn:harmonic:company:3252967,0.00018495748
urn:harmonic:company:117063,0.00018494461
urn:harmonic:company:4112874,0.00018490176
urn:harmonic:company:4393417,0.00018489243
urn:harmonic:company:4541708,0.0001848369
urn:harmonic:company:3629314,0.00018468275
urn:harmonic:company:3690961,0.00018462184
urn:harmonic:company:10318178,0.00018454669
urn:harmonic:company:34552,0.0001842174
urn:harmonic:company:38120147,0.00018421476
urn:harmonic:company:755299,0.00018419807
urn:harmonic:company:6646730,0.00018405498
urn:harmonic:company:46836591,0.00018355463
urn:harmonic:company:16566601,0.00018332759
urn:harmonic:company:2138278,0.00018301183
urn:harmonic:company:1421988,0.00018292511
urn:harmonic:company:116996,0.00018211117
urn:harmonic:company:12789572,0.00018209433
urn:harmonic:company:4007058,0.00018190379
urn:harmonic:company:50739990,0.00018183321
urn:harmonic:company:5736666,0.00018177566
urn:harmonic:company:10683449,0.0001817514
urn:harmonic:company:6572092,0.00018142727
urn:harmonic:company:3959910,0.00018098684
urn:harmonic:company:3597372,0.0001807959
urn:harmonic:company:717293,0.00018064634
urn:harmonic:company:43371007,0.00018007452
urn:harmonic:company:5069865,0.00018004654
urn:harmonic:company:2212330,0.00017992144
urn:harmonic:company:10210455,0.00017953226
urn:harmonic:company:7135716,0.00017950161
urn:harmonic:company:10885007,0.00017933156
urn:harmonic:company:34619308,0.00017808561
urn:harmonic:company:1505223,0.00017801244
urn:harmonic:company:10640558,0.00017768344
urn:harmonic:company:46123597,0.0001776406
urn:harmonic:company:4577439,0.00017758945
urn:harmonic:company:12824288,0.0001773517
urn:harmonic:company:755043,0.00017731247
urn:harmonic:company:713103,0.00017686753
urn:harmonic:company:12967112,0.0001763756
urn:harmonic:company:12692446,0.00017633912
urn:harmonic:company:6704887,0.0001762833
urn:harmonic:company:4209590,0.00017624398
urn:harmonic:company:47116653,0.00017621172
urn:harmonic:company:48069798,0.00017604494
urn:harmonic:company:6561747,0.00017601826
urn:harmonic:company:12707159,0.00017600735
urn:harmonic:company:5062007,0.00017583274
urn:harmonic:company:31602,0.0001756737
urn:harmonic:company:2247295,0.00017546646
urn:harmonic:company:4200841,0.00017532497
urn:harmonic:company:3272163,0.00017505419
urn:harmonic:company:15469710,0.00017501446
urn:harmonic:company:107330,0.00017433923
urn:harmonic:company:4109583,0.00017431813
urn:harmonic:company:12857661,0.00017377813
urn:harmonic:company:3240126,0.00017372592
urn:harmonic:company:767250,0.000173518
urn:harmonic:company:795791,0.00017307483
urn:harmonic:company:499435,0.00017298177
urn:harmonic:company:4433140,0.00017280852
urn:harmonic:company:2244950,0.00017265238
urn:harmonic:company:1841937,0.00017243867
urn:harmonic:company:642868,0.00017237275
urn:harmonic:company:3543663,0.00017237225
urn:harmonic:company:11084545,0.00017223686
urn:harmonic:company:11482007,0.00017201563
urn:harmonic:company:3566251,0.00017189658
urn:harmonic:company:2162408,0.00017184071
urn:harmonic:company:11091186,0.00017107771
urn:harmonic:company:3196601,0.00017103986
urn:harmonic:company:4292875,0.000170922
urn:harmonic:company:774137,0.00017074445
urn:harmonic:company:34939485,0.0001703764
urn:harmonic:company:4154083,0.00017031663
urn:harmonic:company:11025486,0.00016985103
urn:harmonic:company:3625913,0.00016953552
urn:harmonic:company:726287,0.00016947942
urn:harmonic:company:757606,0.00016928319
urn:harmonic:company:12483839,0.00016900788
urn:harmonic:company:54866031,0.00016889109
urn:harmonic:company:6830492,0.00016852592
urn:harmonic:company:1838433,0.00016817694
urn:harmonic:company:3930924,0.00016790311
urn:harmonic:company:3387499,0.00016760032
urn:harmonic:company:12398898,0.00016748354
urn:harmonic:company:11575503,0.00016736126
urn:harmonic:company:4509631,0.00016728403
urn:harmonic:company:43728160,0.00016713145
urn:harmonic:company:23889704,0.00016706422
urn:harmonic:company:40786400,0.00016703045
urn:harmonic:company:3340151,0.00016687189
urn:harmonic:company:10725932,0.00016684993
urn:harmonic:company:3708645,0.00016657366
urn:harmonic:company:777269,0.00016644935
urn:harmonic:company:12824086,0.00016631212
urn:harmonic:company:1687455,0.00016624552
urn:harmonic:company:4415122,0.00016621272
urn:harmonic:company:1959976,0.0001660619
urn:harmonic:company:10275055,0.0001658951
urn:harmonic:company:13280046,0.00016565877
urn:harmonic:company:53907400,0.00016554604
urn:harmonic:company:2110368,0.000165256
urn:harmonic:company:12300350,0.00016523535
urn:harmonic:company:623077,0.00016502704
urn:harmonic:company:1574158,0.00016498064
urn:harmonic:company:766385,0.00016449823
urn:harmonic:company:6411,0.00016443503
urn:harmonic:company:10971926,0.00016415822
urn:harmonic:company:4456514,0.00016385513
urn:harmonic:company:4393933,0.00016360458
urn:harmonic:company:625259,0.00016353486
urn:harmonic:company:9750,0.0001634097
urn:harmonic:company:73022,0.00016335548
urn:harmonic:company:1448569,0.00016326376
urn:harmonic:company:12883303,0.00016316291
urn:harmonic:company:1575565,0.00016315108
urn:harmonic:company:1774043,0.00016299357
urn:harmonic:company:12404937,0.00016259155
urn:harmonic:company:73329,0.00016254782
urn:harmonic:company:49214523,0.00016204132
urn:harmonic:company:10587059,0.00016200656
urn:harmonic:company:4138518,0.00016177393
urn:harmonic:company:616779,0.00016164781
urn:harmonic:company:2120386,0.00016164272
urn:harmonic:company:12479284,0.00016163856
urn:harmonic:company:4039409,0.00016145987
urn:harmonic:company:755178,0.00016136814
urn:harmonic:company:1956316,0.00016116732
urn:harmonic:company:3879055,0.00016099744
urn:harmonic:company:11580210,0.00016088817
urn:harmonic:company:1960723,0.00016086362
urn:harmonic:company:6574628,0.00016076335
urn:harmonic:company:12175198,0.00016020969
urn:harmonic:company:8731,0.00016018526
urn:harmonic:company:3240085,0.00016014616
urn:harmonic:company:2213599,0.00016008005
urn:harmonic:company:819426,0.00015990049
urn:harmonic:company:1449124,0.00015968033
urn:harmonic:company:13199766,0.00015948815
urn:harmonic:company:3212877,0.00015937124
urn:harmonic:company:18628581,0.00015918973
urn:harmonic:company:4488346,0.00015867813
urn:harmonic:company:622733,0.00015853143
urn:harmonic:company:1448182,0.00015829715
urn:harmonic:company:1911,0.00015826062
urn:harmonic:company:753832,0.000158122
urn:harmonic:company:3091377,0.00015779141
urn:harmonic:company:10748939,0.0001575139
urn:harmonic:company:41559787,0.0001574711
urn:harmonic:company:1723030,0.00015738134
urn:harmonic:company:11692783,0.00015734606
urn:harmonic:company:813874,0.00015722128
urn:harmonic:company:1605635,0.00015678475
urn:harmonic:company:37152934,0.0001562676
urn:harmonic:company:3330518,0.00015607431
urn:harmonic:company:3511590,0.00015607431
urn:harmonic:company:636776,0.00015598444
urn:harmonic:company:609013,0.00015585867
urn:harmonic:company:4535718,0.00015571546
urn:harmonic:company:10628409,0.00015551796
urn:harmonic:company:2138622,0.00015516677
urn:harmonic:company:12986040,0.00015452493
urn:harmonic:company:11084248,0.00015433188
urn:harmonic:company:4312247,0.00015424243
urn:harmonic:company:1565076,0.00015388048
urn:harmonic:company:37018296,0.00015381123
urn:harmonic:company:1830804,0.00015370757
urn:harmonic:company:4902504,0.00015349653
urn:harmonic:company:1373068,0.00015341137
urn:harmonic:company:1963745,0.00015326997
urn:harmonic:company:3613619,0.00015306711
urn:harmonic:company:10259456,0.0001527561
urn:harmonic:company:10919936,0.0001526648
urn:harmonic:company:1777715,0.00015207856
urn:harmonic:company:619357,0.00015079773
urn:harmonic:company:10843022,0.00015035407
urn:harmonic:company:1839554,0.00015001424
urn:harmonic:company:32649,0.00014985442
urn:harmonic:company:4467387,0.00014958202
urn:harmonic:company:4178771,0.00014943247
urn:harmonic:company:4534904,0.00014925092
urn:harmonic:company:749813,0.00014914564
urn:harmonic:company:1450113,0.00014913881
urn:harmonic:company:654079,0.00014906787
urn:harmonic:company:43431940,0.00014892778
urn:harmonic:company:3965517,0.00014874201
urn:harmonic:company:727186,0.00014865551
urn:harmonic:company:652098,0.00014833975
urn:harmonic:company:3183332,0.0001477694
urn:harmonic:company:6484,0.00014708059
urn:harmonic:company:6572048,0.00014705984
urn:harmonic:company:10883438,0.00014703473
urn:harmonic:company:123184,0.00014700992
urn:harmonic:company:2199175,0.00014687906
urn:harmonic:company:1449089,0.00014652738
urn:harmonic:company:10734118,0.00014619593
urn:harmonic:company:20636886,0.00014574149
urn:harmonic:company:2178418,0.0001456252
urn:harmonic:company:796344,0.00014553957
urn:harmonic:company:1835340,0.00014538185
urn:harmonic:company:1909,0.00014521324
urn:harmonic:company:684273,0.0001451032
urn:harmonic:company:11023931,0.00014468623
urn:harmonic:company:55634405,0.00014427913
urn:harmonic:company:19021155,0.00014421943
urn:harmonic:company:4588230,0.00014403473
urn:harmonic:company:10229055,0.0001437655
urn:harmonic:company:631811,0.00014363807
urn:harmonic:company:11209861,0.00014355879
urn:harmonic:company:11072094,0.00014349598
urn:harmonic:company:34827683,0.00014316305
urn:harmonic:company:4325500,0.00014293402
urn:harmonic:company:31697,0.00014284982
urn:harmonic:company:11581569,0.00014284083
urn:harmonic:company:19446252,0.00014278841
urn:harmonic:company:55841807,0.00014278405
urn:harmonic:company:7327390,0.00014275587
urn:harmonic:company:3316716,0.00014256733
urn:harmonic:company:4357630,0.00014250168
urn:harmonic:company:781553,0.00014239723
urn:harmonic:company:1416537,0.00014232623
urn:harmonic:company:624991,0.0001422329
urn:harmonic:company:1991689,0.00014221485
urn:harmonic:company:3216849,0.0001421224
urn:harmonic:company:18926943,0.00014180847
urn:harmonic:company:3236253,0.00014175427
urn:harmonic:company:72403,0.00014162267
urn:harmonic:company:6843691,0.00014159418
urn:harmonic:company:20380355,0.00014159027
urn:harmonic:company:10704742,0.00014106254
urn:harmonic:company:1225680,0.00014071674
urn:harmonic:company:4508852,0.00014028615
urn:harmonic:company:6561637,0.00014023666
urn:harmonic:company:12183904,0.00014019509
urn:harmonic:company:4817125,0.00014018238
urn:harmonic:company:32695,0.00014016608
urn:harmonic:company:4117754,0.00014009124
urn:harmonic:company:5073907,0.00013993465
urn:harmonic:company:6531101,0.00013979475
urn:harmonic:company:4297736,0.00013958987
urn:harmonic:company:1984298,0.00013947306
urn:harmonic:company:2137898,0.00013914787
urn:harmonic:company:12777856,0.00013905688
urn:harmonic:company:6724655,0.00013904535
urn:harmonic:company:1839963,0.00013879764
urn:harmonic:company:11313808,0.0001386836
urn:harmonic:company:11125538,0.00013864473
urn:harmonic:company:11681315,0.00013857348
urn:harmonic:company:4185618,0.00013853029
urn:harmonic:company:3685410,0.00013845025
urn:harmonic:company:42126942,0.00013832859
urn:harmonic:company:800812,0.00013830246
urn:harmonic:company:4953862,0.00013823286
urn:harmonic:company:793610,0.00013805016
urn:harmonic:company:3224466,0.00013794187
urn:harmonic:company:729423,0.00013771739
urn:harmonic:company:1672115,0.00013759008
urn:harmonic:company:12579364,0.00013726547
urn:harmonic:company:4067037,0.00013652247
urn:harmonic:company:1815973,0.00013648772
urn:harmonic:company:37605195,0.000136466
urn:harmonic:company:3872515,0.00013613042
urn:harmonic:company:765909,0.00013605955
urn:harmonic:company:11023884,0.00013605009
urn:harmonic:company:1804360,0.00013603854
urn:harmonic:company:11269106,0.00013596695
urn:harmonic:company:2106978,0.00013582481
urn:harmonic:company:3252629,0.00013566029
urn:harmonic:company:21004552,0.00013565499
urn:harmonic:company:634507,0.00013559085
urn:harmonic:company:6810813,0.00013528168
urn:harmonic:company:49213989,0.0001351414
urn:harmonic:company:1841930,0.00013510158
urn:harmonic:company:680623,0.00013463809
urn:harmonic:company:624188,0.00013450772
urn:harmonic:company:1691428,0.00013441617
urn:harmonic:company:3677715,0.00013441195
urn:harmonic:company:792892,0.00013417492
urn:harmonic:company:1671966,0.00013400013
urn:harmonic:company:11274174,0.00013393229
urn:harmonic:company:10458220,0.0001339056
urn:harmonic:company:3075916,0.0001337155
urn:harmonic:company:48154758,0.00013351903
urn:harmonic:company:484063,0.00013325104
urn:harmonic:company:1702506,0.00013306248
urn:harmonic:company:672080,0.00013296724
urn:harmonic:company:6812915,0.0001329486
urn:harmonic:company:3647338,0.0001329022
urn:harmonic:company:4119701,0.00013258791
urn:harmonic:company:3119140,0.00013258134
urn:harmonic:company:11464498,0.00013235371
urn:harmonic:company:7569682,0.00013234199
urn:harmonic:company:3823516,0.00013224245
urn:harmonic:company:1691969,0.00013209764
urn:harmonic:company:4155165,0.00013195438
urn:harmonic:company:3249254,0.0001318437
urn:harmonic:company:2218651,0.0001317184
urn:harmonic:company:1961863,0.00013160253
urn:harmonic:company:645013,0.00013147597
urn:harmonic:company:53597776,0.00013142847
urn:harmonic:company:767529,0.00013141218
urn:harmonic:company:105990,0.0001313071
urn:harmonic:company:43635425,0.00013109916
urn:harmonic:company:2042825,0.00013043753
urn:harmonic:company:11225294,0.00013036728
urn:harmonic:company:11294779,0.00013022005
urn:harmonic:company:3609715,0.0001301925
urn:harmonic:company:1841249,0.00013018778
urn:harmonic:company:6704769,0.00013007845
urn:harmonic:company:37116305,0.00012991334
urn:harmonic:company:1639181,0.00012981861
urn:harmonic:company:49930,0.00012968486
urn:harmonic:company:10198386,0.00012904439
urn:harmonic:company:1811482,0.00012879091
urn:harmonic:company:9665,0.00012871357
urn:harmonic:company:11324343,0.00012868817
urn:harmonic:company:7934962,0.00012846565
urn:harmonic:company:52462236,0.00012839204
urn:harmonic:company:672660,0.00012805006
urn:harmonic:company:4639409,0.00012803821
urn:harmonic:company:1941023,0.00012776734
urn:harmonic:company:12876761,0.00012764653
urn:harmonic:company:1372595,0.00012763668
urn:harmonic:company:6655309,0.00012753668
urn:harmonic:company:632260,0.0001274765
urn:harmonic:company:813686,0.00012740005
urn:harmonic:company:4438141,0.00012736543
urn:harmonic:company:1449453,0.00012725631
urn:harmonic:company:3247881,0.0001271355
urn:harmonic:company:6119119,0.00012696807
urn:harmonic:company:4037273,0.00012683339
urn:harmonic:company:4199341,0.00012673112
urn:harmonic:company:4003683,0.0001267282
urn:harmonic:company:2178287,0.00012669427
urn:harmonic:company:4117998,0.00012662566
urn:harmonic:company:1905062,0.0001263444
urn:harmonic:company:4189946,0.000125983
urn:harmonic:company:4138399,0.0001259328
urn:harmonic:company:19796182,0.0001256635
urn:harmonic:company:3641107,0.00012563127
urn:harmonic:company:4286547,0.00012547839
urn:harmonic:company:687200,0.00012537732
urn:harmonic:company:18284356,0.00012522702
urn:harmonic:company:687164,0.0001251277
urn:harmonic:company:793291,0.00012480393
urn:harmonic:company:11293643,0.00012475302
urn:harmonic:company:3169585,0.00012472994
urn:harmonic:company:5113027,0.00012429336
urn:harmonic:company:746300,0.000123972
urn:harmonic:company:3273174,0.00012387475
urn:harmonic:company:1690822,0.00012356389
urn:harmonic:company:3230376,0.00012342153
urn:harmonic:company:337374,0.0001234154
urn:harmonic:company:3712330,0.00012337223
urn:harmonic:company:4305867,0.00012336363
urn:harmonic:company:12456672,0.00012330612
urn:harmonic:company:3222708,0.00012329331
urn:harmonic:company:745190,0.00012329248
urn:harmonic:company:9419,0.00012312084
urn:harmonic:company:10813636,0.00012278893
urn:harmonic:company:696165,0.00012275053
urn:harmonic:company:57375180,0.00012259436
urn:harmonic:company:201123,0.00012254762
urn:harmonic:company:1426212,0.00012251432
urn:harmonic:company:17914838,0.00012224719
urn:harmonic:company:10746629,0.00012219835
urn:harmonic:company:12706522,0.00012219603
urn:harmonic:company:635501,0.00012183291
urn:harmonic:company:1565528,0.000121636265
urn:harmonic:company:3275514,0.0001216256
urn:harmonic:company:48599260,0.00012148199
urn:harmonic:company:10215418,0.00012111902
urn:harmonic:company:170467,0.00012089783
urn:harmonic:company:3867990,0.0001206654
urn:harmonic:company:4295349,0.000120449855
urn:harmonic:company:3187386,0.00012027379
urn:harmonic:company:588211,0.00012022083
urn:harmonic:company:1449081,0.000120195145
urn:harmonic:company:4098870,0.000120192504
urn:harmonic:company:44424,0.00012012467
urn:harmonic:company:781877,0.000120055054
urn:harmonic:company:1842016,0.00011995824
urn:harmonic:company:36768312,0.00011992164
urn:harmonic:company:34658834,0.000119914905
urn:harmonic:company:12818149,0.00011988288
urn:harmonic:company:10175895,0.000119650824
urn:harmonic:company:2220967,0.00011952891
urn:harmonic:company:37268813,0.00011943584
urn:harmonic:company:21568474,0.000119391305
urn:harmonic:company:3371973,0.00011929447
urn:harmonic:company:5213829,0.00011918213
urn:harmonic:company:2178636,0.00011914656
urn:harmonic:company:24735735,0.00011913112
urn:harmonic:company:10557719,0.00011907478
urn:harmonic:company:44336418,0.00011892578
urn:harmonic:company:3291234,0.000118786396
urn:harmonic:company:10236208,0.00011877041
urn:harmonic:company:106094,0.00011875399
urn:harmonic:company:75200,0.00011862509
urn:harmonic:company:18971964,0.00011808573
urn:harmonic:company:1541657,0.000117976444
urn:harmonic:company:4411407,0.00011792527
urn:harmonic:company:1428919,0.00011775223
urn:harmonic:company:7326671,0.00011763988
urn:harmonic:company:18477070,0.000117550735
urn:harmonic:company:4058952,0.00011750378
urn:harmonic:company:477901,0.00011745247
urn:harmonic:company:4520186,0.00011734736
urn:harmonic:company:4221527,0.00011700902
urn:harmonic:company:3328780,0.000116884345
urn:harmonic:company:9365,0.00011682595
urn:harmonic:company:3068443,0.00011664896
urn:harmonic:company:4911543,0.00011646823
urn:harmonic:company:2126480,0.00011636023
urn:harmonic:company:11677033,0.00011617153
urn:harmonic:company:34685300,0.000115756964
urn:harmonic:company:2138404,0.000115634066
urn:harmonic:company:10937395,0.000115581475
urn:harmonic:company:6220377,0.00011516254
urn:harmonic:company:1491213,0.000115116105
urn:harmonic:company:6704852,0.00011507111
urn:harmonic:company:18191255,0.00011499126
urn:harmonic:company:2107448,0.00011486337
urn:harmonic:company:11075434,0.00011480632
urn:harmonic:company:1690823,0.00011479526
urn:harmonic:company:4514093,0.00011460374
urn:harmonic:company:1663276,0.00011457959
urn:harmonic:company:1837526,0.0001145039
urn:harmonic:company:10187451,0.000114492876
urn:harmonic:company:48940966,0.000114401315
urn:harmonic:company:36962758,0.000114358336
urn:harmonic:company:4421904,0.00011435572
urn:harmonic:company:3254150,0.00011400481
urn:harmonic:company:1678493,0.00011359494
urn:harmonic:company:2153,0.00011354816
urn:harmonic:company:3225128,0.00011350054
urn:harmonic:company:3362883,0.0001133637
urn:harmonic:company:695774,0.000113269474
urn:harmonic:company:12523787,0.00011318763
urn:harmonic:company:1837684,0.00011303135
urn:harmonic:company:2237328,0.000112975635
urn:harmonic:company:1407759,0.000112893686
urn:harmonic:company:10624818,0.00011288002
urn:harmonic:company:2085954,0.00011287808
urn:harmonic:company:170050,0.000112775444
urn:harmonic:company:2163466,0.00011244878
urn:harmonic:company:12584742,0.00011241426
urn:harmonic:company:11012449,0.00011239861
urn:harmonic:company:12499539,0.000112316106
urn:harmonic:company:3215707,0.000112313115
urn:harmonic:company:12418608,0.00011229373
urn:harmonic:company:745619,0.00011212692
urn:harmonic:company:1415665,0.000112099005
urn:harmonic:company:699087,0.000112091206
urn:harmonic:company:3259091,0.000112068876
urn:harmonic:company:1770,0.00011204377
urn:harmonic:company:12455895,0.00011176909
urn:harmonic:company:751426,0.00011171667
urn:harmonic:company:1479534,0.00011162637
urn:harmonic:company:3092479,0.000111541034
urn:harmonic:company:10152561,0.00011137777
urn:harmonic:company:1477901,0.000111351976
urn:harmonic:company:1550961,0.000111274065
urn:harmonic:company:34817648,0.00011125104
urn:harmonic:company:75264,0.00011124521
urn:harmonic:company:3249926,0.00011116079
urn:harmonic:company:34580096,0.00011112794
urn:harmonic:company:4058344,0.00011108365
urn:harmonic:company:12412714,0.00011088893
urn:harmonic:company:6359,0.00011087211
urn:harmonic:company:3694455,0.00011055518
urn:harmonic:company:3766602,0.00011055413
urn:harmonic:company:175657,0.0001105359
urn:harmonic:company:3597485,0.00011017117
urn:harmonic:company:6835613,0.00011012852
urn:harmonic:company:3740657,0.00011009019
urn:harmonic:company:51549897,0.00010988295
urn:harmonic:company:3673601,0.00010986661
urn:harmonic:company:4462159,0.000109755616
urn:harmonic:company:3291114,0.00010973385
urn:harmonic:company:107221,0.00010968301
urn:harmonic:company:18910788,0.000109520275
urn:harmonic:company:4533639,0.00010945347
urn:harmonic:company:17346748,0.00010939586
urn:harmonic:company:4179696,0.00010935163
urn:harmonic:company:4164445,0.00010931932
urn:harmonic:company:793639,0.000109087
urn:harmonic:company:802372,0.00010905392
urn:harmonic:company:10122153,0.000108862136
urn:harmonic:company:793668,0.00010885538
urn:harmonic:company:4317818,0.0001086374
urn:harmonic:company:160323,0.000108583445
urn:harmonic:company:1449399,0.000108513064
urn:harmonic:company:34834117,0.00010840592
urn:harmonic:company:3333979,0.000108397035
urn:harmonic:company:4211838,0.00010835683
urn:harmonic:company:34961185,0.000108199674
urn:harmonic:company:3218429,0.00010786241
urn:harmonic:company:11409668,0.00010785377
urn:harmonic:company:3185233,0.00010779383
urn:harmonic:company:769895,0.0001076298
urn:harmonic:company:3222587,0.00010761594
urn:harmonic:company:683599,0.00010760127
urn:harmonic:company:4433326,0.00010738725
urn:harmonic:company:3065400,0.000107344546
urn:harmonic:company:4496806,0.000107339845
urn:harmonic:company:8872,0.00010725512
urn:harmonic:company:3631008,0.00010715667
urn:harmonic:company:12585938,0.00010715054
urn:harmonic:company:6572211,0.00010709774
urn:harmonic:company:10269757,0.00010709548
urn:harmonic:company:1777770,0.00010703311
urn:harmonic:company:46997198,0.00010697281
urn:harmonic:company:635991,0.000106889085
urn:harmonic:company:1580460,0.00010684568
urn:harmonic:company:37004640,0.00010677306
urn:harmonic:company:3222733,0.00010675983
urn:harmonic:company:3675105,0.00010667547
urn:harmonic:company:12968129,0.00010664047
urn:harmonic:company:3637872,0.000106631225
urn:harmonic:company:580122,0.00010661861
urn:harmonic:company:3216415,0.00010660052
urn:harmonic:company:4309379,0.000106391126
urn:harmonic:company:3309144,0.000106336345
urn:harmonic:company:679432,0.00010629853
urn:harmonic:company:12455395,0.00010620765
urn:harmonic:company:740215,0.00010619307
urn:harmonic:company:12481227,0.00010610754
urn:harmonic:company:21586073,0.000106041385
urn:harmonic:company:800827,0.00010604017
urn:harmonic:company:736248,0.00010599387
urn:harmonic:company:2172980,0.00010586771
urn:harmonic:company:4273564,0.00010583883
urn:harmonic:company:19198201,0.000105736144
urn:harmonic:company:342576,0.00010550822
urn:harmonic:company:711930,0.000105464664
urn:harmonic:company:10596182,0.00010525749
urn:harmonic:company:737718,0.00010522417
urn:harmonic:company:674259,0.00010519076
urn:harmonic:company:6018897,0.00010514965
urn:harmonic:company:4206686,0.00010514875
urn:harmonic:company:782078,0.000105131905
urn:harmonic:company:2939610,0.00010497363
urn:harmonic:company:640958,0.00010495491
urn:harmonic:company:47115638,0.00010488707
urn:harmonic:company:4289939,0.00010462985
urn:harmonic:company:12886305,0.00010461189
urn:harmonic:company:4146523,0.000104611594
urn:harmonic:company:4104519,0.000104500024
urn:harmonic:company:40969422,0.000104351755
urn:harmonic:company:3203649,0.00010420121
urn:harmonic:company:3596810,0.00010408154
urn:harmonic:company:4066204,0.00010407588
urn:harmonic:company:44052665,0.00010396905
urn:harmonic:company:106330,0.00010394932
urn:harmonic:company:12174361,0.00010380015
urn:harmonic:company:4026245,0.00010373297
urn:harmonic:company:11683426,0.000103576
urn:harmonic:company:11361107,0.00010357225
urn:harmonic:company:679032,0.00010356208
urn:harmonic:company:55897647,0.00010344778
urn:harmonic:company:1464614,0.00010344542
urn:harmonic:company:6602889,0.00010326053
urn:harmonic:company:1694155,0.00010293757
urn:harmonic:company:3885068,0.00010292884
urn:harmonic:company:55981280,0.000102883896
urn:harmonic:company:708298,0.000102511265
urn:harmonic:company:9488540,0.00010245987
urn:harmonic:company:5021267,0.00010241405
urn:harmonic:company:4122488,0.000102386424
urn:harmonic:company:654851,0.00010235909
urn:harmonic:company:1372997,0.00010230824
urn:harmonic:company:2161895,0.00010227888
urn:harmonic:company:42948992,0.00010216601
urn:harmonic:company:663694,0.00010197854
urn:harmonic:company:3745012,0.0001019695
urn:harmonic:company:10889888,0.00010189116
urn:harmonic:company:4108288,0.00010186289
urn:harmonic:company:11585573,0.000101831414
urn:harmonic:company:6628916,0.00010181986
urn:harmonic:company:8502835,0.00010167908
urn:harmonic:company:1449246,0.000101662015
urn:harmonic:company:3577884,0.00010163779
urn:harmonic:company:696980,0.00010162606
urn:harmonic:company:12523307,0.000101600664
urn:harmonic:company:10779805,0.00010151603
urn:harmonic:company:6698602,0.00010130831
urn:harmonic:company:636771,0.00010128069
urn:harmonic:company:10681140,0.000101227095
urn:harmonic:company:4148866,0.000100868456
urn:harmonic:company:7686508,0.0001008298
urn:harmonic:company:8612160,0.00010076732
urn:harmonic:company:7422756,0.00010065169
urn:harmonic:company:18425282,0.00010064324
urn:harmonic:company:10961999,0.000100622136
urn:harmonic:company:639556,0.0001006159
urn:harmonic:company:749091,0.00010044862
urn:harmonic:company:44878701,0.00010038465
urn:harmonic:company:42739141,0.00010017971
urn:harmonic:company:12739654,0.00010009159
urn:harmonic:company:751853,9.9902216e-05
urn:harmonic:company:7497409,9.987116e-05
urn:harmonic:company:4411603,9.9787765e-05
urn:harmonic:company:4296728,9.959327e-05
urn:harmonic:company:12756099,9.923701e-05
urn:harmonic:company:603483,9.919236e-05
urn:harmonic:company:20542536,9.90213e-05
urn:harmonic:company:47250223,9.896419e-05
urn:harmonic:company:18206063,9.893805e-05
urn:harmonic:company:3185663,9.892324e-05
urn:harmonic:company:916,9.889806e-05
urn:harmonic:company:12842884,9.8812176e-05
urn:harmonic:company:794686,9.880832e-05
urn:harmonic:company:12886277,9.8720455e-05
urn:harmonic:company:1836823,9.8716686e-05
urn:harmonic:company:18705299,9.871e-05
urn:harmonic:company:652617,9.8689765e-05
urn:harmonic:company:678336,9.868948e-05
urn:harmonic:company:3577554,9.860886e-05
urn:harmonic:company:1442569,9.860313e-05
urn:harmonic:company:10556558,9.857313e-05
urn:harmonic:company:8148606,9.848087e-05
urn:harmonic:company:12825568,9.847449e-05
urn:harmonic:company:793192,9.834931e-05
urn:harmonic:company:4386354,9.832745e-05
urn:harmonic:company:3152194,9.82268e-05
urn:harmonic:company:56724997,9.8202734e-05
urn:harmonic:company:2123898,9.8024044e-05
urn:harmonic:company:796044,9.799376e-05
urn:harmonic:company:56678874,9.795685e-05
urn:harmonic:company:1836331,9.783997e-05
urn:harmonic:company:12889376,9.777748e-05
urn:harmonic:company:593089,9.772463e-05
urn:harmonic:company:2085,9.757351e-05
urn:harmonic:company:615919,9.750877e-05
urn:harmonic:company:11501242,9.735704e-05
urn:harmonic:company:679909,9.735064e-05
urn:harmonic:company:12584507,9.72406e-05
urn:harmonic:company:1657,9.7219454e-05
urn:harmonic:company:1778057,9.718378e-05
urn:harmonic:company:553589,9.705643e-05
urn:harmonic:company:795582,9.704182e-05
urn:harmonic:company:736405,9.696087e-05
urn:harmonic:company:9565213,9.693989e-05
urn:harmonic:company:12401558,9.693203e-05
urn:harmonic:company:656238,9.68655e-05
urn:harmonic:company:768269,9.6825795e-05
urn:harmonic:company:204603,9.6776595e-05
urn:harmonic:company:4514640,9.6621676e-05
urn:harmonic:company:6823623,9.641027e-05
urn:harmonic:company:37700240,9.640954e-05
urn:harmonic:company:1623034,9.624025e-05
urn:harmonic:company:3182211,9.613092e-05
urn:harmonic:company:50227389,9.612973e-05
urn:harmonic:company:1495910,9.608373e-05
urn:harmonic:company:3240837,9.60829e-05
urn:harmonic:company:43689180,9.572733e-05
urn:harmonic:company:5963272,9.560198e-05
urn:harmonic:company:3901151,9.531407e-05
urn:harmonic:company:794796,9.5185096e-05
urn:harmonic:company:1430197,9.517547e-05
urn:harmonic:company:3579684,9.4829855e-05
urn:harmonic:company:10523654,9.462056e-05
urn:harmonic:company:3250978,9.4612085e-05
urn:harmonic:company:9292894,9.4564464e-05
urn:harmonic:company:1477946,9.441876e-05
urn:harmonic:company:3882492,9.441813e-05
urn:harmonic:company:47237207,9.4261326e-05
urn:harmonic:company:4121976,9.412121e-05
urn:harmonic:company:757693,9.409232e-05
urn:harmonic:company:4325305,9.3990624e-05
urn:harmonic:company:3075749,9.394251e-05
urn:harmonic:company:10967960,9.366431e-05
urn:harmonic:company:44232143,9.349771e-05
urn:harmonic:company:5145704,9.347703e-05
urn:harmonic:company:3331742,9.337315e-05
urn:harmonic:company:776184,9.325498e-05
urn:harmonic:company:4298570,9.316477e-05
urn:harmonic:company:12882648,9.314211e-05
urn:harmonic:company:11238216,9.312542e-05
urn:harmonic:company:2086189,9.308564e-05
urn:harmonic:company:6655437,9.3067625e-05
urn:harmonic:company:3127005,9.293637e-05
urn:harmonic:company:3054534,9.28199e-05
urn:harmonic:company:796418,9.281698e-05
urn:harmonic:company:1842925,9.280857e-05
urn:harmonic:company:45943900,9.273948e-05
urn:harmonic:company:9845,9.2654e-05
urn:harmonic:company:4510633,9.2576985e-05
urn:harmonic:company:1464603,9.243373e-05
urn:harmonic:company:50862518,9.238342e-05
urn:harmonic:company:3361223,9.223914e-05
urn:harmonic:company:766072,9.213365e-05
urn:harmonic:company:10574587,9.210378e-05
urn:harmonic:company:2161499,9.2098606e-05
urn:harmonic:company:2107623,9.205418e-05
urn:harmonic:company:41023497,9.203276e-05
urn:harmonic:company:10781,9.197916e-05
urn:harmonic:company:10719196,9.196442e-05
urn:harmonic:company:12524079,9.1839895e-05
urn:harmonic:company:11023360,9.1777205e-05
urn:harmonic:company:12887072,9.171754e-05
urn:harmonic:company:1447966,9.1646725e-05
urn:harmonic:company:11256365,9.159902e-05
urn:harmonic:company:18704280,9.1581634e-05
urn:harmonic:company:12845562,9.145762e-05
urn:harmonic:company:1592383,9.143591e-05
urn:harmonic:company:1895238,9.14149e-05
urn:harmonic:company:5149437,9.137516e-05
urn:harmonic:company:2107655,9.133674e-05
urn:harmonic:company:3507132,9.119131e-05
urn:harmonic:company:47184280,9.1148104e-05
urn:harmonic:company:1478396,9.113525e-05
urn:harmonic:company:34568726,9.1122645e-05
urn:harmonic:company:10215710,9.10978e-05
urn:harmonic:company:3332713,9.077504e-05
urn:harmonic:company:9277,9.0696216e-05
urn:harmonic:company:3373266,9.067926e-05
urn:harmonic:company:802784,9.0652546e-05
urn:harmonic:company:9896648,9.060942e-05
urn:harmonic:company:688754,9.058592e-05
urn:harmonic:company:1543388,9.0519774e-05
urn:harmonic:company:680821,9.038746e-05
urn:harmonic:company:46726757,9.025155e-05
urn:harmonic:company:10857897,9.020045e-05
urn:harmonic:company:1805744,9.014937e-05
urn:harmonic:company:18255234,9.010184e-05
urn:harmonic:company:4119993,9.006095e-05
urn:harmonic:company:1016361,9.002232e-05
urn:harmonic:company:2038157,9.0005495e-05
urn:harmonic:company:678147,8.9988156e-05
urn:harmonic:company:12590539,8.994346e-05
urn:harmonic:company:12867184,8.987127e-05
urn:harmonic:company:12861306,8.963753e-05
urn:harmonic:company:158073,8.95714e-05
urn:harmonic:company:12956350,8.95205e-05
urn:harmonic:company:49601003,8.939109e-05
urn:harmonic:company:12174181,8.933213e-05
urn:harmonic:company:10512578,8.92383e-05
urn:harmonic:company:2140591,8.9228255e-05
urn:harmonic:company:10781914,8.913641e-05
urn:harmonic:company:19020492,8.9126464e-05
urn:harmonic:company:3236347,8.907633e-05
urn:harmonic:company:9841790,8.9070134e-05
urn:harmonic:company:12892816,8.8978624e-05
urn:harmonic:company:2067369,8.876811e-05
urn:harmonic:company:1955,8.863836e-05
urn:harmonic:company:3372183,8.839896e-05
urn:harmonic:company:616326,8.824778e-05
urn:harmonic:company:4468255,8.7987544e-05
urn:harmonic:company:169576,8.786413e-05
urn:harmonic:company:1838058,8.785751e-05
urn:harmonic:company:11560637,8.784419e-05
urn:harmonic:company:615325,8.772624e-05
urn:harmonic:company:4964751,8.771996e-05
urn:harmonic:company:1449234,8.763786e-05
urn:harmonic:company:1489751,8.7400345e-05
urn:harmonic:company:3499381,8.734885e-05
urn:harmonic:company:755525,8.73023e-05
urn:harmonic:company:2250277,8.726518e-05
urn:harmonic:company:3167126,8.7246124e-05
urn:harmonic:company:11366803,8.7182336e-05
urn:harmonic:company:1730166,8.715923e-05
urn:harmonic:company:36737264,8.714884e-05
urn:harmonic:company:4298034,8.714634e-05
urn:harmonic:company:5147860,8.7107626e-05
urn:harmonic:company:2189567,8.706519e-05
urn:harmonic:company:1431160,8.702925e-05
urn:harmonic:company:4622651,8.701457e-05
urn:harmonic:company:47541121,8.6958404e-05
urn:harmonic:company:1837165,8.687643e-05
urn:harmonic:company:4295833,8.68149e-05
urn:harmonic:company:6755975,8.677658e-05
urn:harmonic:company:3177962,8.670982e-05
urn:harmonic:company:3629020,8.6577544e-05
urn:harmonic:company:635884,8.655212e-05
urn:harmonic:company:2239501,8.6413245e-05
urn:harmonic:company:4393077,8.632668e-05
urn:harmonic:company:3119687,8.632174e-05
urn:harmonic:company:1483,8.628545e-05
urn:harmonic:company:4426031,8.613821e-05
urn:harmonic:company:4393218,8.6125154e-05
urn:harmonic:company:4097293,8.605323e-05
urn:harmonic:company:793561,8.6008775e-05
urn:harmonic:company:2213691,8.594712e-05
urn:harmonic:company:117327,8.588157e-05
urn:harmonic:company:11677074,8.58097e-05
urn:harmonic:company:4535973,8.579391e-05
urn:harmonic:company:2092807,8.576766e-05
urn:harmonic:company:294042,8.57248e-05
urn:harmonic:company:11288050,8.5664906e-05
urn:harmonic:company:10830408,8.5613945e-05
urn:harmonic:company:620054,8.5607666e-05
urn:harmonic:company:10957451,8.557183e-05
urn:harmonic:company:2256320,8.5545646e-05
urn:harmonic:company:211994,8.554238e-05
urn:harmonic:company:778734,8.553202e-05
urn:harmonic:company:36729942,8.546769e-05
urn:harmonic:company:2171327,8.542198e-05
urn:harmonic:company:681385,8.540496e-05
urn:harmonic:company:1684300,8.539909e-05
urn:harmonic:company:773568,8.535953e-05
urn:harmonic:company:6752032,8.525939e-05
urn:harmonic:company:4298306,8.5133615e-05
urn:harmonic:company:3070205,8.5088e-05
urn:harmonic:company:3477326,8.501096e-05
urn:harmonic:company:11132551,8.497724e-05
urn:harmonic:company:2138135,8.491576e-05
urn:harmonic:company:3363274,8.488394e-05
urn:harmonic:company:4270133,8.47239e-05
urn:harmonic:company:1816112,8.466833e-05
urn:harmonic:company:3414295,8.4659376e-05
urn:harmonic:company:10170955,8.464872e-05
urn:harmonic:company:3981325,8.460724e-05
urn:harmonic:company:46727782,8.4594736e-05
urn:harmonic:company:48387059,8.456231e-05
urn:harmonic:company:3293657,8.4522326e-05
urn:harmonic:company:10503767,8.45166e-05
urn:harmonic:company:34953528,8.444764e-05
urn:harmonic:company:646202,8.4426465e-05
urn:harmonic:company:2232328,8.436586e-05
urn:harmonic:company:3927568,8.436586e-05
urn:harmonic:company:10638,8.43501e-05
urn:harmonic:company:4294573,8.434857e-05
urn:harmonic:company:776638,8.433875e-05
urn:harmonic:company:637102,8.406287e-05
urn:harmonic:company:34485834,8.395696e-05
urn:harmonic:company:438629,8.385935e-05
urn:harmonic:company:75790,8.380586e-05
urn:harmonic:company:3280286,8.3716564e-05
urn:harmonic:company:6513426,8.3689345e-05
urn:harmonic:company:2134783,8.356008e-05
urn:harmonic:company:4123594,8.35416e-05
urn:harmonic:company:13537860,8.3425366e-05
urn:harmonic:company:10765391,8.3403414e-05
urn:harmonic:company:10961282,8.330207e-05
urn:harmonic:company:3100676,8.328078e-05
urn:harmonic:company:7558298,8.3271254e-05
urn:harmonic:company:1892468,8.3266095e-05
urn:harmonic:company:781569,8.311441e-05
urn:harmonic:company:6510055,8.304145e-05
urn:harmonic:company:4299287,8.304074e-05
urn:harmonic:company:11576085,8.29411e-05
urn:harmonic:company:3442354,8.291026e-05
urn:harmonic:company:720264,8.268942e-05
urn:harmonic:company:45985541,8.267199e-05
urn:harmonic:company:2176090,8.266498e-05
urn:harmonic:company:3283606,8.2659695e-05
urn:harmonic:company:1676386,8.257382e-05
urn:harmonic:company:773030,8.252391e-05
urn:harmonic:company:10542091,8.2425606e-05
urn:harmonic:company:8915,8.236275e-05
urn:harmonic:company:10198546,8.2320425e-05
urn:harmonic:company:606847,8.231116e-05
urn:harmonic:company:16106915,8.2253486e-05
urn:harmonic:company:4265200,8.220189e-05
urn:harmonic:company:2245871,8.217814e-05
urn:harmonic:company:6669227,8.210616e-05
urn:harmonic:company:4108639,8.209583e-05
urn:harmonic:company:46198872,8.209457e-05
urn:harmonic:company:604842,8.208628e-05
urn:harmonic:company:617343,8.197254e-05
urn:harmonic:company:1449840,8.195698e-05
urn:harmonic:company:6698472,8.188238e-05
urn:harmonic:company:17384789,8.1804494e-05
urn:harmonic:company:4082239,8.178203e-05
urn:harmonic:company:1456202,8.171437e-05
urn:harmonic:company:12467998,8.164255e-05
urn:harmonic:company:12853771,8.156513e-05
urn:harmonic:company:3064471,8.155657e-05
urn:harmonic:company:12838405,8.153068e-05
urn:harmonic:company:11294140,8.148917e-05
urn:harmonic:company:2170285,8.146299e-05
urn:harmonic:company:430554,8.146244e-05
urn:harmonic:company:3332780,8.134368e-05
urn:harmonic:company:6664818,8.1207036e-05
urn:harmonic:company:49088823,8.120255e-05
urn:harmonic:company:170448,8.113652e-05
urn:harmonic:company:35318977,8.1089805e-05
urn:harmonic:company:664670,8.1053e-05
urn:harmonic:company:10978118,8.1017606e-05
urn:harmonic:company:4296956,8.091152e-05
urn:harmonic:company:11317651,8.088861e-05
urn:harmonic:company:6514133,8.0870486e-05
urn:harmonic:company:11001844,8.079711e-05
urn:harmonic:company:11083242,8.072633e-05
urn:harmonic:company:671117,8.056829e-05
urn:harmonic:company:1840007,8.053218e-05
urn:harmonic:company:1449504,8.043824e-05
urn:harmonic:company:469552,8.041071e-05
urn:harmonic:company:7613894,8.035054e-05
urn:harmonic:company:18879955,8.01677e-05
urn:harmonic:company:37214372,8.012131e-05
urn:harmonic:company:725943,8.000503e-05
urn:harmonic:company:1891447,7.995118e-05
urn:harmonic:company:4147355,7.993579e-05
urn:harmonic:company:644891,7.993426e-05
urn:harmonic:company:6766338,7.992527e-05
urn:harmonic:company:19392647,7.989235e-05
urn:harmonic:company:12175197,7.985137e-05
urn:harmonic:company:1431671,7.9809884e-05
urn:harmonic:company:1520375,7.971078e-05
urn:harmonic:company:10830384,7.9585836e-05
urn:harmonic:company:3334084,7.957597e-05
urn:harmonic:company:4224752,7.955283e-05
urn:harmonic:company:18917757,7.9494974e-05
urn:harmonic:company:41579,7.941526e-05
urn:harmonic:company:11162699,7.939845e-05
urn:harmonic:company:43152724,7.9376194e-05
urn:harmonic:company:4411362,7.9314224e-05
urn:harmonic:company:4106353,7.931226e-05
urn:harmonic:company:18916144,7.92991e-05
urn:harmonic:company:4864657,7.927778e-05
urn:harmonic:company:18798161,7.926584e-05
urn:harmonic:company:3679069,7.920576e-05
urn:harmonic:company:687505,7.91776e-05
urn:harmonic:company:3513539,7.916635e-05
urn:harmonic:company:1837379,7.9154874e-05
urn:harmonic:company:1985987,7.9132085e-05
urn:harmonic:company:6620823,7.908101e-05
urn:harmonic:company:605491,7.892837e-05
urn:harmonic:company:1962299,7.8870966e-05
urn:harmonic:company:1449761,7.887052e-05
urn:harmonic:company:1762949,7.88548e-05
urn:harmonic:company:42080538,7.8833145e-05
urn:harmonic:company:1784979,7.8767844e-05
urn:harmonic:company:1839451,7.875012e-05
urn:harmonic:company:3373755,7.8730525e-05
urn:harmonic:company:3926821,7.866051e-05
urn:harmonic:company:774691,7.864603e-05
urn:harmonic:company:16910327,7.8325174e-05
urn:harmonic:company:1431413,7.823313e-05
urn:harmonic:company:670586,7.8163335e-05
urn:harmonic:company:3303996,7.810001e-05
urn:harmonic:company:6870,7.8060846e-05
urn:harmonic:company:3198949,7.8033605e-05
urn:harmonic:company:21580842,7.79315e-05
urn:harmonic:company:35080653,7.7892124e-05
urn:harmonic:company:10638494,7.780764e-05
urn:harmonic:company:6823626,7.778857e-05
urn:harmonic:company:1495916,7.7777004e-05
urn:harmonic:company:1688419,7.773718e-05
urn:harmonic:company:12785249,7.765924e-05
urn:harmonic:company:10273514,7.765458e-05
urn:harmonic:company:4642905,7.763895e-05
urn:harmonic:company:11564234,7.7626224e-05
urn:harmonic:company:44812011,7.759151e-05
urn:harmonic:company:774101,7.75685e-05
urn:harmonic:company:49676,7.750255e-05
urn:harmonic:company:6497684,7.7420926e-05
urn:harmonic:company:38113729,7.713161e-05
urn:harmonic:company:37064303,7.7030774e-05
urn:harmonic:company:10986209,7.689301e-05
urn:harmonic:company:105202,7.684031e-05
urn:harmonic:company:21728589,7.675544e-05
urn:harmonic:company:925,7.6736185e-05
urn:harmonic:company:106168,7.671862e-05
urn:harmonic:company:4193204,7.669266e-05
urn:harmonic:company:12857878,7.660429e-05
urn:harmonic:company:4449517,7.650639e-05
urn:harmonic:company:3219451,7.650129e-05
urn:harmonic:company:776854,7.6484874e-05
urn:harmonic:company:10223537,7.644943e-05
urn:harmonic:company:1702,7.644593e-05
urn:harmonic:company:9351,7.637598e-05
urn:harmonic:company:3327183,7.636637e-05
urn:harmonic:company:1124420,7.635319e-05
urn:harmonic:company:12477089,7.629111e-05
urn:harmonic:company:636802,7.6262084e-05
urn:harmonic:company:698798,7.62346e-05
urn:harmonic:company:4541357,7.6148506e-05
urn:harmonic:company:41813942,7.6120334e-05
urn:harmonic:company:2170903,7.61077e-05
urn:harmonic:company:3240127,7.610756e-05
urn:harmonic:company:6276,7.610502e-05
urn:harmonic:company:4138383,7.598624e-05
urn:harmonic:company:4535248,7.5973774e-05
urn:harmonic:company:610912,7.590925e-05
urn:harmonic:company:680928,7.578947e-05
urn:harmonic:company:10232447,7.577654e-05
urn:harmonic:company:3192846,7.5713404e-05
urn:harmonic:company:39329443,7.568518e-05
urn:harmonic:company:10303514,7.563684e-05
urn:harmonic:company:3769885,7.563186e-05
urn:harmonic:company:1601,7.5526135e-05
urn:harmonic:company:2178463,7.544098e-05
urn:harmonic:company:1775373,7.5394375e-05
urn:harmonic:company:12836551,7.539229e-05
urn:harmonic:company:774498,7.5367345e-05
urn:harmonic:company:721940,7.527189e-05
urn:harmonic:company:106673,7.516832e-05
urn:harmonic:company:1608525,7.503146e-05
urn:harmonic:company:4439325,7.494986e-05
urn:harmonic:company:10971880,7.491692e-05
urn:harmonic:company:1829801,7.486522e-05
urn:harmonic:company:10783721,7.486143e-05
urn:harmonic:company:25153304,7.48498e-05
urn:harmonic:company:2023428,7.481048e-05
urn:harmonic:company:12524120,7.473411e-05
urn:harmonic:company:663837,7.473397e-05
urn:harmonic:company:697609,7.4699914e-05
urn:harmonic:company:618496,7.465626e-05
urn:harmonic:company:622356,7.459285e-05
urn:harmonic:company:2124992,7.4551535e-05
urn:harmonic:company:1838378,7.453469e-05
urn:harmonic:company:2137919,7.44971e-05
urn:harmonic:company:12173978,7.444682e-05
urn:harmonic:company:1423149,7.432304e-05
urn:harmonic:company:674968,7.425439e-05
urn:harmonic:company:1790738,7.42432e-05
urn:harmonic:company:3566196,7.412924e-05
urn:harmonic:company:2147,7.409984e-05
urn:harmonic:company:1475224,7.407624e-05
urn:harmonic:company:21761110,7.4018266e-05
urn:harmonic:company:122478,7.398256e-05
urn:harmonic:company:10580304,7.3929106e-05
urn:harmonic:company:1850318,7.3904645e-05
urn:harmonic:company:11229927,7.383399e-05
urn:harmonic:company:4296993,7.381336e-05
urn:harmonic:company:4224180,7.377157e-05
urn:harmonic:company:674551,7.375679e-05
urn:harmonic:company:164358,7.371664e-05
urn:harmonic:company:4193003,7.3709336e-05
urn:harmonic:company:12825503,7.369092e-05
urn:harmonic:company:10869297,7.3688316e-05
urn:harmonic:company:2145565,7.364912e-05
urn:harmonic:company:10922361,7.360805e-05
urn:harmonic:company:164128,7.359393e-05
urn:harmonic:company:751086,7.355051e-05
urn:harmonic:company:3988085,7.352821e-05
urn:harmonic:company:715490,7.345392e-05
urn:harmonic:company:4297927,7.343137e-05
urn:harmonic:company:2031235,7.336656e-05
urn:harmonic:company:4297281,7.332095e-05
urn:harmonic:company:6830774,7.325617e-05
urn:harmonic:company:3692921,7.318921e-05
urn:harmonic:company:4430446,7.3187875e-05
urn:harmonic:company:342243,7.318509e-05
urn:harmonic:company:343554,7.318237e-05
urn:harmonic:company:6571800,7.3152434e-05
urn:harmonic:company:748831,7.3129835e-05
urn:harmonic:company:1842333,7.312816e-05
urn:harmonic:company:3219862,7.3082425e-05
urn:harmonic:company:4184546,7.3081246e-05
urn:harmonic:company:12889385,7.306689e-05
urn:harmonic:company:1410557,7.305121e-05
urn:harmonic:company:2086738,7.301966e-05
urn:harmonic:company:1856738,7.299064e-05
urn:harmonic:company:4411786,7.2973795e-05
urn:harmonic:company:1804330,7.296683e-05
urn:harmonic:company:1713353,7.294234e-05
urn:harmonic:company:10885213,7.289874e-05
urn:harmonic:company:11788756,7.286809e-05
urn:harmonic:company:1449233,7.2804054e-05
urn:harmonic:company:739709,7.2799754e-05
urn:harmonic:company:49646915,7.278164e-05
urn:harmonic:company:632566,7.277733e-05
urn:harmonic:company:12338537,7.27706e-05
urn:harmonic:company:6497712,7.276546e-05
urn:harmonic:company:10720470,7.267441e-05
urn:harmonic:company:3648361,7.262813e-05
urn:harmonic:company:4130397,7.259614e-05
urn:harmonic:company:3178728,7.258797e-05
urn:harmonic:company:1789455,7.258112e-05
urn:harmonic:company:6512890,7.256611e-05
urn:harmonic:company:165438,7.246646e-05
urn:harmonic:company:11162810,7.2406634e-05
urn:harmonic:company:3639865,7.2376264e-05
urn:harmonic:company:1464698,7.234369e-05
urn:harmonic:company:1534705,7.232224e-05
urn:harmonic:company:4520241,7.2316514e-05
urn:harmonic:company:35664012,7.230658e-05
urn:harmonic:company:4184054,7.229907e-05
urn:harmonic:company:10584410,7.222596e-05
urn:harmonic:company:35532933,7.211061e-05
urn:harmonic:company:3376536,7.201489e-05
urn:harmonic:company:11323095,7.198193e-05
urn:harmonic:company:3601998,7.1967246e-05
urn:harmonic:company:3627210,7.188837e-05
urn:harmonic:company:3738778,7.179999e-05
urn:harmonic:company:4413178,7.1670904e-05
urn:harmonic:company:636903,7.166065e-05
urn:harmonic:company:9481221,7.164412e-05
urn:harmonic:company:2111469,7.1573784e-05
urn:harmonic:company:1690915,7.148177e-05
urn:harmonic:company:3379397,7.146132e-05
urn:harmonic:company:3647593,7.145601e-05
urn:harmonic:company:43411231,7.1444694e-05
urn:harmonic:company:20462717,7.141568e-05
urn:harmonic:company:4153037,7.138327e-05
urn:harmonic:company:197954,7.1375915e-05
urn:harmonic:company:2196908,7.135537e-05
urn:harmonic:company:9038,7.131829e-05
urn:harmonic:company:10329241,7.1264105e-05
urn:harmonic:company:793609,7.125269e-05
urn:harmonic:company:3882565,7.1251336e-05
urn:harmonic:company:3270459,7.122925e-05
urn:harmonic:company:3091103,7.101683e-05
urn:harmonic:company:3934382,7.1000846e-05
urn:harmonic:company:12872334,7.097607e-05
urn:harmonic:company:3064826,7.096315e-05
urn:harmonic:company:6490273,7.091667e-05
urn:harmonic:company:696643,7.087253e-05
urn:harmonic:company:10672260,7.082861e-05
urn:harmonic:company:4301729,7.072561e-05
urn:harmonic:company:48140896,7.070727e-05
urn:harmonic:company:644728,7.068455e-05
urn:harmonic:company:11004426,7.061408e-05
urn:harmonic:company:29456249,7.055135e-05
urn:harmonic:company:10915756,7.05038e-05
urn:harmonic:company:37328268,7.050326e-05
urn:harmonic:company:1565331,7.049049e-05
urn:harmonic:company:40865038,7.048498e-05
urn:harmonic:company:2252380,7.045023e-05
urn:harmonic:company:703420,7.040792e-05
urn:harmonic:company:2138319,7.020411e-05
urn:harmonic:company:2250025,7.02017e-05
urn:harmonic:company:4495363,7.015205e-05
urn:harmonic:company:4094448,7.013846e-05
urn:harmonic:company:3277943,7.01297e-05
urn:harmonic:company:3178560,7.00336e-05
urn:harmonic:company:10790503,7.003253e-05
urn:harmonic:company:691004,6.9998416e-05
urn:harmonic:company:764413,6.9990805e-05
urn:harmonic:company:748336,6.997359e-05
urn:harmonic:company:12576632,6.993149e-05
urn:harmonic:company:731379,6.9912494e-05
urn:harmonic:company:10857969,6.989709e-05
urn:harmonic:company:37074995,6.989296e-05
urn:harmonic:company:3415441,6.98893e-05
urn:harmonic:company:3240324,6.971855e-05
urn:harmonic:company:4307631,6.964985e-05
urn:harmonic:company:10214733,6.964832e-05
urn:harmonic:company:2262107,6.964214e-05
urn:harmonic:company:768176,6.954704e-05
urn:harmonic:company:3304002,6.953192e-05
urn:harmonic:company:105845,6.9522175e-05
urn:harmonic:company:3200583,6.9467635e-05
urn:harmonic:company:11268668,6.9453716e-05
urn:harmonic:company:2195759,6.9414724e-05
urn:harmonic:company:3967984,6.933322e-05
urn:harmonic:company:814412,6.923907e-05
urn:harmonic:company:1789039,6.922447e-05
urn:harmonic:company:734736,6.922256e-05
urn:harmonic:company:754871,6.919326e-05
urn:harmonic:company:4139736,6.902363e-05
urn:harmonic:company:4391500,6.893995e-05
urn:harmonic:company:3534978,6.887963e-05
urn:harmonic:company:12631939,6.88594e-05
urn:harmonic:company:3554174,6.879927e-05
urn:harmonic:company:10783657,6.878917e-05
urn:harmonic:company:43002421,6.877835e-05
urn:harmonic:company:3630263,6.870965e-05
urn:harmonic:company:1842840,6.866773e-05
urn:harmonic:company:767590,6.8652735e-05
urn:harmonic:company:3614325,6.856395e-05
urn:harmonic:company:3628425,6.852617e-05
urn:harmonic:company:602776,6.851545e-05
urn:harmonic:company:3340156,6.8416666e-05
urn:harmonic:company:4058627,6.837441e-05
urn:harmonic:company:12175238,6.83671e-05
urn:harmonic:company:1804344,6.8364105e-05
urn:harmonic:company:3222828,6.824569e-05
urn:harmonic:company:11209900,6.823313e-05
urn:harmonic:company:1815571,6.809416e-05
urn:harmonic:company:4297162,6.80922e-05
urn:harmonic:company:72327,6.800849e-05
urn:harmonic:company:3478842,6.798605e-05
urn:harmonic:company:2138189,6.789043e-05
urn:harmonic:company:18811084,6.7873734e-05
urn:harmonic:company:516418,6.775358e-05
urn:harmonic:company:5134602,6.772936e-05
urn:harmonic:company:520110,6.7711466e-05
urn:harmonic:company:4079748,6.7691646e-05
urn:harmonic:company:800927,6.767267e-05
urn:harmonic:company:1371826,6.765377e-05
urn:harmonic:company:1462319,6.763403e-05
urn:harmonic:company:9074,6.761107e-05
urn:harmonic:company:2163487,6.75483e-05
urn:harmonic:company:887738,6.749157e-05
urn:harmonic:company:4459517,6.7388224e-05
urn:harmonic:company:4382750,6.7250076e-05
urn:harmonic:company:4304148,6.724854e-05
urn:harmonic:company:36917088,6.7245586e-05
urn:harmonic:company:10704688,6.715664e-05
urn:harmonic:company:1524457,6.698848e-05
urn:harmonic:company:3224217,6.692923e-05
urn:harmonic:company:3176116,6.6886605e-05
urn:harmonic:company:11221273,6.688062e-05
urn:harmonic:company:36690947,6.686366e-05
urn:harmonic:company:1430926,6.677992e-05
urn:harmonic:company:1785344,6.667435e-05
urn:harmonic:company:1785666,6.65976e-05
urn:harmonic:company:3216406,6.6498345e-05
urn:harmonic:company:24035749,6.6391825e-05
urn:harmonic:company:16045424,6.63805e-05
urn:harmonic:company:179130,6.6291555e-05
urn:harmonic:company:3143553,6.6272405e-05
urn:harmonic:company:8547834,6.621643e-05
urn:harmonic:company:7489019,6.603577e-05
urn:harmonic:company:10772741,6.602796e-05
urn:harmonic:company:645486,6.5967164e-05
urn:harmonic:company:3318527,6.5955275e-05
urn:harmonic:company:2136269,6.593591e-05
urn:harmonic:company:772612,6.588481e-05
urn:harmonic:company:4308321,6.587545e-05
urn:harmonic:company:3076221,6.577094e-05
urn:harmonic:company:18980292,6.575093e-05
urn:harmonic:company:49282149,6.57063e-05
urn:harmonic:company:10737467,6.568814e-05
urn:harmonic:company:3183682,6.56783e-05
urn:harmonic:company:605903,6.5677865e-05
urn:harmonic:company:34623,6.5547036e-05
urn:harmonic:company:3671728,6.554509e-05
urn:harmonic:company:793994,6.553541e-05
urn:harmonic:company:3334847,6.548593e-05
urn:harmonic:company:5731477,6.5478e-05
urn:harmonic:company:4861749,6.5445165e-05
urn:harmonic:company:3362869,6.543175e-05
urn:harmonic:company:732582,6.5395754e-05
urn:harmonic:company:735384,6.523674e-05
urn:harmonic:company:47234316,6.521509e-05
urn:harmonic:company:4280964,6.515592e-05
urn:harmonic:company:6640922,6.507389e-05
urn:harmonic:company:664839,6.5047396e-05
urn:harmonic:company:11295623,6.503983e-05
urn:harmonic:company:49786559,6.498986e-05
urn:harmonic:company:1841091,6.488557e-05
urn:harmonic:company:48362398,6.4875116e-05
urn:harmonic:company:12868098,6.4755826e-05
urn:harmonic:company:1970212,6.4724954e-05
urn:harmonic:company:13052189,6.4657834e-05
urn:harmonic:company:10995208,6.465728e-05
urn:harmonic:company:1431457,6.465364e-05
urn:harmonic:company:2161516,6.464144e-05
urn:harmonic:company:197707,6.4624925e-05
urn:harmonic:company:4103770,6.457355e-05
urn:harmonic:company:3193286,6.45443e-05
urn:harmonic:company:6698600,6.453237e-05
urn:harmonic:company:3645579,6.444387e-05
urn:harmonic:company:6760022,6.443447e-05
urn:harmonic:company:619476,6.4429616e-05
urn:harmonic:company:1304500,6.4418615e-05
urn:harmonic:company:630225,6.439123e-05
urn:harmonic:company:12789652,6.429912e-05
urn:harmonic:company:469097,6.428373e-05
urn:harmonic:company:24028596,6.427932e-05
urn:harmonic:company:12886432,6.427386e-05
urn:harmonic:company:21492661,6.421242e-05
urn:harmonic:company:3387218,6.418126e-05
urn:harmonic:company:11108924,6.414332e-05
urn:harmonic:company:46031602,6.4137814e-05
urn:harmonic:company:3536305,6.399693e-05
urn:harmonic:company:756065,6.399455e-05
urn:harmonic:company:603476,6.394355e-05
urn:harmonic:company:633829,6.389784e-05
urn:harmonic:company:46197662,6.384697e-05
urn:harmonic:company:4087764,6.373122e-05
urn:harmonic:company:1424161,6.3655956e-05
urn:harmonic:company:9616168,6.363375e-05
urn:harmonic:company:7704799,6.362598e-05
urn:harmonic:company:4445784,6.3565756e-05
urn:harmonic:company:12737536,6.353891e-05
urn:harmonic:company:684819,6.352213e-05
urn:harmonic:company:685264,6.346134e-05
urn:harmonic:company:3416938,6.340895e-05
urn:harmonic:company:58087,6.339704e-05
urn:harmonic:company:695256,6.338514e-05
urn:harmonic:company:12591257,6.337897e-05
urn:harmonic:company:1624,6.3358726e-05
urn:harmonic:company:10783064,6.33438e-05
urn:harmonic:company:10665217,6.3322484e-05
urn:harmonic:company:1671657,6.3315536e-05
urn:harmonic:company:3119139,6.329592e-05
urn:harmonic:company:743014,6.3286265e-05
urn:harmonic:company:4058306,6.328282e-05
urn:harmonic:company:12849676,6.3178326e-05
urn:harmonic:company:3757586,6.317074e-05
urn:harmonic:company:819729,6.306312e-05
urn:harmonic:company:47094778,6.299195e-05
urn:harmonic:company:13708767,6.29746e-05
urn:harmonic:company:3893865,6.295743e-05
urn:harmonic:company:12964173,6.292436e-05
urn:harmonic:company:4108356,6.288182e-05
urn:harmonic:company:653350,6.287385e-05
urn:harmonic:company:801667,6.287139e-05
urn:harmonic:company:12389755,6.286875e-05
urn:harmonic:company:12967932,6.284196e-05
urn:harmonic:company:4193857,6.283705e-05
urn:harmonic:company:12707153,6.282105e-05
urn:harmonic:company:56855530,6.2788764e-05
urn:harmonic:company:1842287,6.2766376e-05
urn:harmonic:company:773702,6.2748426e-05
urn:harmonic:company:4391948,6.270559e-05
urn:harmonic:company:1836932,6.2695726e-05
urn:harmonic:company:795631,6.263579e-05
urn:harmonic:company:4178423,6.2633044e-05
urn:harmonic:company:10262880,6.260432e-05
urn:harmonic:company:3309907,6.2593936e-05
urn:harmonic:company:771812,6.257752e-05
urn:harmonic:company:3689255,6.257221e-05
urn:harmonic:company:12840574,6.242637e-05
urn:harmonic:company:755246,6.241779e-05
urn:harmonic:company:3211190,6.2331485e-05
urn:harmonic:company:36994608,6.2273146e-05
urn:harmonic:company:794152,6.223135e-05
urn:harmonic:company:3246094,6.221545e-05
urn:harmonic:company:12179098,6.221527e-05
urn:harmonic:company:729274,6.220946e-05
urn:harmonic:company:3866816,6.22043e-05
urn:harmonic:company:750713,6.2028135e-05
urn:harmonic:company:4466503,6.200199e-05
urn:harmonic:company:1963246,6.196399e-05
urn:harmonic:company:40998362,6.1955834e-05
urn:harmonic:company:702207,6.188214e-05
urn:harmonic:company:36942125,6.186863e-05
urn:harmonic:company:3389147,6.183873e-05
urn:harmonic:company:2119961,6.173673e-05
urn:harmonic:company:1837592,6.1736086e-05
urn:harmonic:company:40231952,6.1692714e-05
urn:harmonic:company:1730818,6.168577e-05
urn:harmonic:company:1820704,6.1674065e-05
urn:harmonic:company:4119669,6.163326e-05
urn:harmonic:company:15319201,6.163279e-05
urn:harmonic:company:12388793,6.1625506e-05
urn:harmonic:company:3291582,6.160071e-05
urn:harmonic:company:10871898,6.1570696e-05
urn:harmonic:company:2179008,6.155191e-05
urn:harmonic:company:12789182,6.154299e-05
urn:harmonic:company:11682806,6.1532366e-05
urn:harmonic:company:10824728,6.14899e-05
urn:harmonic:company:2169822,6.145684e-05
urn:harmonic:company:56652146,6.144834e-05
urn:harmonic:company:3599594,6.120202e-05
urn:harmonic:company:12631928,6.118463e-05
urn:harmonic:company:705433,6.115966e-05
urn:harmonic:company:11511178,6.11578e-05
urn:harmonic:company:11444,6.114888e-05
urn:harmonic:company:18762652,6.114695e-05
urn:harmonic:company:1706976,6.1088256e-05
urn:harmonic:company:7657559,6.1046856e-05
urn:harmonic:company:3676076,6.10376e-05
urn:harmonic:company:794078,6.0972154e-05
urn:harmonic:company:9843474,6.0865263e-05
urn:harmonic:company:11056037,6.077142e-05
urn:harmonic:company:2024085,6.0725248e-05
urn:harmonic:company:755204,6.0721544e-05
urn:harmonic:company:1430968,6.0718594e-05
urn:harmonic:company:47953782,6.071431e-05
urn:harmonic:company:209531,6.0682876e-05
urn:harmonic:company:3537611,6.066974e-05
urn:harmonic:company:2226181,6.065441e-05
urn:harmonic:company:651256,6.065262e-05
urn:harmonic:company:3383638,6.0581e-05
urn:harmonic:company:10243923,6.0548424e-05
urn:harmonic:company:3202248,6.0536415e-05
urn:harmonic:company:9130,6.053555e-05
urn:harmonic:company:607781,6.0534105e-05
urn:harmonic:company:3934222,6.0509174e-05
urn:harmonic:company:39546705,6.0499133e-05
urn:harmonic:company:4424823,6.0466602e-05
urn:harmonic:company:1410546,6.0447466e-05
urn:harmonic:company:727982,6.0424645e-05
urn:harmonic:company:22600183,6.0362552e-05
urn:harmonic:company:36377436,6.0262824e-05
urn:harmonic:company:12447755,6.023703e-05
urn:harmonic:company:12584267,6.0186212e-05
urn:harmonic:company:10222561,6.016601e-05
urn:harmonic:company:105353,6.010809e-05
urn:harmonic:company:691443,6.004089e-05
urn:harmonic:company:4424911,5.9980917e-05
urn:harmonic:company:613088,5.99764e-05
urn:harmonic:company:19385781,5.973706e-05
urn:harmonic:company:12338898,5.9679496e-05
urn:harmonic:company:7507242,5.965321e-05
urn:harmonic:company:3331914,5.964183e-05
urn:harmonic:company:4463764,5.9631882e-05
urn:harmonic:company:35969550,5.9592654e-05
urn:harmonic:company:1304746,5.9466347e-05
urn:harmonic:company:697952,5.9445254e-05
urn:harmonic:company:1841405,5.9431142e-05
urn:harmonic:company:2216342,5.9403774e-05
urn:harmonic:company:2179111,5.9375343e-05
urn:harmonic:company:3679018,5.9374554e-05
urn:harmonic:company:668945,5.9282047e-05
urn:harmonic:company:74914,5.9253107e-05
urn:harmonic:company:180202,5.9241527e-05
urn:harmonic:company:685311,5.914489e-05
urn:harmonic:company:744614,5.912419e-05
urn:harmonic:company:4300650,5.8975194e-05
urn:harmonic:company:3331090,5.8950172e-05
urn:harmonic:company:3213740,5.894315e-05
urn:harmonic:company:1399889,5.893702e-05
urn:harmonic:company:3329347,5.887068e-05
urn:harmonic:company:608263,5.886877e-05
urn:harmonic:company:4483384,5.8742597e-05
urn:harmonic:company:795051,5.865119e-05
urn:harmonic:company:2010187,5.8634974e-05
urn:harmonic:company:2024425,5.863447e-05
urn:harmonic:company:41133873,5.863173e-05
urn:harmonic:company:12883171,5.8621277e-05
urn:harmonic:company:1709369,5.860668e-05
urn:harmonic:company:12871332,5.8601712e-05
urn:harmonic:company:2072056,5.8581318e-05
urn:harmonic:company:4139853,5.855211e-05
urn:harmonic:company:10803039,5.8539936e-05
urn:harmonic:company:48811854,5.8448124e-05
urn:harmonic:company:649708,5.844723e-05
urn:harmonic:company:769812,5.84289e-05
urn:harmonic:company:49254021,5.836675e-05
urn:harmonic:company:3641361,5.8343987e-05
urn:harmonic:company:12579009,5.8331247e-05
urn:harmonic:company:2255209,5.8324793e-05
urn:harmonic:company:10820819,5.82986e-05
urn:harmonic:company:4298039,5.828854e-05
urn:harmonic:company:6844348,5.8287875e-05
urn:harmonic:company:6834271,5.8240646e-05
urn:harmonic:company:4337755,5.8223486e-05
urn:harmonic:company:12836347,5.8217825e-05
urn:harmonic:company:3641675,5.821394e-05
urn:harmonic:company:4501032,5.820833e-05
urn:harmonic:company:47248852,5.8164493e-05
urn:harmonic:company:48243805,5.805699e-05
urn:harmonic:company:6577246,5.8051566e-05
urn:harmonic:company:748973,5.8016478e-05
urn:harmonic:company:47270205,5.7991645e-05
urn:harmonic:company:640694,5.7970297e-05
urn:harmonic:company:6703395,5.794935e-05
urn:harmonic:company:642043,5.794742e-05
urn:harmonic:company:176849,5.7946974e-05
urn:harmonic:company:3101962,5.7923553e-05
urn:harmonic:company:6531200,5.7919908e-05
urn:harmonic:company:3320973,5.7873083e-05
urn:harmonic:company:9670622,5.7856258e-05
urn:harmonic:company:2003890,5.769917e-05
urn:harmonic:company:1902771,5.7639063e-05
urn:harmonic:company:3186964,5.761862e-05
urn:harmonic:company:662668,5.7574292e-05
urn:harmonic:company:742172,5.7565292e-05
urn:harmonic:company:666838,5.753467e-05
urn:harmonic:company:685754,5.751519e-05
urn:harmonic:company:2079667,5.7493915e-05
urn:harmonic:company:4025268,5.7476544e-05
urn:harmonic:company:19114476,5.747062e-05
urn:harmonic:company:11076907,5.7428595e-05
urn:harmonic:company:11135621,5.7331148e-05
urn:harmonic:company:37663157,5.728781e-05
urn:harmonic:company:16915216,5.7266287e-05
urn:harmonic:company:6573330,5.7248704e-05
urn:harmonic:company:38393171,5.7217432e-05
urn:harmonic:company:2158370,5.7210666e-05
urn:harmonic:company:1671373,5.7175926e-05
urn:harmonic:company:1999434,5.7152807e-05
urn:harmonic:company:4424442,5.715079e-05
urn:harmonic:company:955526,5.7123878e-05
urn:harmonic:company:740830,5.7032266e-05
urn:harmonic:company:3540995,5.7020417e-05
urn:harmonic:company:4151459,5.69659e-05
urn:harmonic:company:3328839,5.6927398e-05
urn:harmonic:company:12758267,5.691166e-05
urn:harmonic:company:3553583,5.6905417e-05
urn:harmonic:company:644711,5.685562e-05
urn:harmonic:company:3328558,5.68553e-05
urn:harmonic:company:641789,5.684527e-05
urn:harmonic:company:1449408,5.6787452e-05
urn:harmonic:company:1443254,5.6766123e-05
urn:harmonic:company:179136,5.670737e-05
urn:harmonic:company:6515165,5.660347e-05
urn:harmonic:company:4445203,5.6588735e-05
urn:harmonic:company:2241253,5.6560468e-05
urn:harmonic:company:766848,5.6558198e-05
urn:harmonic:company:47816795,5.6540943e-05
urn:harmonic:company:1840825,5.6515124e-05
urn:harmonic:company:1691605,5.6513774e-05
urn:harmonic:company:4435905,5.650979e-05
urn:harmonic:company:4116309,5.649815e-05
urn:harmonic:company:619093,5.6487694e-05
urn:harmonic:company:4541726,5.6486242e-05
urn:harmonic:company:176647,5.6423843e-05
urn:harmonic:company:4075662,5.6407924e-05
urn:harmonic:company:4122612,5.6394045e-05
urn:harmonic:company:12967848,5.6390385e-05
urn:harmonic:company:11581491,5.63713e-05
urn:harmonic:company:42588226,5.6329758e-05
urn:harmonic:company:20441241,5.6321598e-05
urn:harmonic:company:11515986,5.631188e-05
urn:harmonic:company:9180628,5.6289864e-05
urn:harmonic:company:3535170,5.6148547e-05
urn:harmonic:company:4386243,5.6099463e-05
urn:harmonic:company:13020615,5.6095774e-05
urn:harmonic:company:4298063,5.608459e-05
urn:harmonic:company:794624,5.5999564e-05
urn:harmonic:company:2138607,5.5995457e-05
urn:harmonic:company:675437,5.598563e-05
urn:harmonic:company:40509855,5.5980076e-05
urn:harmonic:company:6647572,5.57711e-05
urn:harmonic:company:709535,5.5724107e-05
urn:harmonic:company:10837799,5.5682085e-05
urn:harmonic:company:711590,5.5680546e-05
urn:harmonic:company:3474564,5.5675817e-05
urn:harmonic:company:1422929,5.5651664e-05
urn:harmonic:company:3529212,5.5644028e-05
urn:harmonic:company:4525470,5.5641005e-05
urn:harmonic:company:11431510,5.5638826e-05
urn:harmonic:company:34549,5.562853e-05
urn:harmonic:company:1775828,5.5614055e-05
urn:harmonic:company:10400,5.5588338e-05
urn:harmonic:company:1475923,5.557726e-05
urn:harmonic:company:713566,5.557419e-05
urn:harmonic:company:639063,5.5532542e-05
urn:harmonic:company:34906321,5.5460678e-05
urn:harmonic:company:12180872,5.528774e-05
urn:harmonic:company:701700,5.5274664e-05
urn:harmonic:company:765422,5.518855e-05
urn:harmonic:company:23664782,5.518692e-05
urn:harmonic:company:12854286,5.5180917e-05
urn:harmonic:company:20607087,5.5165237e-05
urn:harmonic:company:633123,5.513195e-05
urn:harmonic:company:45011600,5.5066062e-05
urn:harmonic:company:4496860,5.5034667e-05
urn:harmonic:company:58690,5.4996366e-05
urn:harmonic:company:9897,5.4987453e-05
urn:harmonic:company:4417079,5.4967164e-05
urn:harmonic:company:686730,5.4943634e-05
urn:harmonic:company:4822251,5.493656e-05
urn:harmonic:company:10621245,5.489047e-05
urn:harmonic:company:3383689,5.487933e-05
urn:harmonic:company:23967494,5.486661e-05
urn:harmonic:company:4429350,5.4855205e-05
urn:harmonic:company:170337,5.4829005e-05
urn:harmonic:company:4271372,5.473779e-05
urn:harmonic:company:744540,5.4733457e-05
urn:harmonic:company:16365951,5.4721662e-05
urn:harmonic:company:6526,5.4694952e-05
urn:harmonic:company:285551,5.466721e-05
urn:harmonic:company:10811277,5.4632033e-05
urn:harmonic:company:75145,5.458964e-05
urn:harmonic:company:1400387,5.4567885e-05
urn:harmonic:company:1842288,5.4567e-05
urn:harmonic:company:3375441,5.452128e-05
urn:harmonic:company:762685,5.451057e-05
urn:harmonic:company:2213115,5.4509426e-05
urn:harmonic:company:772068,5.450064e-05
urn:harmonic:company:739639,5.44956e-05
urn:harmonic:company:2206819,5.4377917e-05
urn:harmonic:company:617883,5.43649e-05
urn:harmonic:company:106110,5.4362103e-05
urn:harmonic:company:4296645,5.4344586e-05
urn:harmonic:company:5154842,5.434111e-05
urn:harmonic:company:3187421,5.4336706e-05
urn:harmonic:company:1815892,5.4334323e-05
urn:harmonic:company:19462764,5.4329816e-05
urn:harmonic:company:36386046,5.428823e-05
urn:harmonic:company:4138547,5.4275184e-05
urn:harmonic:company:3069737,5.424719e-05
urn:harmonic:company:676023,5.422805e-05
urn:harmonic:company:2140480,5.4035765e-05
urn:harmonic:company:4214455,5.4033084e-05
urn:harmonic:company:2032366,5.398678e-05
urn:harmonic:company:716549,5.3926473e-05
urn:harmonic:company:4538065,5.3854426e-05
urn:harmonic:company:775928,5.380874e-05
urn:harmonic:company:10192492,5.377365e-05
urn:harmonic:company:1885627,5.3771906e-05
urn:harmonic:company:1490523,5.3769905e-05
urn:harmonic:company:12860386,5.3763033e-05
urn:harmonic:company:34820470,5.3738433e-05
urn:harmonic:company:3635724,5.3734846e-05
urn:harmonic:company:4520045,5.3674514e-05
urn:harmonic:company:1586007,5.363527e-05
urn:harmonic:company:2139525,5.3601114e-05
urn:harmonic:company:662080,5.3590735e-05
urn:harmonic:company:4496910,5.3587515e-05
urn:harmonic:company:2257807,5.3587213e-05
urn:harmonic:company:1442452,5.3579857e-05
urn:harmonic:company:3419393,5.352271e-05
urn:harmonic:company:147663,5.3516073e-05
urn:harmonic:company:106100,5.3509648e-05
urn:harmonic:company:169407,5.3501888e-05
urn:harmonic:company:12177785,5.3501888e-05
urn:harmonic:company:43558516,5.3497297e-05
urn:harmonic:company:4222188,5.3466592e-05
urn:harmonic:company:56420,5.344952e-05
urn:harmonic:company:4419892,5.3373675e-05
urn:harmonic:company:793680,5.3370164e-05
urn:harmonic:company:12284824,5.3353724e-05
urn:harmonic:company:27113326,5.333038e-05
urn:harmonic:company:1449308,5.331401e-05
urn:harmonic:company:12841080,5.3313448e-05
urn:harmonic:company:1471219,5.328727e-05
urn:harmonic:company:3405490,5.3247797e-05
urn:harmonic:company:57197335,5.322252e-05
urn:harmonic:company:3250750,5.3198924e-05
urn:harmonic:company:2004128,5.3192223e-05
urn:harmonic:company:37820612,5.3062933e-05
urn:harmonic:company:11301824,5.30301e-05
urn:harmonic:company:13387077,5.2973697e-05
urn:harmonic:company:1836272,5.2953743e-05
urn:harmonic:company:106571,5.2945416e-05
urn:harmonic:company:34813711,5.2897973e-05
urn:harmonic:company:802224,5.2896965e-05
urn:harmonic:company:4412471,5.2850075e-05
urn:harmonic:company:721377,5.28475e-05
urn:harmonic:company:1836916,5.2834603e-05
urn:harmonic:company:4550228,5.2767686e-05
urn:harmonic:company:3189021,5.2750325e-05
urn:harmonic:company:18500851,5.2688287e-05
urn:harmonic:company:10191810,5.2605898e-05
urn:harmonic:company:1477016,5.2595013e-05
urn:harmonic:company:170099,5.2545685e-05
urn:harmonic:company:1980700,5.25286e-05
urn:harmonic:company:12822306,5.2525997e-05
urn:harmonic:company:1422139,5.2501506e-05
urn:harmonic:company:3204152,5.249315e-05
urn:harmonic:company:12865429,5.2489795e-05
urn:harmonic:company:17968630,5.2454114e-05
urn:harmonic:company:6665020,5.244166e-05
urn:harmonic:company:10456863,5.2440962e-05
urn:harmonic:company:106274,5.2438958e-05
urn:harmonic:company:648979,5.2426363e-05
urn:harmonic:company:710666,5.2395622e-05
urn:harmonic:company:783357,5.2387728e-05
urn:harmonic:company:3252423,5.233445e-05
urn:harmonic:company:4411080,5.230646e-05
urn:harmonic:company:11353275,5.230242e-05
urn:harmonic:company:9133611,5.229923e-05
urn:harmonic:company:11041091,5.2295687e-05
urn:harmonic:company:4577250,5.2289157e-05
urn:harmonic:company:1400800,5.2268068e-05
urn:harmonic:company:758889,5.223742e-05
urn:harmonic:company:606050,5.2236774e-05
urn:harmonic:company:10741030,5.2194202e-05
urn:harmonic:company:770278,5.2186337e-05
urn:harmonic:company:1990905,5.21535e-05
urn:harmonic:company:4248968,5.2142663e-05
urn:harmonic:company:3495462,5.212337e-05
urn:harmonic:company:105602,5.2085263e-05
urn:harmonic:company:11666849,5.2083422e-05
urn:harmonic:company:12180722,5.2009967e-05
urn:harmonic:company:39381857,5.200406e-05
urn:harmonic:company:682431,5.197759e-05
urn:harmonic:company:4034041,5.18511e-05
urn:harmonic:company:36600304,5.184902e-05
urn:harmonic:company:1460896,5.1797626e-05
urn:harmonic:company:4087634,5.179525e-05
urn:harmonic:company:741330,5.179402e-05
urn:harmonic:company:4410944,5.1791994e-05
urn:harmonic:company:3524689,5.1786315e-05
urn:harmonic:company:3219560,5.1754076e-05
urn:harmonic:company:3202696,5.1747218e-05
urn:harmonic:company:4388819,5.174401e-05
urn:harmonic:company:34775194,5.172368e-05
urn:harmonic:company:3177356,5.1695184e-05
urn:harmonic:company:9891438,5.1659157e-05
urn:harmonic:company:1835691,5.1640982e-05
urn:harmonic:company:1491519,5.1604206e-05
urn:harmonic:company:1691839,5.1588515e-05
urn:harmonic:company:3674185,5.157371e-05
urn:harmonic:company:1777395,5.155861e-05
urn:harmonic:company:3291273,5.154666e-05
urn:harmonic:company:146897,5.151079e-05
urn:harmonic:company:6835016,5.145085e-05
urn:harmonic:company:802587,5.1446776e-05
urn:harmonic:company:3600457,5.1437946e-05
urn:harmonic:company:1813,5.1429903e-05
urn:harmonic:company:3651386,5.1386465e-05
urn:harmonic:company:10318173,5.1352126e-05
urn:harmonic:company:553679,5.13511e-05
urn:harmonic:company:314024,5.1347033e-05
urn:harmonic:company:4820404,5.1242256e-05
urn:harmonic:company:3331018,5.122823e-05
urn:harmonic:company:1969681,5.120611e-05
urn:harmonic:company:5267440,5.115618e-05
urn:harmonic:company:626996,5.1103663e-05
urn:harmonic:company:10518164,5.107794e-05
urn:harmonic:company:17308685,5.106255e-05
urn:harmonic:company:3402797,5.10349e-05
urn:harmonic:company:3882933,5.1022005e-05
urn:harmonic:company:651584,5.100999e-05
urn:harmonic:company:3219002,5.1001574e-05
urn:harmonic:company:76286,5.0994036e-05
urn:harmonic:company:12819267,5.099209e-05
urn:harmonic:company:3363511,5.099126e-05
urn:harmonic:company:11022557,5.0963554e-05
urn:harmonic:company:3298487,5.093581e-05
urn:harmonic:company:343443,5.0897015e-05
urn:harmonic:company:3861189,5.088328e-05
urn:harmonic:company:13006501,5.087678e-05
urn:harmonic:company:13126903,5.083648e-05
urn:harmonic:company:10639891,5.0813018e-05
urn:harmonic:company:670079,5.0765408e-05
urn:harmonic:company:1422662,5.076105e-05
urn:harmonic:company:2098417,5.0733706e-05
urn:harmonic:company:37484239,5.073361e-05
urn:harmonic:company:767689,5.0717503e-05
urn:harmonic:company:822079,5.0711264e-05
urn:harmonic:company:654280,5.068723e-05
urn:harmonic:company:622482,5.06425e-05
urn:harmonic:company:1520369,5.0622504e-05
urn:harmonic:company:11437336,5.0621587e-05
urn:harmonic:company:48432489,5.0609713e-05
urn:harmonic:company:4157496,5.0594175e-05
urn:harmonic:company:3638252,5.0585397e-05
urn:harmonic:company:10553127,5.0567935e-05
urn:harmonic:company:10195282,5.0557137e-05
urn:harmonic:company:4430251,5.055675e-05
urn:harmonic:company:3579761,5.05233e-05
urn:harmonic:company:3364047,5.0506245e-05
urn:harmonic:company:48282888,5.046595e-05
urn:harmonic:company:105747,5.0419338e-05
urn:harmonic:company:7795043,5.0394247e-05
urn:harmonic:company:3823419,5.0380262e-05
urn:harmonic:company:1678743,5.0372288e-05
urn:harmonic:company:44944554,5.0356633e-05
urn:harmonic:company:716352,5.0341892e-05
urn:harmonic:company:802326,5.0338724e-05
urn:harmonic:company:1370323,5.0327493e-05
urn:harmonic:company:44590374,5.0316885e-05
urn:harmonic:company:4362954,5.0300383e-05
urn:harmonic:company:11220611,5.0280523e-05
urn:harmonic:company:657831,5.026025e-05
urn:harmonic:company:11115611,5.0258812e-05
urn:harmonic:company:1840966,5.0250903e-05
urn:harmonic:company:3241107,5.0226947e-05
urn:harmonic:company:4575838,5.0220053e-05
urn:harmonic:company:769377,5.020387e-05
urn:harmonic:company:1842188,5.0191135e-05
urn:harmonic:company:13415374,5.018525e-05
urn:harmonic:company:13158117,5.0144772e-05
urn:harmonic:company:571794,5.01126e-05
urn:harmonic:company:1838104,5.009808e-05
urn:harmonic:company:49546714,5.007114e-05
urn:harmonic:company:40173628,5.0011633e-05
urn:harmonic:company:669890,4.9986123e-05
urn:harmonic:company:11295657,4.9976017e-05
urn:harmonic:company:724885,4.995372e-05
urn:harmonic:company:2069586,4.9928953e-05
urn:harmonic:company:11680217,4.9891685e-05
urn:harmonic:company:3260979,4.9868282e-05
urn:harmonic:company:3599367,4.980997e-05
urn:harmonic:company:739977,4.9779148e-05
urn:harmonic:company:12584166,4.976885e-05
urn:harmonic:company:612994,4.9754897e-05
urn:harmonic:company:10153841,4.974005e-05
urn:harmonic:company:1730378,4.9732458e-05
urn:harmonic:company:3954162,4.972615e-05
urn:harmonic:company:668189,4.9696762e-05
urn:harmonic:company:76165,4.9629652e-05
urn:harmonic:company:1696976,4.960675e-05
urn:harmonic:company:800953,4.9605853e-05
urn:harmonic:company:11349703,4.9592512e-05
urn:harmonic:company:4414822,4.9531303e-05
urn:harmonic:company:4253258,4.9509632e-05
urn:harmonic:company:4361576,4.9508544e-05
urn:harmonic:company:1990457,4.9492213e-05
urn:harmonic:company:1525925,4.9482536e-05
urn:harmonic:company:10629737,4.9465412e-05
urn:harmonic:company:11553897,4.9433722e-05
urn:harmonic:company:2138660,4.9399936e-05
urn:harmonic:company:3848934,4.9375492e-05
urn:harmonic:company:12969905,4.9302562e-05
urn:harmonic:company:802555,4.9294147e-05
urn:harmonic:company:34800182,4.9290196e-05
urn:harmonic:company:48455203,4.9249928e-05
urn:harmonic:company:10526427,4.9243823e-05
urn:harmonic:company:34625,4.923195e-05
urn:harmonic:company:46224467,4.9219318e-05
urn:harmonic:company:611427,4.9200782e-05
urn:harmonic:company:3495930,4.9193088e-05
urn:harmonic:company:106298,4.9156744e-05
urn:harmonic:company:9858608,4.9114482e-05
urn:harmonic:company:12849380,4.910947e-05
urn:harmonic:company:34531196,4.9044742e-05
urn:harmonic:company:9022349,4.903866e-05
urn:harmonic:company:628272,4.90323e-05
urn:harmonic:company:13467367,4.9023372e-05
urn:harmonic:company:633446,4.9010425e-05
urn:harmonic:company:1682550,4.8966744e-05
urn:harmonic:company:42759522,4.8944523e-05
urn:harmonic:company:3954425,4.894158e-05
urn:harmonic:company:12338471,4.8936217e-05
urn:harmonic:company:3327224,4.8864586e-05
urn:harmonic:company:659152,4.886072e-05
urn:harmonic:company:12401735,4.874986e-05
urn:harmonic:company:19169250,4.874372e-05
urn:harmonic:company:3439014,4.8715698e-05
urn:harmonic:company:45745739,4.868421e-05
urn:harmonic:company:4048122,4.8674832e-05
urn:harmonic:company:776079,4.8659283e-05
urn:harmonic:company:12841070,4.8655478e-05
urn:harmonic:company:6711014,4.8648242e-05
urn:harmonic:company:5149558,4.8633494e-05
urn:harmonic:company:1843823,4.8631035e-05
urn:harmonic:company:2134779,4.8568607e-05
urn:harmonic:company:7977456,4.8558188e-05
urn:harmonic:company:1450578,4.8543556e-05
urn:harmonic:company:554659,4.85113e-05
urn:harmonic:company:1461629,4.851024e-05
urn:harmonic:company:10175811,4.8476337e-05
urn:harmonic:company:463107,4.8461086e-05
urn:harmonic:company:12860845,4.843115e-05
urn:harmonic:company:3621727,4.84227e-05
urn:harmonic:company:3610253,4.8406535e-05
urn:harmonic:company:1983944,4.8381153e-05
urn:harmonic:company:1608597,4.8369857e-05
urn:harmonic:company:740926,4.8367594e-05
urn:harmonic:company:1947260,4.8351958e-05
urn:harmonic:company:11101541,4.831656e-05
urn:harmonic:company:654104,4.83126e-05
urn:harmonic:company:4482965,4.8289337e-05
urn:harmonic:company:37116259,4.8272577e-05
urn:harmonic:company:106278,4.8268295e-05
urn:harmonic:company:1395622,4.8221966e-05
urn:harmonic:company:1998972,4.8208953e-05
urn:harmonic:company:635873,4.8206566e-05
urn:harmonic:company:10550200,4.8174992e-05
urn:harmonic:company:2260539,4.815556e-05
urn:harmonic:company:3597537,4.813871e-05
urn:harmonic:company:36980397,4.8076457e-05
urn:harmonic:company:1730588,4.8050148e-05
urn:harmonic:company:2214956,4.802051e-05
urn:harmonic:company:771355,4.8000642e-05
urn:harmonic:company:36749489,4.7995785e-05
urn:harmonic:company:11210945,4.797062e-05
urn:harmonic:company:3253474,4.795827e-05
urn:harmonic:company:15019643,4.7939113e-05
urn:harmonic:company:4059855,4.7912104e-05
urn:harmonic:company:1370352,4.7896614e-05
urn:harmonic:company:779330,4.788059e-05
urn:harmonic:company:1828524,4.7829933e-05
urn:harmonic:company:12221568,4.7825964e-05
urn:harmonic:company:3167540,4.7812646e-05
urn:harmonic:company:6491047,4.7790403e-05
urn:harmonic:company:668006,4.778416e-05
urn:harmonic:company:4286752,4.7685015e-05
urn:harmonic:company:3452335,4.7674057e-05
urn:harmonic:company:1525821,4.76696e-05
urn:harmonic:company:4073374,4.7665144e-05
urn:harmonic:company:742090,4.7658097e-05
urn:harmonic:company:3678686,4.7612764e-05
urn:harmonic:company:4202680,4.7605594e-05
urn:harmonic:company:4392126,4.7593836e-05
urn:harmonic:company:18731595,4.7578676e-05
urn:harmonic:company:19451541,4.7552097e-05
urn:harmonic:company:1818826,4.7543166e-05
urn:harmonic:company:4388246,4.7517875e-05
urn:harmonic:company:4068414,4.75084e-05
urn:harmonic:company:516381,4.7488833e-05
urn:harmonic:company:6554,4.7420184e-05
urn:harmonic:company:1513,4.7414756e-05
urn:harmonic:company:511592,4.7414484e-05
urn:harmonic:company:37421450,4.739021e-05
urn:harmonic:company:1986611,4.738524e-05
urn:harmonic:company:6681562,4.7314847e-05
urn:harmonic:company:10521161,4.7241356e-05
urn:harmonic:company:2246855,4.7240635e-05
urn:harmonic:company:637823,4.7238424e-05
urn:harmonic:company:12836169,4.718062e-05
urn:harmonic:company:5214951,4.711695e-05
urn:harmonic:company:1597007,4.706585e-05
urn:harmonic:company:793959,4.706441e-05
urn:harmonic:company:1653383,4.706432e-05
urn:harmonic:company:8844,4.705225e-05
urn:harmonic:company:9131726,4.7038477e-05
urn:harmonic:company:669557,4.703749e-05
urn:harmonic:company:608528,4.7034173e-05
urn:harmonic:company:3964872,4.701897e-05
urn:harmonic:company:2124953,4.700794e-05
urn:harmonic:company:10556646,4.7001577e-05
urn:harmonic:company:170008,4.699669e-05
urn:harmonic:company:795318,4.6989433e-05
urn:harmonic:company:222845,4.6931436e-05
urn:harmonic:company:3823387,4.6776484e-05
urn:harmonic:company:4297575,4.677443e-05
urn:harmonic:company:12463825,4.677095e-05
urn:harmonic:company:36899302,4.676685e-05
urn:harmonic:company:11289074,4.6761717e-05
urn:harmonic:company:1965917,4.6761048e-05
urn:harmonic:company:705486,4.6760473e-05
urn:harmonic:company:12467429,4.6742814e-05
urn:harmonic:company:666186,4.6733145e-05
urn:harmonic:company:5072848,4.6711666e-05
urn:harmonic:company:172765,4.6668476e-05
urn:harmonic:company:49847782,4.6611993e-05
urn:harmonic:company:10609361,4.6585596e-05
urn:harmonic:company:106079,4.657582e-05
urn:harmonic:company:12514885,4.651346e-05
urn:harmonic:company:4483134,4.6495545e-05
urn:harmonic:company:792983,4.6487832e-05
urn:harmonic:company:38557812,4.6463185e-05
urn:harmonic:company:12866597,4.644126e-05
urn:harmonic:company:432744,4.6437406e-05
urn:harmonic:company:772338,4.6414425e-05
urn:harmonic:company:3205167,4.6366382e-05
urn:harmonic:company:10324149,4.636183e-05
urn:harmonic:company:3177901,4.6313708e-05
urn:harmonic:company:1701784,4.631278e-05
urn:harmonic:company:637081,4.6309113e-05
urn:harmonic:company:3164755,4.625077e-05
urn:harmonic:company:3990537,4.6219597e-05
urn:harmonic:company:12696687,4.621422e-05
urn:harmonic:company:10558431,4.6181358e-05
urn:harmonic:company:12841048,4.617528e-05
urn:harmonic:company:7498325,4.6153444e-05
urn:harmonic:company:9800716,4.614671e-05
urn:harmonic:company:10706954,4.613197e-05
urn:harmonic:company:3250402,4.6125897e-05
urn:harmonic:company:1537582,4.6067475e-05
urn:harmonic:company:11554496,4.604051e-05
urn:harmonic:company:1370520,4.602936e-05
urn:harmonic:company:12957732,4.6000572e-05
urn:harmonic:company:6485,4.597435e-05
urn:harmonic:company:12434442,4.595524e-05
urn:harmonic:company:12957139,4.5924175e-05
urn:harmonic:company:11004840,4.59032e-05
urn:harmonic:company:3275905,4.5885346e-05
urn:harmonic:company:1678744,4.5874935e-05
urn:harmonic:company:10696321,4.587327e-05
urn:harmonic:company:528277,4.586356e-05
urn:harmonic:company:43332540,4.585687e-05
urn:harmonic:company:699838,4.576312e-05
urn:harmonic:company:2074351,4.57564e-05
urn:harmonic:company:18400465,4.5739125e-05
urn:harmonic:company:649370,4.571453e-05
urn:harmonic:company:105169,4.564744e-05
urn:harmonic:company:7866105,4.5636734e-05
urn:harmonic:company:3176489,4.5633384e-05
urn:harmonic:company:4158035,4.5630422e-05
urn:harmonic:company:166639,4.562655e-05
urn:harmonic:company:11328376,4.5619505e-05
urn:harmonic:company:4162594,4.557172e-05
urn:harmonic:company:10541909,4.5513218e-05
urn:harmonic:company:3675160,4.5513047e-05
urn:harmonic:company:3116376,4.5507273e-05
urn:harmonic:company:4199562,4.545995e-05
urn:harmonic:company:1554141,4.5444474e-05
urn:harmonic:company:10820102,4.5431127e-05
urn:harmonic:company:1463499,4.5405533e-05
urn:harmonic:company:3052384,4.5328652e-05
urn:harmonic:company:659177,4.5318324e-05
urn:harmonic:company:774861,4.5305445e-05
urn:harmonic:company:105989,4.530143e-05
urn:harmonic:company:40804957,4.5294513e-05
urn:harmonic:company:35430634,4.5286957e-05
urn:harmonic:company:1816212,4.5241675e-05
urn:harmonic:company:3861228,4.5196313e-05
urn:harmonic:company:1589237,4.518524e-05
urn:harmonic:company:4343907,4.516047e-05
urn:harmonic:company:4116235,4.5117984e-05
urn:harmonic:company:1369739,4.5086283e-05
urn:harmonic:company:11282606,4.5080134e-05
urn:harmonic:company:4445527,4.5044424e-05
urn:harmonic:company:11221276,4.5033128e-05
urn:harmonic:company:14479668,4.4996337e-05
urn:harmonic:company:8933,4.4996166e-05
urn:harmonic:company:710926,4.4962966e-05
urn:harmonic:company:41052818,4.4921526e-05
urn:harmonic:company:3205974,4.4890006e-05
urn:harmonic:company:4297347,4.4889533e-05
urn:harmonic:company:4502315,4.48722e-05
urn:harmonic:company:2022124,4.4825025e-05
urn:harmonic:company:3965158,4.476326e-05
urn:harmonic:company:11178034,4.474405e-05
urn:harmonic:company:6176457,4.4735218e-05
urn:harmonic:company:15634174,4.4691686e-05
urn:harmonic:company:34495348,4.468478e-05
urn:harmonic:company:19303427,4.460202e-05
urn:harmonic:company:1560027,4.4577526e-05
urn:harmonic:company:37346647,4.4542085e-05
urn:harmonic:company:620018,4.4506505e-05
urn:harmonic:company:3956680,4.4494285e-05
urn:harmonic:company:6825512,4.447922e-05
urn:harmonic:company:10175763,4.447392e-05
urn:harmonic:company:11482913,4.4436147e-05
urn:harmonic:company:3271013,4.4395994e-05
urn:harmonic:company:1464601,4.4387612e-05
urn:harmonic:company:10287577,4.437944e-05
urn:harmonic:company:12789554,4.4368397e-05
urn:harmonic:company:3293794,4.4353e-05
urn:harmonic:company:4363703,4.4328262e-05
urn:harmonic:company:12789569,4.4302316e-05
urn:harmonic:company:3064726,4.4296823e-05
urn:harmonic:company:41535721,4.4281238e-05
urn:harmonic:company:9182784,4.427237e-05
urn:harmonic:company:4095492,4.4247514e-05
urn:harmonic:company:719031,4.42179e-05
urn:harmonic:company:12850176,4.4198972e-05
urn:harmonic:company:2123565,4.4178825e-05
urn:harmonic:company:701100,4.4137225e-05
urn:harmonic:company:10653459,4.4113192e-05
urn:harmonic:company:3665701,4.4100325e-05
urn:harmonic:company:3628895,4.4080814e-05
urn:harmonic:company:6581439,4.4049593e-05
urn:harmonic:company:1841970,4.4016964e-05
urn:harmonic:company:12706691,4.3995937e-05
urn:harmonic:company:1731987,4.399401e-05
urn:harmonic:company:10898663,4.398973e-05
urn:harmonic:company:3274249,4.398256e-05
urn:harmonic:company:4871683,4.3948217e-05
urn:harmonic:company:12018614,4.3920234e-05
urn:harmonic:company:12584143,4.391563e-05
urn:harmonic:company:3294553,4.385507e-05
urn:harmonic:company:11559814,4.38411e-05
urn:harmonic:company:12576288,4.3836004e-05
urn:harmonic:company:4297259,4.3820288e-05
urn:harmonic:company:654705,4.3778935e-05
urn:harmonic:company:1560348,4.3770004e-05
urn:harmonic:company:704060,4.3767996e-05
urn:harmonic:company:3935152,4.3752432e-05
urn:harmonic:company:4113005,4.373124e-05
urn:harmonic:company:1431125,4.363809e-05
urn:harmonic:company:19409283,4.3616372e-05
urn:harmonic:company:47991731,4.3616164e-05
urn:harmonic:company:1678819,4.3574757e-05
urn:harmonic:company:3251577,4.3571352e-05
urn:harmonic:company:610596,4.354896e-05
urn:harmonic:company:4456755,4.3506123e-05
urn:harmonic:company:12854998,4.349878e-05
urn:harmonic:company:2106650,4.347643e-05
urn:harmonic:company:780486,4.345094e-05
urn:harmonic:company:4323897,4.3398264e-05
urn:harmonic:company:6571805,4.3376418e-05
urn:harmonic:company:3861543,4.3375796e-05
urn:harmonic:company:2121813,4.3314332e-05
urn:harmonic:company:3785978,4.3295997e-05
urn:harmonic:company:755306,4.323122e-05
urn:harmonic:company:2179131,4.3181488e-05
urn:harmonic:company:1859,4.3169177e-05
urn:harmonic:company:10951420,4.3116885e-05
urn:harmonic:company:1824019,4.3114334e-05
urn:harmonic:company:479965,4.3076896e-05
urn:harmonic:company:21503905,4.305016e-05
urn:harmonic:company:960,4.3047163e-05
urn:harmonic:company:793012,4.3041295e-05
urn:harmonic:company:658544,4.302422e-05
urn:harmonic:company:686870,4.3013802e-05
urn:harmonic:company:648274,4.2982803e-05
urn:harmonic:company:47175674,4.295703e-05
urn:harmonic:company:4078908,4.295064e-05
urn:harmonic:company:36996942,4.2871536e-05
urn:harmonic:company:676953,4.2847096e-05
urn:harmonic:company:688789,4.2777487e-05
urn:harmonic:company:7493445,4.2776832e-05
urn:harmonic:company:4015473,4.277512e-05
urn:harmonic:company:3291056,4.2770836e-05
urn:harmonic:company:750097,4.2770753e-05
urn:harmonic:company:735092,4.2768144e-05
urn:harmonic:company:3695882,4.2760435e-05
urn:harmonic:company:73396,4.2738993e-05
urn:harmonic:company:106131,4.2738626e-05
urn:harmonic:company:1521251,4.2719883e-05
urn:harmonic:company:12483542,4.2706397e-05
urn:harmonic:company:666797,4.268388e-05
urn:harmonic:company:2198796,4.2664713e-05
urn:harmonic:company:8946171,4.2639782e-05
urn:harmonic:company:12581438,4.25794e-05
urn:harmonic:company:3503173,4.2541003e-05
urn:harmonic:company:4585560,4.2491905e-05
urn:harmonic:company:3329326,4.248733e-05
urn:harmonic:company:13421294,4.2485906e-05
urn:harmonic:company:1815995,4.248506e-05
urn:harmonic:company:3638359,4.246266e-05
urn:harmonic:company:3224893,4.2409767e-05
urn:harmonic:company:3300446,4.240491e-05
urn:harmonic:company:1520356,4.238393e-05
urn:harmonic:company:4060128,4.2379565e-05
urn:harmonic:company:1918025,4.232464e-05
urn:harmonic:company:3585340,4.232177e-05
urn:harmonic:company:32149865,4.231883e-05
urn:harmonic:company:4986508,4.231019e-05
urn:harmonic:company:3689277,4.2309744e-05
urn:harmonic:company:10838402,4.2288168e-05
urn:harmonic:company:4126349,4.2277643e-05
urn:harmonic:company:170128,4.2274052e-05
urn:harmonic:company:3206384,4.227353e-05
urn:harmonic:company:37397800,4.2270145e-05
urn:harmonic:company:3203062,4.2267562e-05
urn:harmonic:company:4123308,4.224089e-05
urn:harmonic:company:4239408,4.2237425e-05
urn:harmonic:company:34270823,4.2236737e-05
urn:harmonic:company:4296174,4.2161446e-05
urn:harmonic:company:44254826,4.216012e-05
urn:harmonic:company:795645,4.209969e-05
urn:harmonic:company:334498,4.209588e-05
urn:harmonic:company:10884382,4.2070675e-05
urn:harmonic:company:611457,4.2057e-05
urn:harmonic:company:37205920,4.204144e-05
urn:harmonic:company:12706509,4.2030257e-05
urn:harmonic:company:792714,4.2019794e-05
urn:harmonic:company:793342,4.1991832e-05
urn:harmonic:company:47582689,4.1980944e-05
urn:harmonic:company:10884267,4.1971816e-05
urn:harmonic:company:7792871,4.193749e-05
urn:harmonic:company:685125,4.1887888e-05
urn:harmonic:company:3291217,4.1886567e-05
urn:harmonic:company:4430078,4.1859013e-05
urn:harmonic:company:21741694,4.1844967e-05
urn:harmonic:company:3291918,4.1833915e-05
urn:harmonic:company:11683395,4.1829087e-05
urn:harmonic:company:1835452,4.181549e-05
urn:harmonic:company:7657564,4.1773637e-05
urn:harmonic:company:106399,4.1725027e-05
urn:harmonic:company:823008,4.1699885e-05
urn:harmonic:company:4116014,4.169742e-05
urn:harmonic:company:965,4.1659066e-05
urn:harmonic:company:1744505,4.1629715e-05
urn:harmonic:company:680013,4.1624793e-05
urn:harmonic:company:795839,4.1556337e-05
urn:harmonic:company:3183615,4.1512176e-05
urn:harmonic:company:1835825,4.1509284e-05
urn:harmonic:company:6812933,4.146359e-05
urn:harmonic:company:1434521,4.140969e-05
urn:harmonic:company:6476731,4.140357e-05
urn:harmonic:company:35279563,4.1393225e-05
urn:harmonic:company:642583,4.1357438e-05
urn:harmonic:company:1489386,4.1351246e-05
urn:harmonic:company:10443736,4.1343203e-05
urn:harmonic:company:10831302,4.1263243e-05
urn:harmonic:company:2028869,4.1229614e-05
urn:harmonic:company:4298116,4.1225645e-05
urn:harmonic:company:1777660,4.1175117e-05
urn:harmonic:company:3361234,4.114089e-05
urn:harmonic:company:6590758,4.111281e-05
urn:harmonic:company:660484,4.1110223e-05
urn:harmonic:company:11061573,4.1104537e-05
urn:harmonic:company:10685976,4.110438e-05
urn:harmonic:company:4679258,4.1093565e-05
urn:harmonic:company:3641433,4.109329e-05
urn:harmonic:company:783162,4.105631e-05
urn:harmonic:company:1816635,4.1054354e-05
urn:harmonic:company:618340,4.103811e-05
urn:harmonic:company:12789806,4.1037838e-05
urn:harmonic:company:32469,4.1034706e-05
urn:harmonic:company:4149690,4.103369e-05
urn:harmonic:company:30941065,4.1017025e-05
urn:harmonic:company:1500177,4.099133e-05
urn:harmonic:company:2141293,4.094894e-05
urn:harmonic:company:6779,4.0940387e-05
urn:harmonic:company:12583449,4.0937422e-05
urn:harmonic:company:25527031,4.093473e-05
urn:harmonic:company:48352541,4.0903313e-05
urn:harmonic:company:21399464,4.088557e-05
urn:harmonic:company:3621572,4.0874107e-05
urn:harmonic:company:3387664,4.086417e-05
urn:harmonic:company:2218583,4.085782e-05
urn:harmonic:company:772588,4.084598e-05
urn:harmonic:company:4297435,4.083445e-05
urn:harmonic:company:707422,4.0816656e-05
urn:harmonic:company:3204951,4.080786e-05
urn:harmonic:company:3520554,4.0806768e-05
urn:harmonic:company:36737313,4.0796498e-05
urn:harmonic:company:1839093,4.0793e-05
urn:harmonic:company:801989,4.0777944e-05
urn:harmonic:company:4247061,4.0747156e-05
urn:harmonic:company:4286534,4.0746265e-05
urn:harmonic:company:3241839,4.0725987e-05
urn:harmonic:company:4393743,4.0706764e-05
urn:harmonic:company:3918404,4.0702304e-05
urn:harmonic:company:794831,4.06668e-05
urn:harmonic:company:3925493,4.0627263e-05
urn:harmonic:company:4514120,4.06084e-05
urn:harmonic:company:3101613,4.060255e-05
urn:harmonic:company:3854695,4.057666e-05
urn:harmonic:company:2231748,4.055948e-05
urn:harmonic:company:7499788,4.0536048e-05
urn:harmonic:company:72370,4.0528394e-05
urn:harmonic:company:3350218,4.0499144e-05
urn:harmonic:company:4243811,4.0485902e-05
urn:harmonic:company:628578,4.042803e-05
urn:harmonic:company:1841637,4.0419898e-05
urn:harmonic:company:57033140,4.0401206e-05
urn:harmonic:company:3185336,4.039246e-05
urn:harmonic:company:1835958,4.037979e-05
urn:harmonic:company:56917715,4.034657e-05
urn:harmonic:company:12742790,4.0328952e-05
urn:harmonic:company:47832458,4.031438e-05
urn:harmonic:company:10266724,4.026616e-05
urn:harmonic:company:38222800,4.0252224e-05
urn:harmonic:company:2163568,4.019691e-05
urn:harmonic:company:6505454,4.017859e-05
urn:harmonic:company:766994,4.0171464e-05
urn:harmonic:company:10191198,4.0162347e-05
urn:harmonic:company:12885268,4.0158826e-05
urn:harmonic:company:1682540,4.0151626e-05
urn:harmonic:company:3957924,4.014894e-05
urn:harmonic:company:9567430,4.0147606e-05
urn:harmonic:company:4293337,4.013792e-05
urn:harmonic:company:2124088,4.013283e-05
urn:harmonic:company:36970191,4.0129842e-05
urn:harmonic:company:1998313,4.0089642e-05
urn:harmonic:company:12464145,4.0085895e-05
urn:harmonic:company:4298316,4.0081155e-05
urn:harmonic:company:3070527,4.006079e-05
urn:harmonic:company:20740350,4.0030543e-05
urn:harmonic:company:11191946,4.00252e-05
urn:harmonic:company:11583277,3.99835e-05
urn:harmonic:company:8411759,3.996612e-05
urn:harmonic:company:775777,3.995522e-05
urn:harmonic:company:11163029,3.995194e-05
urn:harmonic:company:674641,3.9917933e-05
urn:harmonic:company:1651229,3.991249e-05
urn:harmonic:company:4296160,3.9884526e-05
urn:harmonic:company:2147350,3.9862887e-05
urn:harmonic:company:1729952,3.9850267e-05
urn:harmonic:company:20400775,3.9829334e-05
urn:harmonic:company:11161267,3.9817525e-05
urn:harmonic:company:10122751,3.9796305e-05
urn:harmonic:company:1895374,3.973722e-05
urn:harmonic:company:45392121,3.972597e-05
urn:harmonic:company:10845454,3.9703093e-05
urn:harmonic:company:31216715,3.969794e-05
urn:harmonic:company:696342,3.9689465e-05
urn:harmonic:company:3584561,3.9672246e-05
urn:harmonic:company:843545,3.9652048e-05
urn:harmonic:company:1991322,3.965065e-05
urn:harmonic:company:3250611,3.9625815e-05
urn:harmonic:company:11210837,3.961758e-05
urn:harmonic:company:700044,3.9583854e-05
urn:harmonic:company:1409140,3.9515926e-05
urn:harmonic:company:3630610,3.951046e-05
urn:harmonic:company:2226205,3.9487186e-05
urn:harmonic:company:10976972,3.948455e-05
urn:harmonic:company:1164780,3.947585e-05
urn:harmonic:company:41109,3.9460607e-05
urn:harmonic:company:642266,3.9443225e-05
urn:harmonic:company:27579599,3.9411156e-05
urn:harmonic:company:1842477,3.9403676e-05
urn:harmonic:company:698400,3.9390412e-05
urn:harmonic:company:29764252,3.9389735e-05
urn:harmonic:company:11305467,3.9374037e-05
urn:harmonic:company:2233144,3.9369195e-05
urn:harmonic:company:76245,3.9362552e-05
urn:harmonic:company:4368819,3.934506e-05
urn:harmonic:company:106385,3.9332645e-05
urn:harmonic:company:4297800,3.9325067e-05
urn:harmonic:company:1777994,3.9317794e-05
urn:harmonic:company:7135729,3.9317383e-05
urn:harmonic:company:667824,3.9315244e-05
urn:harmonic:company:46732699,3.9315208e-05
urn:harmonic:company:12465024,3.9305272e-05
urn:harmonic:company:693188,3.9305232e-05
urn:harmonic:company:3331896,3.9277395e-05
urn:harmonic:company:1503031,3.927395e-05
urn:harmonic:company:4285340,3.9256276e-05
urn:harmonic:company:10681520,3.9252267e-05
urn:harmonic:company:175799,3.9250248e-05
urn:harmonic:company:4021446,3.9207975e-05
urn:harmonic:company:883,3.915238e-05
urn:harmonic:company:1998381,3.912819e-05
urn:harmonic:company:11301511,3.9118004e-05
urn:harmonic:company:642081,3.910872e-05
urn:harmonic:company:1449445,3.908754e-05
urn:harmonic:company:11083544,3.9076695e-05
urn:harmonic:company:2128459,3.9059665e-05
urn:harmonic:company:3158433,3.9049835e-05
urn:harmonic:company:4413569,3.904704e-05
urn:harmonic:company:2106643,3.9035353e-05
urn:harmonic:company:438571,3.902009e-05
urn:harmonic:company:49725,3.9003982e-05
urn:harmonic:company:4054625,3.8977694e-05
urn:harmonic:company:661832,3.897186e-05
urn:harmonic:company:3628436,3.8967883e-05
urn:harmonic:company:795367,3.895499e-05
urn:harmonic:company:1572759,3.89424e-05
urn:harmonic:company:41070941,3.8937607e-05
urn:harmonic:company:1958615,3.88765e-05
urn:harmonic:company:762061,3.885352e-05
urn:harmonic:company:6645555,3.8838294e-05
urn:harmonic:company:692430,3.8833663e-05
urn:harmonic:company:170292,3.8828184e-05
urn:harmonic:company:1448631,3.8807528e-05
urn:harmonic:company:6704863,3.8801572e-05
urn:harmonic:company:3214457,3.8757415e-05
urn:harmonic:company:12587543,3.8745995e-05
urn:harmonic:company:11681304,3.873192e-05
urn:harmonic:company:170481,3.8729337e-05
urn:harmonic:company:3181183,3.8719732e-05
urn:harmonic:company:12388675,3.8718663e-05
urn:harmonic:company:3419120,3.8713715e-05
urn:harmonic:company:6425,3.8712016e-05
urn:harmonic:company:12956944,3.8708844e-05
urn:harmonic:company:4875118,3.8705115e-05
urn:harmonic:company:37034944,3.8695518e-05
urn:harmonic:company:6834867,3.86583e-05
urn:harmonic:company:3846386,3.86569e-05
urn:harmonic:company:10594023,3.8638624e-05
urn:harmonic:company:6761783,3.863479e-05
urn:harmonic:company:3641680,3.8628266e-05
urn:harmonic:company:4109262,3.86251e-05
urn:harmonic:company:3114536,3.8606322e-05
urn:harmonic:company:3385797,3.860334e-05
urn:harmonic:company:13094889,3.8589682e-05
urn:harmonic:company:11576513,3.8570513e-05
urn:harmonic:company:10525200,3.8563452e-05
urn:harmonic:company:701798,3.8552862e-05
urn:harmonic:company:680993,3.8547532e-05
urn:harmonic:company:3954646,3.854617e-05
urn:harmonic:company:775959,3.849926e-05
urn:harmonic:company:11245487,3.8495808e-05
urn:harmonic:company:4424887,3.8475366e-05
urn:harmonic:company:435263,3.8446648e-05
urn:harmonic:company:3406849,3.8438327e-05
urn:harmonic:company:36315271,3.8410915e-05
urn:harmonic:company:10229422,3.8409267e-05
urn:harmonic:company:4161340,3.8404763e-05
urn:harmonic:company:7866450,3.839751e-05
urn:harmonic:company:718414,3.839539e-05
urn:harmonic:company:6572079,3.8394144e-05
urn:harmonic:company:11304,3.838166e-05
urn:harmonic:company:11339840,3.8377962e-05
urn:harmonic:company:3220051,3.8377526e-05
urn:harmonic:company:3639859,3.837295e-05
urn:harmonic:company:4526856,3.8369693e-05
urn:harmonic:company:73094,3.8365375e-05
urn:harmonic:company:4196955,3.8359885e-05
urn:harmonic:company:3642668,3.835228e-05
urn:harmonic:company:1580441,3.83465e-05
urn:harmonic:company:34984292,3.8338894e-05
urn:harmonic:company:4411659,3.8322665e-05
urn:harmonic:company:1841133,3.829932e-05
urn:harmonic:company:3068952,3.829355e-05
urn:harmonic:company:1784741,3.8262373e-05
urn:harmonic:company:37131296,3.822791e-05
urn:harmonic:company:3678248,3.8207756e-05
urn:harmonic:company:4389523,3.820495e-05
urn:harmonic:company:769786,3.8200615e-05
urn:harmonic:company:30468515,3.819912e-05
urn:harmonic:company:6581422,3.8192928e-05
urn:harmonic:company:6836749,3.81926e-05
urn:harmonic:company:105217,3.8182003e-05
urn:harmonic:company:3677985,3.8164893e-05
urn:harmonic:company:34563376,3.8154813e-05
urn:harmonic:company:768482,3.815354e-05
urn:harmonic:company:3296179,3.815132e-05
urn:harmonic:company:10854955,3.8120517e-05
urn:harmonic:company:1990354,3.8116734e-05
urn:harmonic:company:1568978,3.8115828e-05
urn:harmonic:company:12886287,3.8068712e-05
urn:harmonic:company:106260,3.8067585e-05
urn:harmonic:company:783237,3.804269e-05
urn:harmonic:company:674138,3.802267e-05
urn:harmonic:company:12817159,3.801165e-05
urn:harmonic:company:44926493,3.800563e-05
urn:harmonic:company:771018,3.7979004e-05
urn:harmonic:company:4323830,3.7957205e-05
urn:harmonic:company:10194916,3.7932743e-05
urn:harmonic:company:1531222,3.7902515e-05
urn:harmonic:company:4212991,3.787946e-05
urn:harmonic:company:7692111,3.784072e-05
urn:harmonic:company:775040,3.781691e-05
urn:harmonic:company:724687,3.7815684e-05
urn:harmonic:company:3245896,3.7788068e-05
urn:harmonic:company:1837914,3.778681e-05
urn:harmonic:company:107345,3.7768834e-05
urn:harmonic:company:2262862,3.7743663e-05
urn:harmonic:company:47828510,3.7723046e-05
urn:harmonic:company:1842874,3.7722755e-05
urn:harmonic:company:10845322,3.7706213e-05
urn:harmonic:company:3204959,3.769924e-05
urn:harmonic:company:10857914,3.7649876e-05
urn:harmonic:company:3404132,3.7618185e-05
urn:harmonic:company:36683814,3.7609898e-05
urn:harmonic:company:1610002,3.7606096e-05
urn:harmonic:company:735140,3.7575228e-05
urn:harmonic:company:3305659,3.7567275e-05
urn:harmonic:company:2042409,3.7556318e-05
urn:harmonic:company:9009200,3.7547543e-05
urn:harmonic:company:10575425,3.7533006e-05
urn:harmonic:company:4902091,3.7478105e-05
urn:harmonic:company:40254647,3.746449e-05
urn:harmonic:company:10528645,3.745595e-05
urn:harmonic:company:179681,3.742014e-05
urn:harmonic:company:4323919,3.7419035e-05
urn:harmonic:company:10261545,3.738191e-05
urn:harmonic:company:6843635,3.737521e-05
urn:harmonic:company:685684,3.7326587e-05
urn:harmonic:company:10259390,3.7319965e-05
urn:harmonic:company:11493972,3.7318932e-05
urn:harmonic:company:106158,3.7312064e-05
urn:harmonic:company:756867,3.72962e-05
urn:harmonic:company:3648046,3.7293317e-05
urn:harmonic:company:1579941,3.7289585e-05
urn:harmonic:company:759072,3.7278918e-05
urn:harmonic:company:37078190,3.724207e-05
urn:harmonic:company:40235364,3.7237416e-05
urn:harmonic:company:12467459,3.721065e-05
urn:harmonic:company:681766,3.7204336e-05
urn:harmonic:company:10265164,3.7196423e-05
urn:harmonic:company:641796,3.7184756e-05
urn:harmonic:company:3675904,3.717816e-05
urn:harmonic:company:3210919,3.7162175e-05
urn:harmonic:company:701578,3.7143327e-05
urn:harmonic:company:13618504,3.7135356e-05
urn:harmonic:company:47248601,3.7121867e-05
urn:harmonic:company:11502286,3.7119564e-05
urn:harmonic:company:34854813,3.711415e-05
urn:harmonic:company:4170238,3.710332e-05
urn:harmonic:company:723361,3.708659e-05
urn:harmonic:company:644341,3.7073114e-05
urn:harmonic:company:3216422,3.7051803e-05
urn:harmonic:company:767054,3.7001875e-05
urn:harmonic:company:12383435,3.7000533e-05
urn:harmonic:company:6592718,3.695832e-05
urn:harmonic:company:36935742,3.695596e-05
urn:harmonic:company:3958962,3.6951627e-05
urn:harmonic:company:12465971,3.69388e-05
urn:harmonic:company:1619393,3.6883503e-05
urn:harmonic:company:19020491,3.687865e-05
urn:harmonic:company:11299605,3.6859874e-05
urn:harmonic:company:1956772,3.6852423e-05
urn:harmonic:company:12789838,3.6850597e-05
urn:harmonic:company:1676228,3.6819296e-05
urn:harmonic:company:1431081,3.681389e-05
urn:harmonic:company:4049724,3.6812624e-05
urn:harmonic:company:12886390,3.680606e-05
urn:harmonic:company:1449073,3.6760808e-05
urn:harmonic:company:3165207,3.6749523e-05
urn:harmonic:company:1696089,3.6722617e-05
urn:harmonic:company:3122157,3.6720412e-05
urn:harmonic:company:644994,3.6707283e-05
urn:harmonic:company:11303733,3.6705183e-05
urn:harmonic:company:106477,3.6691534e-05
urn:harmonic:company:4421163,3.6690555e-05
urn:harmonic:company:3795256,3.6681773e-05
urn:harmonic:company:41495040,3.667936e-05
urn:harmonic:company:42838296,3.6619105e-05
urn:harmonic:company:437251,3.661694e-05
urn:harmonic:company:10730896,3.6611527e-05
urn:harmonic:company:1840772,3.6606853e-05
urn:harmonic:company:613979,3.660081e-05
urn:harmonic:company:10350086,3.659952e-05
urn:harmonic:company:12867037,3.6576876e-05
urn:harmonic:company:43353453,3.6563728e-05
urn:harmonic:company:12854878,3.6554524e-05
urn:harmonic:company:4168438,3.6551144e-05
urn:harmonic:company:692423,3.654898e-05
urn:harmonic:company:10894,3.654034e-05
urn:harmonic:company:1837904,3.6516652e-05
urn:harmonic:company:3334892,3.647958e-05
urn:harmonic:company:1550486,3.64777e-05
urn:harmonic:company:3120663,3.6456175e-05
urn:harmonic:company:11680602,3.6437374e-05
urn:harmonic:company:3319074,3.6381192e-05
urn:harmonic:company:12787357,3.6346344e-05
urn:harmonic:company:775443,3.6308822e-05
urn:harmonic:company:4102129,3.6278678e-05
urn:harmonic:company:3206259,3.6273937e-05
urn:harmonic:company:3203323,3.6263664e-05
urn:harmonic:company:660521,3.6257716e-05
urn:harmonic:company:1422629,3.625623e-05
urn:harmonic:company:3444372,3.6254674e-05
urn:harmonic:company:41014234,3.624645e-05
urn:harmonic:company:3264567,3.623601e-05
urn:harmonic:company:10871924,3.6230173e-05
urn:harmonic:company:10356045,3.6226233e-05
urn:harmonic:company:13363757,3.6208443e-05
urn:harmonic:company:4363797,3.6192047e-05
urn:harmonic:company:10984874,3.6160374e-05
urn:harmonic:company:1792469,3.615872e-05
urn:harmonic:company:10363218,3.6158654e-05
urn:harmonic:company:12577764,3.6139383e-05
urn:harmonic:company:1464563,3.6130285e-05
urn:harmonic:company:642067,3.6120673e-05
urn:harmonic:company:611501,3.6072342e-05
urn:harmonic:company:765254,3.6052053e-05
urn:harmonic:company:1671086,3.6049405e-05
urn:harmonic:company:12692136,3.6047997e-05
urn:harmonic:company:2104201,3.6032015e-05
urn:harmonic:company:40893768,3.602703e-05
urn:harmonic:company:751507,3.6015834e-05
urn:harmonic:company:34868496,3.5991525e-05
urn:harmonic:company:11048582,3.595969e-05
urn:harmonic:company:10878957,3.5959514e-05
urn:harmonic:company:12590919,3.5952282e-05
urn:harmonic:company:3865109,3.595187e-05
urn:harmonic:company:1423080,3.5949604e-05
urn:harmonic:company:9847973,3.594851e-05
urn:harmonic:company:2139728,3.59348e-05
urn:harmonic:company:749075,3.591308e-05
urn:harmonic:company:3329301,3.5904723e-05
urn:harmonic:company:11213772,3.5866327e-05
urn:harmonic:company:2256116,3.586342e-05
urn:harmonic:company:637681,3.5852237e-05
urn:harmonic:company:21458548,3.5836787e-05
urn:harmonic:company:55909920,3.5831046e-05
urn:harmonic:company:675210,3.5823563e-05
urn:harmonic:company:1448118,3.581632e-05
urn:harmonic:company:36638044,3.5816218e-05
urn:harmonic:company:4086048,3.58113e-05
urn:harmonic:company:3392001,3.579986e-05
urn:harmonic:company:21217584,3.579529e-05
urn:harmonic:company:1456090,3.5787336e-05
urn:harmonic:company:1989974,3.5787198e-05
urn:harmonic:company:4115964,3.5765977e-05
urn:harmonic:company:16116815,3.5763318e-05
urn:harmonic:company:3133878,3.574337e-05
urn:harmonic:company:794181,3.574327e-05
urn:harmonic:company:12808162,3.572916e-05
urn:harmonic:company:774676,3.572725e-05
urn:harmonic:company:7708276,3.572037e-05
urn:harmonic:company:3126911,3.5671146e-05
urn:harmonic:company:10927321,3.5669684e-05
urn:harmonic:company:7686310,3.564724e-05
urn:harmonic:company:4066476,3.564537e-05
urn:harmonic:company:4432572,3.5616897e-05
urn:harmonic:company:1405047,3.560114e-05
urn:harmonic:company:1836638,3.5586985e-05
urn:harmonic:company:8445023,3.5578705e-05
urn:harmonic:company:2003432,3.5575686e-05
urn:harmonic:company:644998,3.5554116e-05
urn:harmonic:company:3101557,3.554367e-05
urn:harmonic:company:2259877,3.553886e-05
urn:harmonic:company:3346637,3.553354e-05
urn:harmonic:company:690510,3.5532863e-05
urn:harmonic:company:2139309,3.5527442e-05
urn:harmonic:company:37192489,3.548119e-05
urn:harmonic:company:11117400,3.5477064e-05
urn:harmonic:company:4054164,3.5469217e-05
urn:harmonic:company:639708,3.5433684e-05
urn:harmonic:company:4105187,3.5413414e-05
urn:harmonic:company:3203313,3.5402136e-05
urn:harmonic:company:3054143,3.5390556e-05
urn:harmonic:company:7503435,3.538978e-05
urn:harmonic:company:11454683,3.5372912e-05
urn:harmonic:company:6408,3.5363264e-05
urn:harmonic:company:4496055,3.5345463e-05
urn:harmonic:company:176066,3.5340778e-05
urn:harmonic:company:6655780,3.5332287e-05
urn:harmonic:company:2211520,3.5305744e-05
urn:harmonic:company:40888731,3.530177e-05
urn:harmonic:company:741743,3.5284844e-05
urn:harmonic:company:648194,3.5283596e-05
urn:harmonic:company:6647132,3.528158e-05
urn:harmonic:company:1838438,3.5274177e-05
urn:harmonic:company:3611398,3.5258436e-05
urn:harmonic:company:42439786,3.524805e-05
urn:harmonic:company:3694540,3.524153e-05
urn:harmonic:company:2235493,3.523541e-05
urn:harmonic:company:178346,3.522419e-05
urn:harmonic:company:10791926,3.5202935e-05
urn:harmonic:company:772485,3.5198304e-05
urn:harmonic:company:1791742,3.518679e-05
urn:harmonic:company:10584405,3.5185247e-05
urn:harmonic:company:694541,3.518152e-05
urn:harmonic:company:466453,3.5168978e-05
urn:harmonic:company:3183128,3.515469e-05
urn:harmonic:company:1610414,3.5118304e-05
urn:harmonic:company:1478467,3.5113113e-05
urn:harmonic:company:34599827,3.510702e-05
urn:harmonic:company:10923365,3.5100158e-05
urn:harmonic:company:10653297,3.5098383e-05
urn:harmonic:company:2160552,3.5089983e-05
urn:harmonic:company:3057276,3.508724e-05
urn:harmonic:company:4321698,3.5086872e-05
urn:harmonic:company:10192960,3.5081754e-05
urn:harmonic:company:3293304,3.507737e-05
urn:harmonic:company:42978211,3.5076097e-05
urn:harmonic:company:18786115,3.5073757e-05
urn:harmonic:company:6138930,3.5033107e-05
urn:harmonic:company:48356419,3.5030436e-05
urn:harmonic:company:2005050,3.502245e-05
urn:harmonic:company:11452903,3.5014004e-05
urn:harmonic:company:628498,3.5012465e-05
urn:harmonic:company:3309226,3.5005123e-05
urn:harmonic:company:3600066,3.499928e-05
urn:harmonic:company:1706987,3.4991237e-05
urn:harmonic:company:107134,3.4984696e-05
urn:harmonic:company:646724,3.4969587e-05
urn:harmonic:company:10108523,3.4967386e-05
urn:harmonic:company:2166151,3.495402e-05
urn:harmonic:company:4429711,3.4946686e-05
urn:harmonic:company:3468343,3.492636e-05
urn:harmonic:company:18940838,3.4916637e-05
urn:harmonic:company:106925,3.4889377e-05
urn:harmonic:company:4140176,3.488685e-05
urn:harmonic:company:11482734,3.484635e-05
urn:harmonic:company:12873404,3.4842764e-05
urn:harmonic:company:614788,3.4839006e-05
urn:harmonic:company:4046987,3.4803375e-05
urn:harmonic:company:107263,3.4791396e-05
urn:harmonic:company:554614,3.4789504e-05
urn:harmonic:company:4295437,3.4752367e-05
urn:harmonic:company:3342987,3.4746103e-05
urn:harmonic:company:3841382,3.474395e-05
urn:harmonic:company:6087478,3.472815e-05
urn:harmonic:company:1429700,3.4722983e-05
urn:harmonic:company:757462,3.4721263e-05
urn:harmonic:company:3529629,3.46969e-05
urn:harmonic:company:4261474,3.468188e-05
urn:harmonic:company:2247736,3.466948e-05
urn:harmonic:company:4214964,3.4655597e-05
urn:harmonic:company:1842383,3.4655528e-05
urn:harmonic:company:44213447,3.4625005e-05
urn:harmonic:company:6581408,3.4604738e-05
urn:harmonic:company:1983470,3.4594905e-05
urn:harmonic:company:10935280,3.4579272e-05
urn:harmonic:company:40494536,3.4569843e-05
urn:harmonic:company:11574466,3.4543842e-05
urn:harmonic:company:1507858,3.4535737e-05
urn:harmonic:company:2140725,3.453419e-05
urn:harmonic:company:13100852,3.451302e-05
urn:harmonic:company:667382,3.451091e-05
urn:harmonic:company:10842205,3.4505156e-05
urn:harmonic:company:553824,3.4448472e-05
urn:harmonic:company:3211951,3.443678e-05
urn:harmonic:company:19305626,3.4421446e-05
urn:harmonic:company:609203,3.4421446e-05
urn:harmonic:company:717398,3.4407203e-05
urn:harmonic:company:48401809,3.4394212e-05
urn:harmonic:company:4092511,3.438152e-05
urn:harmonic:company:1578846,3.4346387e-05
urn:harmonic:company:7983486,3.434112e-05
urn:harmonic:company:7628973,3.4341017e-05
urn:harmonic:company:11162676,3.4318036e-05
urn:harmonic:company:794804,3.4302855e-05
urn:harmonic:company:12868157,3.4302233e-05
urn:harmonic:company:10612259,3.4288267e-05
urn:harmonic:company:37080367,3.4285815e-05
urn:harmonic:company:2105986,3.4276203e-05
urn:harmonic:company:11252951,3.426297e-05
urn:harmonic:company:3275164,3.4223976e-05
urn:harmonic:company:2130775,3.4217745e-05
urn:harmonic:company:2246853,3.4182358e-05
urn:harmonic:company:4062197,3.4171666e-05
urn:harmonic:company:2045,3.414017e-05
urn:harmonic:company:1785334,3.413994e-05
urn:harmonic:company:3216419,3.413138e-05
urn:harmonic:company:12696660,3.4128352e-05
urn:harmonic:company:510729,3.4118133e-05
urn:harmonic:company:12839789,3.410912e-05
urn:harmonic:company:10545140,3.410561e-05
urn:harmonic:company:4296472,3.409826e-05
urn:harmonic:company:553248,3.40914e-05
urn:harmonic:company:1428953,3.4081844e-05
urn:harmonic:company:3178147,3.40771e-05
urn:harmonic:company:3320207,3.4057022e-05
urn:harmonic:company:4196668,3.4049976e-05
urn:harmonic:company:3167143,3.4034554e-05
urn:harmonic:company:707766,3.4006847e-05
urn:harmonic:company:3185480,3.3995108e-05
urn:harmonic:company:6339747,3.3960663e-05
urn:harmonic:company:12889436,3.3957036e-05
urn:harmonic:company:2232817,3.3950724e-05
urn:harmonic:company:4272026,3.394713e-05
urn:harmonic:company:4162682,3.3935023e-05
urn:harmonic:company:4289840,3.392939e-05
urn:harmonic:company:1429551,3.3923054e-05
urn:harmonic:company:11275338,3.3921304e-05
urn:harmonic:company:648095,3.3914384e-05
urn:harmonic:company:9705,3.390746e-05
urn:harmonic:company:1991205,3.3893724e-05
urn:harmonic:company:1734591,3.385903e-05
urn:harmonic:company:11250855,3.3837947e-05
urn:harmonic:company:773171,3.3836528e-05
urn:harmonic:company:4810404,3.382988e-05
urn:harmonic:company:12885303,3.3810662e-05
urn:harmonic:company:12211678,3.3809854e-05
urn:harmonic:company:21627483,3.3802244e-05
urn:harmonic:company:4133435,3.3797958e-05
urn:harmonic:company:717004,3.378758e-05
urn:harmonic:company:37084278,3.378581e-05
urn:harmonic:company:3675176,3.3780365e-05
urn:harmonic:company:708285,3.3780332e-05
urn:harmonic:company:106320,3.3732013e-05
urn:harmonic:company:10937754,3.373037e-05
urn:harmonic:company:3361299,3.3719793e-05
urn:harmonic:company:2246537,3.370198e-05
urn:harmonic:company:1840224,3.3690732e-05
urn:harmonic:company:15439774,3.3679105e-05
urn:harmonic:company:491610,3.367679e-05
urn:harmonic:company:691234,3.367371e-05
urn:harmonic:company:105786,3.3642962e-05
urn:harmonic:company:780352,3.3641165e-05
urn:harmonic:company:726267,3.3639815e-05
urn:harmonic:company:775830,3.36301e-05
urn:harmonic:company:2116852,3.3627595e-05
urn:harmonic:company:740741,3.362016e-05
urn:harmonic:company:892,3.3606084e-05
urn:harmonic:company:1791754,3.360006e-05
urn:harmonic:company:4088003,3.359202e-05
urn:harmonic:company:10667874,3.35916e-05
urn:harmonic:company:619498,3.3590193e-05
urn:harmonic:company:1431101,3.3576325e-05
urn:harmonic:company:6754600,3.3570337e-05
urn:harmonic:company:1369376,3.3567263e-05
urn:harmonic:company:8780,3.3558816e-05
urn:harmonic:company:183650,3.3554912e-05
urn:harmonic:company:3209458,3.3542816e-05
urn:harmonic:company:4917240,3.3539745e-05
urn:harmonic:company:12405695,3.3535747e-05
urn:harmonic:company:4587849,3.3532422e-05
urn:harmonic:company:1716,3.352021e-05
urn:harmonic:company:699984,3.3473218e-05
urn:harmonic:company:775252,3.34594e-05
urn:harmonic:company:19462593,3.343959e-05
urn:harmonic:company:3625447,3.339947e-05
urn:harmonic:company:695812,3.338641e-05
urn:harmonic:company:12574861,3.3364897e-05
urn:harmonic:company:179111,3.333055e-05
urn:harmonic:company:106483,3.33274e-05
urn:harmonic:company:4493518,3.332721e-05
urn:harmonic:company:4080717,3.3310847e-05
urn:harmonic:company:2251097,3.330567e-05
urn:harmonic:company:21501669,3.3304623e-05
urn:harmonic:company:2238123,3.3279633e-05
urn:harmonic:company:48574588,3.3277225e-05
urn:harmonic:company:288296,3.326675e-05
urn:harmonic:company:650356,3.325613e-05
urn:harmonic:company:680882,3.323273e-05
urn:harmonic:company:650252,3.3232252e-05
urn:harmonic:company:1410535,3.3206466e-05
urn:harmonic:company:644963,3.3203967e-05
urn:harmonic:company:4000056,3.316523e-05
urn:harmonic:company:753075,3.3159824e-05
urn:harmonic:company:734734,3.3155047e-05
urn:harmonic:company:1825066,3.3153214e-05
urn:harmonic:company:1816111,3.3146418e-05
urn:harmonic:company:1245634,3.3124677e-05
urn:harmonic:company:16744538,3.3091936e-05
urn:harmonic:company:1429642,3.3065626e-05
urn:harmonic:company:3860785,3.3063483e-05
urn:harmonic:company:6531338,3.3052856e-05
urn:harmonic:company:4376231,3.3048538e-05
urn:harmonic:company:12361529,3.304463e-05
urn:harmonic:company:36871579,3.3041986e-05
urn:harmonic:company:1788818,3.3039654e-05
urn:harmonic:company:2059720,3.3021635e-05
urn:harmonic:company:34538601,3.301619e-05
urn:harmonic:company:13442672,3.3012348e-05
urn:harmonic:company:1691468,3.301005e-05
urn:harmonic:company:4112884,3.3009357e-05
urn:harmonic:company:4461642,3.3005705e-05
urn:harmonic:company:4181389,3.3003187e-05
urn:harmonic:company:685643,3.2966887e-05
urn:harmonic:company:12882898,3.295683e-05
urn:harmonic:company:44995761,3.294294e-05
urn:harmonic:company:3186966,3.2932825e-05
urn:harmonic:company:2200607,3.292416e-05
urn:harmonic:company:1836550,3.291662e-05
urn:harmonic:company:742176,3.2906737e-05
urn:harmonic:company:6702408,3.290633e-05
urn:harmonic:company:4424864,3.290181e-05
urn:harmonic:company:12451771,3.2868225e-05
urn:harmonic:company:435629,3.28675e-05
urn:harmonic:company:1449438,3.2853623e-05
urn:harmonic:company:12832672,3.2853623e-05
urn:harmonic:company:10783161,3.2852804e-05
urn:harmonic:company:19393886,3.283179e-05
urn:harmonic:company:1803371,3.2774136e-05
urn:harmonic:company:3062621,3.277051e-05
urn:harmonic:company:10268833,3.2768232e-05
urn:harmonic:company:43319089,3.2761764e-05
urn:harmonic:company:773308,3.276039e-05
urn:harmonic:company:3823883,3.2743115e-05
urn:harmonic:company:4510632,3.2704702e-05
urn:harmonic:company:8416625,3.270342e-05
urn:harmonic:company:1836127,3.269201e-05
urn:harmonic:company:3475971,3.268431e-05
urn:harmonic:company:4270488,3.26582e-05
urn:harmonic:company:10080,3.265552e-05
urn:harmonic:company:4466056,3.264593e-05
urn:harmonic:company:795669,3.2639426e-05
urn:harmonic:company:4386164,3.2620133e-05
urn:harmonic:company:12722765,3.2617176e-05
urn:harmonic:company:802268,3.259889e-05
urn:harmonic:company:11313542,3.258677e-05
urn:harmonic:company:6505660,3.2578722e-05
urn:harmonic:company:4411091,3.256083e-05
urn:harmonic:company:768791,3.2534263e-05
urn:harmonic:company:6645077,3.2533797e-05
urn:harmonic:company:19395804,3.252939e-05
urn:harmonic:company:4171148,3.252933e-05
urn:harmonic:company:3347202,3.2526135e-05
urn:harmonic:company:1607548,3.2520988e-05
urn:harmonic:company:605497,3.248689e-05
urn:harmonic:company:4024917,3.2480664e-05
urn:harmonic:company:1790320,3.247484e-05
urn:harmonic:company:34877753,3.247004e-05
urn:harmonic:company:768178,3.244837e-05
urn:harmonic:company:6703544,3.2409283e-05
urn:harmonic:company:1980875,3.2401185e-05
urn:harmonic:company:36736822,3.2398682e-05
urn:harmonic:company:1677221,3.237027e-05
urn:harmonic:company:801319,3.2308682e-05
urn:harmonic:company:3836623,3.230052e-05
urn:harmonic:company:4424663,3.2298423e-05
urn:harmonic:company:6631311,3.2297256e-05
urn:harmonic:company:10171466,3.2280288e-05
urn:harmonic:company:106366,3.227213e-05
urn:harmonic:company:7110380,3.2267115e-05
urn:harmonic:company:4088058,3.2248594e-05
urn:harmonic:company:11209845,3.224804e-05
urn:harmonic:company:4853506,3.2239248e-05
urn:harmonic:company:21592183,3.2203512e-05
urn:harmonic:company:9186162,3.2192213e-05
urn:harmonic:company:37451111,3.21869e-05
urn:harmonic:company:4215944,3.217806e-05
urn:harmonic:company:45242,3.2177573e-05
urn:harmonic:company:4112780,3.2160973e-05
urn:harmonic:company:35330658,3.214561e-05
urn:harmonic:company:4301838,3.213145e-05
urn:harmonic:company:3634642,3.2105876e-05
urn:harmonic:company:3652105,3.2064265e-05
urn:harmonic:company:4295398,3.2046075e-05
urn:harmonic:company:642145,3.204247e-05
urn:harmonic:company:1489393,3.203874e-05
urn:harmonic:company:10876212,3.203694e-05
urn:harmonic:company:34615478,3.201941e-05
urn:harmonic:company:1448959,3.2019347e-05
urn:harmonic:company:4323854,3.2016935e-05
urn:harmonic:company:672486,3.2011896e-05
urn:harmonic:company:625079,3.1992364e-05
urn:harmonic:company:19994337,3.1990625e-05
urn:harmonic:company:4445924,3.198367e-05
urn:harmonic:company:3600100,3.194465e-05
urn:harmonic:company:4417921,3.194261e-05
urn:harmonic:company:604431,3.191454e-05
urn:harmonic:company:12790030,3.188956e-05
urn:harmonic:company:1964842,3.188731e-05
urn:harmonic:company:4022892,3.1885822e-05
urn:harmonic:company:7510676,3.18667e-05
urn:harmonic:company:708551,3.1849595e-05
urn:harmonic:company:3636598,3.183341e-05
urn:harmonic:company:3594600,3.1827734e-05
urn:harmonic:company:2223094,3.1826825e-05
urn:harmonic:company:3948433,3.181044e-05
urn:harmonic:company:40615464,3.180504e-05
urn:harmonic:company:12184913,3.1799642e-05
urn:harmonic:company:4738820,3.1792486e-05
urn:harmonic:company:71945,3.1778905e-05
urn:harmonic:company:10300899,3.1777752e-05
urn:harmonic:company:740336,3.1771633e-05
urn:harmonic:company:11005886,3.1758515e-05
urn:harmonic:company:712306,3.1755033e-05
urn:harmonic:company:1448187,3.1739015e-05
urn:harmonic:company:1765588,3.1738655e-05
urn:harmonic:company:1671057,3.1734962e-05
urn:harmonic:company:6640948,3.1728607e-05
urn:harmonic:company:865,3.1722917e-05
urn:harmonic:company:34685528,3.1721072e-05
urn:harmonic:company:769024,3.1718984e-05
urn:harmonic:company:37336567,3.1689902e-05
urn:harmonic:company:57033066,3.1689295e-05
urn:harmonic:company:3668216,3.1638203e-05
urn:harmonic:company:6299267,3.1602653e-05
urn:harmonic:company:47044227,3.158605e-05
urn:harmonic:company:796447,3.158358e-05
urn:harmonic:company:4096010,3.1582105e-05
urn:harmonic:company:12854731,3.1579726e-05
urn:harmonic:company:776575,3.1575568e-05
urn:harmonic:company:3592577,3.1571024e-05
urn:harmonic:company:43931259,3.156175e-05
urn:harmonic:company:1692235,3.1549414e-05
urn:harmonic:company:723723,3.1510113e-05
urn:harmonic:company:814279,3.1509662e-05
urn:harmonic:company:2184845,3.150074e-05
urn:harmonic:company:3445755,3.1475996e-05
urn:harmonic:company:343519,3.145742e-05
urn:harmonic:company:12180987,3.1456013e-05
urn:harmonic:company:4174950,3.143586e-05
urn:harmonic:company:801649,3.1425938e-05
urn:harmonic:company:106606,3.142396e-05
urn:harmonic:company:8775,3.142393e-05
urn:harmonic:company:1696088,3.14174e-05
urn:harmonic:company:10337889,3.14156e-05
urn:harmonic:company:3075858,3.1385865e-05
urn:harmonic:company:2068520,3.1373922e-05
urn:harmonic:company:773906,3.133063e-05
urn:harmonic:company:1274915,3.1321193e-05
urn:harmonic:company:791096,3.1303483e-05
urn:harmonic:company:604876,3.1278625e-05
urn:harmonic:company:3674681,3.1275016e-05
urn:harmonic:company:9252646,3.1267264e-05
urn:harmonic:company:1416262,3.123883e-05
urn:harmonic:company:4541343,3.1230757e-05
urn:harmonic:company:4295627,3.1209172e-05
urn:harmonic:company:11083419,3.1195545e-05
urn:harmonic:company:4268190,3.1193224e-05
urn:harmonic:company:1836410,3.11901e-05
urn:harmonic:company:1607804,3.1184954e-05
urn:harmonic:company:18656035,3.116694e-05
urn:harmonic:company:3615326,3.116578e-05
urn:harmonic:company:12455556,3.1160904e-05
urn:harmonic:company:18927015,3.115045e-05
urn:harmonic:company:641628,3.1144802e-05
urn:harmonic:company:40766694,3.1136668e-05
urn:harmonic:company:11966367,3.1133222e-05
urn:harmonic:company:719102,3.1114138e-05
urn:harmonic:company:3208132,3.111384e-05
urn:harmonic:company:4466487,3.1113246e-05
urn:harmonic:company:37105780,3.1091386e-05
urn:harmonic:company:4411036,3.107858e-05
urn:harmonic:company:797060,3.1078493e-05
urn:harmonic:company:47000575,3.1070016e-05
urn:harmonic:company:794284,3.1051237e-05
urn:harmonic:company:21006140,3.1046824e-05
urn:harmonic:company:3165188,3.1043095e-05
urn:harmonic:company:725628,3.1041465e-05
urn:harmonic:company:1431118,3.1038213e-05
urn:harmonic:company:771258,3.1036612e-05
urn:harmonic:company:4302843,3.1022173e-05
urn:harmonic:company:10637682,3.1019747e-05
urn:harmonic:company:6358,3.100682e-05
urn:harmonic:company:3631119,3.100425e-05
urn:harmonic:company:7640340,3.1003303e-05
urn:harmonic:company:76175,3.099145e-05
urn:harmonic:company:1557669,3.0986397e-05
urn:harmonic:company:21591992,3.098285e-05
urn:harmonic:company:2110956,3.0958778e-05
urn:harmonic:company:2212392,3.0942545e-05
urn:harmonic:company:7558632,3.0934934e-05
urn:harmonic:company:801516,3.093142e-05
urn:harmonic:company:793515,3.0912255e-05
urn:harmonic:company:3126830,3.090412e-05
urn:harmonic:company:42516674,3.0887444e-05
urn:harmonic:company:3332597,3.0883908e-05
urn:harmonic:company:56867,3.0879608e-05
urn:harmonic:company:3955418,3.0856798e-05
urn:harmonic:company:1369193,3.084994e-05
urn:harmonic:company:3294071,3.08465e-05
urn:harmonic:company:558945,3.0842937e-05
urn:harmonic:company:7498231,3.082421e-05
urn:harmonic:company:676080,3.0823707e-05
urn:harmonic:company:7626391,3.0811778e-05
urn:harmonic:company:774254,3.080966e-05
urn:harmonic:company:3291896,3.0777446e-05
urn:harmonic:company:11191934,3.0770843e-05
urn:harmonic:company:11582939,3.074506e-05
urn:harmonic:company:12854247,3.0735268e-05
urn:harmonic:company:2170284,3.0722727e-05
urn:harmonic:company:21697166,3.0713556e-05
urn:harmonic:company:4005298,3.0710657e-05
urn:harmonic:company:3127463,3.070085e-05
urn:harmonic:company:553647,3.068703e-05
urn:harmonic:company:882,3.06868e-05
urn:harmonic:company:16062951,3.0681647e-05
urn:harmonic:company:3211294,3.068159e-05
urn:harmonic:company:6673601,3.0673513e-05
urn:harmonic:company:2123,3.066825e-05
urn:harmonic:company:9048,3.0657167e-05
urn:harmonic:company:3377238,3.0653544e-05
urn:harmonic:company:428185,3.065027e-05
urn:harmonic:company:10885267,3.0625404e-05
urn:harmonic:company:733894,3.0608528e-05
urn:harmonic:company:3673482,3.0602427e-05
urn:harmonic:company:795897,3.059986e-05
urn:harmonic:company:9903329,3.0597876e-05
urn:harmonic:company:4093880,3.05895e-05
urn:harmonic:company:2045849,3.0578332e-05
urn:harmonic:company:1422027,3.057772e-05
urn:harmonic:company:800481,3.0577048e-05
urn:harmonic:company:5215042,3.0561685e-05
urn:harmonic:company:3633500,3.0552856e-05
urn:harmonic:company:8960,3.0545805e-05
urn:harmonic:company:3373044,3.05433e-05
urn:harmonic:company:3595136,3.0530606e-05
urn:harmonic:company:802411,3.0527546e-05
urn:harmonic:company:1420301,3.0491788e-05
urn:harmonic:company:4172810,3.049118e-05
urn:harmonic:company:4495931,3.048475e-05
urn:harmonic:company:3449466,3.047487e-05
urn:harmonic:company:12887273,3.0472602e-05
urn:harmonic:company:1472,3.04595e-05
urn:harmonic:company:34659242,3.0457235e-05
urn:harmonic:company:4489886,3.043717e-05
urn:harmonic:company:10996275,3.043511e-05
urn:harmonic:company:6610008,3.0428782e-05
urn:harmonic:company:4424879,3.0424488e-05
urn:harmonic:company:169444,3.0413727e-05
urn:harmonic:company:47661626,3.040236e-05
urn:harmonic:company:1788026,3.0394127e-05
urn:harmonic:company:20717480,3.0384357e-05
urn:harmonic:company:1515858,3.0382706e-05
urn:harmonic:company:781701,3.0347146e-05
urn:harmonic:company:3638314,3.0318599e-05
urn:harmonic:company:4388284,3.031218e-05
urn:harmonic:company:2127317,3.0305388e-05
urn:harmonic:company:11004081,3.0299147e-05
urn:harmonic:company:700202,3.0294725e-05
urn:harmonic:company:697148,3.0249052e-05
urn:harmonic:company:1645518,3.0244439e-05
urn:harmonic:company:2142076,3.0242796e-05
urn:harmonic:company:11134443,3.0242189e-05
urn:harmonic:company:1997234,3.0229272e-05
urn:harmonic:company:700562,3.0217225e-05
urn:harmonic:company:3962399,3.0214946e-05
urn:harmonic:company:718241,3.0199852e-05
urn:harmonic:company:1578499,3.019084e-05
urn:harmonic:company:738044,3.0174144e-05
urn:harmonic:company:23688695,3.0158524e-05
urn:harmonic:company:5163424,3.015559e-05
urn:harmonic:company:3964696,3.0154211e-05
urn:harmonic:company:34879,3.0141562e-05
urn:harmonic:company:10920561,3.0131185e-05
urn:harmonic:company:4487144,3.0129288e-05
urn:harmonic:company:2041472,3.0116935e-05
urn:harmonic:company:794826,3.0102896e-05
urn:harmonic:company:740136,3.0095978e-05
urn:harmonic:company:604944,3.0091527e-05
urn:harmonic:company:4466395,3.007469e-05
urn:harmonic:company:13227176,3.005929e-05
urn:harmonic:company:1990850,3.0055824e-05
urn:harmonic:company:18549863,3.0043673e-05
urn:harmonic:company:19720000,3.003107e-05
urn:harmonic:company:12176125,3.0018296e-05
urn:harmonic:company:801804,3.0015808e-05
urn:harmonic:company:17813048,3.0015808e-05
urn:harmonic:company:711991,3.0011684e-05
urn:harmonic:company:4396403,3.0009454e-05
urn:harmonic:company:12872910,2.9984396e-05
urn:harmonic:company:3330369,2.9974102e-05
urn:harmonic:company:741556,2.997053e-05
urn:harmonic:company:11255650,2.9969071e-05
urn:harmonic:company:3582813,2.9966815e-05
urn:harmonic:company:11081876,2.9961642e-05
urn:harmonic:company:38054029,2.99599e-05
urn:harmonic:company:648730,2.9957613e-05
urn:harmonic:company:1449461,2.9951501e-05
urn:harmonic:company:10234426,2.9942388e-05
urn:harmonic:company:3211810,2.9937193e-05
urn:harmonic:company:4820228,2.993377e-05
urn:harmonic:company:11083059,2.9932713e-05
urn:harmonic:company:25584920,2.9931456e-05
urn:harmonic:company:193621,2.9898478e-05
urn:harmonic:company:198377,2.9897366e-05
urn:harmonic:company:6666926,2.9892091e-05
urn:harmonic:company:4135194,2.9875533e-05
urn:harmonic:company:2178309,2.9865676e-05
urn:harmonic:company:146353,2.9864568e-05
urn:harmonic:company:825284,2.9859699e-05
urn:harmonic:company:10318220,2.9856452e-05
urn:harmonic:company:8846,2.9837067e-05
urn:harmonic:company:15631406,2.9833882e-05
urn:harmonic:company:106303,2.9817838e-05
urn:harmonic:company:1832632,2.9816758e-05
urn:harmonic:company:12835941,2.9797999e-05
urn:harmonic:company:733484,2.9797715e-05
urn:harmonic:company:11075103,2.975966e-05
urn:harmonic:company:700667,2.9756426e-05
urn:harmonic:company:4450619,2.9707033e-05
urn:harmonic:company:1775510,2.9693354e-05
urn:harmonic:company:3067205,2.9686838e-05
urn:harmonic:company:749264,2.9680981e-05
urn:harmonic:company:46580488,2.9678913e-05
urn:harmonic:company:47597995,2.966986e-05
urn:harmonic:company:10198542,2.9646666e-05
urn:harmonic:company:3350031,2.9605613e-05
urn:harmonic:company:3212854,2.9594805e-05
urn:harmonic:company:3630294,2.9552386e-05
urn:harmonic:company:4101965,2.9547256e-05
urn:harmonic:company:11092165,2.9531931e-05
urn:harmonic:company:107246,2.9530695e-05
urn:harmonic:company:36690970,2.9524244e-05
urn:harmonic:company:1671839,2.9523037e-05
urn:harmonic:company:1516597,2.9519459e-05
urn:harmonic:company:1836162,2.9518107e-05
urn:harmonic:company:638614,2.951549e-05
urn:harmonic:company:20718501,2.949675e-05
urn:harmonic:company:1984662,2.9479483e-05
urn:harmonic:company:4162791,2.9474819e-05
urn:harmonic:company:4053409,2.9468352e-05
urn:harmonic:company:1422685,2.9463434e-05
urn:harmonic:company:44995371,2.946321e-05
urn:harmonic:company:11326401,2.9457648e-05
urn:harmonic:company:4136366,2.9435996e-05
urn:harmonic:company:7378002,2.943336e-05
urn:harmonic:company:793313,2.942174e-05
urn:harmonic:company:19176861,2.9379822e-05
urn:harmonic:company:1503009,2.9358256e-05
urn:harmonic:company:650506,2.935361e-05
urn:harmonic:company:12463868,2.9349521e-05
urn:harmonic:company:3786622,2.9345212e-05
urn:harmonic:company:3594482,2.9341714e-05
urn:harmonic:company:3619597,2.9301838e-05
urn:harmonic:company:12322200,2.9293878e-05
urn:harmonic:company:4487869,2.9273016e-05
urn:harmonic:company:42320911,2.9260875e-05
urn:harmonic:company:635702,2.9259594e-05
urn:harmonic:company:1650,2.9229781e-05
urn:harmonic:company:757335,2.9228495e-05
urn:harmonic:company:4144018,2.9220442e-05
urn:harmonic:company:35406786,2.9217126e-05
urn:harmonic:company:10198740,2.9215844e-05
urn:harmonic:company:802355,2.9207933e-05
urn:harmonic:company:3623596,2.9204732e-05
urn:harmonic:company:2086346,2.9198602e-05
urn:harmonic:company:3698288,2.9192199e-05
urn:harmonic:company:4433267,2.9170411e-05
urn:harmonic:company:36838876,2.9162456e-05
urn:harmonic:company:3602178,2.9160148e-05
urn:harmonic:company:10557727,2.9135937e-05
urn:harmonic:company:1430155,2.912963e-05
urn:harmonic:company:4733172,2.9129074e-05
urn:harmonic:company:1936,2.912463e-05
urn:harmonic:company:46674857,2.9123574e-05
urn:harmonic:company:48030916,2.910758e-05
urn:harmonic:company:682840,2.9104529e-05
urn:harmonic:company:38985433,2.910214e-05
urn:harmonic:company:766675,2.9099172e-05
urn:harmonic:company:1795894,2.9096034e-05
urn:harmonic:company:7797614,2.908849e-05
urn:harmonic:company:73060,2.9083634e-05
urn:harmonic:company:6716,2.907978e-05
urn:harmonic:company:4407240,2.9077117e-05
urn:harmonic:company:5151096,2.9072738e-05
urn:harmonic:company:612929,2.9068246e-05
urn:harmonic:company:10174624,2.9067913e-05
urn:harmonic:company:37172064,2.9043724e-05
urn:harmonic:company:3853870,2.9033727e-05
urn:harmonic:company:34525383,2.9026336e-05
urn:harmonic:company:106365,2.9021492e-05
urn:harmonic:company:1568865,2.9016426e-05
urn:harmonic:company:6591049,2.9003757e-05
urn:harmonic:company:3230208,2.9002926e-05
urn:harmonic:company:49289855,2.8997865e-05
urn:harmonic:company:10235579,2.8997809e-05
urn:harmonic:company:1464335,2.8995239e-05
urn:harmonic:company:1456376,2.896307e-05
urn:harmonic:company:11351678,2.895597e-05
urn:harmonic:company:1835887,2.8948047e-05
urn:harmonic:company:2243648,2.8937337e-05
urn:harmonic:company:2141401,2.893218e-05
urn:harmonic:company:10469179,2.8931738e-05
urn:harmonic:company:1431321,2.8930248e-05
urn:harmonic:company:690756,2.8928702e-05
urn:harmonic:company:2123319,2.8928012e-05
urn:harmonic:company:44922814,2.8923076e-05
urn:harmonic:company:1513492,2.8917751e-05
urn:harmonic:company:775557,2.8900302e-05
urn:harmonic:company:2122383,2.8892973e-05
urn:harmonic:company:4519733,2.8891209e-05
urn:harmonic:company:7660,2.8885452e-05
urn:harmonic:company:1840166,2.8880906e-05
urn:harmonic:company:169592,2.8879775e-05
urn:harmonic:company:1449561,2.887785e-05
urn:harmonic:company:11197747,2.884991e-05
urn:harmonic:company:11494006,2.8845203e-05
urn:harmonic:company:1678441,2.884493e-05
urn:harmonic:company:12824336,2.8840637e-05
urn:harmonic:company:48735883,2.8838e-05
urn:harmonic:company:46617882,2.8819579e-05
urn:harmonic:company:3352009,2.8815732e-05
urn:harmonic:company:11532913,2.8809576e-05
urn:harmonic:company:14055920,2.8806828e-05
urn:harmonic:company:3330357,2.8804248e-05
urn:harmonic:company:746294,2.8798095e-05
urn:harmonic:company:10872177,2.8788978e-05
urn:harmonic:company:10630626,2.8778493e-05
urn:harmonic:company:10229606,2.8760549e-05
urn:harmonic:company:12789273,2.8748182e-05
urn:harmonic:company:4487795,2.8743356e-05
urn:harmonic:company:285384,2.8739629e-05
urn:harmonic:company:1760866,2.8736617e-05
urn:harmonic:company:1699537,2.8732533e-05
urn:harmonic:company:3174033,2.8727245e-05
urn:harmonic:company:1415701,2.872612e-05
urn:harmonic:company:47786860,2.871626e-05
urn:harmonic:company:748433,2.8714974e-05
urn:harmonic:company:1777084,2.8711771e-05
urn:harmonic:company:10760894,2.870394e-05
urn:harmonic:company:2162224,2.8694414e-05
urn:harmonic:company:7508336,2.8673983e-05
urn:harmonic:company:766255,2.8673627e-05
urn:harmonic:company:639487,2.8664794e-05
urn:harmonic:company:4294686,2.8660885e-05
urn:harmonic:company:1430070,2.8655832e-05
urn:harmonic:company:10890926,2.8647059e-05
urn:harmonic:company:680933,2.8633185e-05
urn:harmonic:company:4168119,2.8627395e-05
urn:harmonic:company:12590324,2.8622891e-05
urn:harmonic:company:48517464,2.8621145e-05
urn:harmonic:company:7340559,2.8613778e-05
urn:harmonic:company:36749627,2.8607392e-05
urn:harmonic:company:1510333,2.8606548e-05
urn:harmonic:company:10684261,2.8564893e-05
urn:harmonic:company:19380667,2.856127e-05
urn:harmonic:company:3240996,2.8556777e-05
urn:harmonic:company:3176807,2.8539596e-05
urn:harmonic:company:18877847,2.8538429e-05
urn:harmonic:company:4396372,2.8538072e-05
urn:harmonic:company:10737158,2.8537826e-05
urn:harmonic:company:1671150,2.8537448e-05
urn:harmonic:company:3678793,2.8535052e-05
urn:harmonic:company:2218999,2.8534643e-05
urn:harmonic:company:107340,2.8520333e-05
urn:harmonic:company:51789866,2.8509323e-05
urn:harmonic:company:801681,2.8494262e-05
urn:harmonic:company:10684844,2.8493856e-05
urn:harmonic:company:337568,2.8474513e-05
urn:harmonic:company:49760,2.8473374e-05
urn:harmonic:company:5134581,2.8466258e-05
urn:harmonic:company:36987847,2.8463464e-05
urn:harmonic:company:12962957,2.8452936e-05
urn:harmonic:company:12850170,2.845288e-05
urn:harmonic:company:1777086,2.8442491e-05
urn:harmonic:company:10192210,2.8430068e-05
urn:harmonic:company:7614489,2.83949e-05
urn:harmonic:company:36417798,2.8387725e-05
urn:harmonic:company:2139871,2.8387345e-05
urn:harmonic:company:753807,2.8369945e-05
urn:harmonic:company:1982044,2.8339526e-05
urn:harmonic:company:18913128,2.833547e-05
urn:harmonic:company:2070920,2.8330389e-05
urn:harmonic:company:3295163,2.8322556e-05
urn:harmonic:company:11007845,2.831802e-05
urn:harmonic:company:6702729,2.829904e-05
urn:harmonic:company:12819014,2.8291217e-05
urn:harmonic:company:313803,2.8283555e-05
urn:harmonic:company:802174,2.8277862e-05
urn:harmonic:company:701197,2.8266863e-05
urn:harmonic:company:4414546,2.8260421e-05
urn:harmonic:company:12802589,2.8247057e-05
urn:harmonic:company:729319,2.8228746e-05
urn:harmonic:company:12958804,2.8205845e-05
urn:harmonic:company:7561853,2.8201328e-05
urn:harmonic:company:11010143,2.8199525e-05
urn:harmonic:company:661541,2.817176e-05
urn:harmonic:company:3067689,2.8168239e-05
urn:harmonic:company:1422141,2.8163835e-05
urn:harmonic:company:21575356,2.8163835e-05
urn:harmonic:company:3848265,2.8148665e-05
urn:harmonic:company:12824322,2.8145603e-05
urn:harmonic:company:49312743,2.813739e-05
urn:harmonic:company:7965429,2.8136374e-05
urn:harmonic:company:4296125,2.8136265e-05
urn:harmonic:company:46785521,2.813538e-05
urn:harmonic:company:725441,2.8120197e-05
urn:harmonic:company:11084479,2.8096125e-05
urn:harmonic:company:3966856,2.808166e-05
urn:harmonic:company:646300,2.8079625e-05
urn:harmonic:company:6838058,2.8069264e-05
urn:harmonic:company:46315694,2.8059281e-05
urn:harmonic:company:1430617,2.8051816e-05
urn:harmonic:company:1505155,2.8045906e-05
urn:harmonic:company:6477,2.8035718e-05
urn:harmonic:company:12884918,2.8029865e-05
urn:harmonic:company:1430431,2.8027216e-05
urn:harmonic:company:3295009,2.8019598e-05
urn:harmonic:company:32618,2.801877e-05
urn:harmonic:company:12170871,2.8015646e-05
urn:harmonic:company:683606,2.8013483e-05
urn:harmonic:company:2245740,2.8008912e-05
urn:harmonic:company:10001235,2.8006883e-05
urn:harmonic:company:3935668,2.8003624e-05
urn:harmonic:company:2226818,2.7989421e-05
urn:harmonic:company:4307186,2.7987418e-05
urn:harmonic:company:7641900,2.7968797e-05
urn:harmonic:company:741905,2.796573e-05
urn:harmonic:company:36881068,2.7961249e-05
urn:harmonic:company:12884106,2.7950851e-05
urn:harmonic:company:11678229,2.793758e-05
urn:harmonic:company:1989994,2.7932652e-05
urn:harmonic:company:647939,2.7922504e-05
urn:harmonic:company:11022691,2.7917471e-05
urn:harmonic:company:781651,2.7908529e-05
urn:harmonic:company:647291,2.7902674e-05
urn:harmonic:company:3611887,2.790129e-05
urn:harmonic:company:775949,2.789219e-05
urn:harmonic:company:773242,2.7889108e-05
urn:harmonic:company:30211067,2.7872355e-05
urn:harmonic:company:801405,2.7872355e-05
urn:harmonic:company:602830,2.7868662e-05
urn:harmonic:company:11058203,2.7857475e-05
urn:harmonic:company:2256236,2.7856651e-05
urn:harmonic:company:12412255,2.7856198e-05
urn:harmonic:company:773437,2.7848098e-05
urn:harmonic:company:3475890,2.7802298e-05
urn:harmonic:company:10542557,2.7781467e-05
urn:harmonic:company:3177200,2.7767455e-05
urn:harmonic:company:36756976,2.775488e-05
urn:harmonic:company:781908,2.7751968e-05
urn:harmonic:company:1449342,2.7749982e-05
urn:harmonic:company:106583,2.7747523e-05
urn:harmonic:company:37496188,2.7747046e-05
urn:harmonic:company:19173825,2.7738977e-05
urn:harmonic:company:2262818,2.7724906e-05
urn:harmonic:company:774672,2.7724878e-05
urn:harmonic:company:48358315,2.772242e-05
urn:harmonic:company:1781,2.7716525e-05
urn:harmonic:company:7703538,2.7709073e-05
urn:harmonic:company:2140159,2.7708704e-05
urn:harmonic:company:4526364,2.7703394e-05
urn:harmonic:company:1842867,2.76998e-05
urn:harmonic:company:4530996,2.7699272e-05
urn:harmonic:company:682097,2.7690003e-05
urn:harmonic:company:796247,2.7680973e-05
urn:harmonic:company:3586235,2.76777e-05
urn:harmonic:company:4109525,2.7649867e-05
urn:harmonic:company:823233,2.7602444e-05
urn:harmonic:company:12423566,2.7593705e-05
urn:harmonic:company:3955613,2.7552556e-05
urn:harmonic:company:4172149,2.7552373e-05
urn:harmonic:company:35099961,2.7548693e-05
urn:harmonic:company:775877,2.7539527e-05
urn:harmonic:company:169368,2.7533277e-05
urn:harmonic:company:10170125,2.7521673e-05
urn:harmonic:company:106680,2.7501079e-05
urn:harmonic:company:1789118,2.747924e-05
urn:harmonic:company:1463810,2.7476644e-05
urn:harmonic:company:8193204,2.7457e-05
urn:harmonic:company:10304203,2.7455611e-05
urn:harmonic:company:735744,2.742447e-05
urn:harmonic:company:439488,2.7398384e-05
urn:harmonic:company:12649888,2.7389056e-05
urn:harmonic:company:1576707,2.7359141e-05
urn:harmonic:company:12806066,2.7350947e-05
urn:harmonic:company:12751171,2.7350115e-05
urn:harmonic:company:12736434,2.7346072e-05
urn:harmonic:company:738451,2.7345732e-05
urn:harmonic:company:10632372,2.734177e-05
urn:harmonic:company:773007,2.7340542e-05
urn:harmonic:company:11236208,2.7334783e-05
urn:harmonic:company:1782881,2.7322401e-05
urn:harmonic:company:2126901,2.7320684e-05
urn:harmonic:company:721824,2.7316384e-05
urn:harmonic:company:40457904,2.731258e-05
urn:harmonic:company:107208,2.7310134e-05
urn:harmonic:company:2140399,2.7309015e-05
urn:harmonic:company:3594259,2.729787e-05
urn:harmonic:company:30596058,2.7292297e-05
urn:harmonic:company:3625516,2.7291022e-05
urn:harmonic:company:11148736,2.7289332e-05
urn:harmonic:company:698189,2.7285088e-05
urn:harmonic:company:720246,2.7274737e-05
urn:harmonic:company:4182087,2.7264907e-05
urn:harmonic:company:3684241,2.725513e-05
urn:harmonic:company:4450177,2.7250764e-05
urn:harmonic:company:1589141,2.7248841e-05
urn:harmonic:company:46040609,2.72477e-05
urn:harmonic:company:3615031,2.7242268e-05
urn:harmonic:company:40589500,2.7238162e-05
urn:harmonic:company:21726879,2.7218248e-05
urn:harmonic:company:7509277,2.7208125e-05
urn:harmonic:company:10269178,2.7180895e-05
urn:harmonic:company:12868674,2.717859e-05
urn:harmonic:company:4298021,2.7170685e-05
urn:harmonic:company:34543088,2.7140333e-05
urn:harmonic:company:4194490,2.7118394e-05
urn:harmonic:company:2240591,2.7111413e-05
urn:harmonic:company:3276253,2.7110922e-05
urn:harmonic:company:3304983,2.7104095e-05
urn:harmonic:company:1790572,2.7099186e-05
urn:harmonic:company:1839009,2.7085596e-05
urn:harmonic:company:11316076,2.7085234e-05
urn:harmonic:company:10082,2.706117e-05
urn:harmonic:company:1562543,2.7042985e-05
urn:harmonic:company:31411404,2.7039814e-05
urn:harmonic:company:37498241,2.703757e-05
urn:harmonic:company:3372124,2.7036434e-05
urn:harmonic:company:3247250,2.7035636e-05
urn:harmonic:company:10339580,2.699776e-05
urn:harmonic:company:3467027,2.6985896e-05
urn:harmonic:company:49648,2.6976451e-05
urn:harmonic:company:3243211,2.6971975e-05
urn:harmonic:company:677372,2.695503e-05
urn:harmonic:company:2074733,2.6939559e-05
urn:harmonic:company:3859568,2.6935579e-05
urn:harmonic:company:183779,2.691519e-05
urn:harmonic:company:424069,2.6911595e-05
urn:harmonic:company:43504461,2.6903284e-05
urn:harmonic:company:3321420,2.6897715e-05
urn:harmonic:company:623753,2.6875052e-05
urn:harmonic:company:41937749,2.687282e-05
urn:harmonic:company:604596,2.6844285e-05
urn:harmonic:company:1997582,2.6840115e-05
urn:harmonic:company:19077767,2.683149e-05
urn:harmonic:company:644264,2.6830774e-05
urn:harmonic:company:8516032,2.6830647e-05
urn:harmonic:company:741340,2.681568e-05
urn:harmonic:company:6628253,2.6809033e-05
urn:harmonic:company:36802292,2.6782585e-05
urn:harmonic:company:1478965,2.6779599e-05
urn:harmonic:company:496560,2.6779495e-05
urn:harmonic:company:34829312,2.6779444e-05
urn:harmonic:company:729378,2.6766475e-05
urn:harmonic:company:783392,2.6765429e-05
urn:harmonic:company:4537456,2.6756417e-05
urn:harmonic:company:3310519,2.674142e-05
urn:harmonic:company:42116292,2.6740017e-05
urn:harmonic:company:3069909,2.6738588e-05
urn:harmonic:company:28151588,2.6738384e-05
urn:harmonic:company:733745,2.6731806e-05
urn:harmonic:company:781435,2.6721382e-05
urn:harmonic:company:678412,2.671593e-05
urn:harmonic:company:505322,2.6692525e-05
urn:harmonic:company:10967606,2.6691712e-05
urn:harmonic:company:1797187,2.668998e-05
urn:harmonic:company:628673,2.6687741e-05
urn:harmonic:company:4411547,2.6674126e-05
urn:harmonic:company:1618071,2.6672882e-05
urn:harmonic:company:36140850,2.6671356e-05
urn:harmonic:company:6515179,2.6668278e-05
urn:harmonic:company:3965467,2.6664717e-05
urn:harmonic:company:35067850,2.666411e-05
urn:harmonic:company:9446414,2.6656582e-05
urn:harmonic:company:3640946,2.6630003e-05
urn:harmonic:company:4116675,2.6624773e-05
urn:harmonic:company:1838177,2.6608555e-05
urn:harmonic:company:19050665,2.6606702e-05
urn:harmonic:company:792640,2.660079e-05
urn:harmonic:company:3331238,2.6598836e-05
urn:harmonic:company:3641273,2.6583444e-05
urn:harmonic:company:10285688,2.6569125e-05
urn:harmonic:company:56071098,2.6565629e-05
urn:harmonic:company:4125909,2.6558486e-05
urn:harmonic:company:655782,2.6541647e-05
urn:harmonic:company:4457862,2.6541573e-05
urn:harmonic:company:10170995,2.6527527e-05
urn:harmonic:company:749226,2.652725e-05
urn:harmonic:company:12467074,2.6517284e-05
urn:harmonic:company:1691160,2.6515234e-05
urn:harmonic:company:618853,2.6514856e-05
urn:harmonic:company:3356247,2.6512707e-05
urn:harmonic:company:12583625,2.6500802e-05
urn:harmonic:company:5139030,2.6498325e-05
urn:harmonic:company:1633066,2.6493144e-05
urn:harmonic:company:3253501,2.6480993e-05
urn:harmonic:company:9017,2.6474632e-05
urn:harmonic:company:801690,2.6472384e-05
urn:harmonic:company:732509,2.6467362e-05
urn:harmonic:company:42568550,2.646345e-05
urn:harmonic:company:4488374,2.6456739e-05
urn:harmonic:company:12872284,2.6451036e-05
urn:harmonic:company:735961,2.6440695e-05
urn:harmonic:company:1916519,2.6434795e-05
urn:harmonic:company:776469,2.6432552e-05
urn:harmonic:company:4512735,2.6432275e-05
urn:harmonic:company:47448273,2.6425218e-05
urn:harmonic:company:10731581,2.6416777e-05
urn:harmonic:company:105658,2.6407935e-05
urn:harmonic:company:3175691,2.6407508e-05
urn:harmonic:company:3408798,2.6395222e-05
urn:harmonic:company:34808973,2.6388829e-05
urn:harmonic:company:3461522,2.6382964e-05
urn:harmonic:company:2141269,2.6373506e-05
urn:harmonic:company:15628434,2.6371772e-05
urn:harmonic:company:12401734,2.636976e-05
urn:harmonic:company:10836783,2.6362344e-05
urn:harmonic:company:767319,2.6358093e-05
urn:harmonic:company:1788819,2.635676e-05
urn:harmonic:company:12753472,2.634651e-05
urn:harmonic:company:4440763,2.6345177e-05
urn:harmonic:company:2214936,2.6340955e-05
urn:harmonic:company:3669268,2.6329179e-05
urn:harmonic:company:47694082,2.6322576e-05
urn:harmonic:company:4795917,2.6315749e-05
urn:harmonic:company:4122456,2.6313815e-05
urn:harmonic:company:604446,2.6292118e-05
urn:harmonic:company:1431129,2.6281039e-05
urn:harmonic:company:1410544,2.6272093e-05
urn:harmonic:company:3643534,2.626866e-05
urn:harmonic:company:661474,2.6267033e-05
urn:harmonic:company:1583509,2.6255462e-05
urn:harmonic:company:1677195,2.6247924e-05
urn:harmonic:company:4422065,2.6243297e-05
urn:harmonic:company:2254029,2.6237365e-05
urn:harmonic:company:825243,2.623664e-05
urn:harmonic:company:49543,2.6234438e-05
urn:harmonic:company:4137534,2.6229809e-05
urn:harmonic:company:1465348,2.6226182e-05
urn:harmonic:company:641476,2.6215755e-05
urn:harmonic:company:1430039,2.6179678e-05
urn:harmonic:company:774242,2.617239e-05
urn:harmonic:company:12843710,2.6170044e-05
urn:harmonic:company:769601,2.616665e-05
urn:harmonic:company:16885106,2.6166425e-05
urn:harmonic:company:4294938,2.6157393e-05
urn:harmonic:company:795405,2.615031e-05
urn:harmonic:company:1706690,2.6138367e-05
urn:harmonic:company:1535905,2.613565e-05
urn:harmonic:company:6628326,2.6135576e-05
urn:harmonic:company:2240658,2.613453e-05
urn:harmonic:company:793977,2.6133383e-05
urn:harmonic:company:20567392,2.613256e-05
urn:harmonic:company:7485091,2.6131738e-05
urn:harmonic:company:12819213,2.612491e-05
urn:harmonic:company:3602049,2.6105636e-05
urn:harmonic:company:12892826,2.6102996e-05
urn:harmonic:company:2139524,2.610118e-05
urn:harmonic:company:3135057,2.6097794e-05
urn:harmonic:company:24090128,2.6094236e-05
urn:harmonic:company:36840927,2.6082915e-05
urn:harmonic:company:1996670,2.607553e-05
urn:harmonic:company:44525522,2.6062973e-05
urn:harmonic:company:10609225,2.6042526e-05
urn:harmonic:company:2138595,2.6034431e-05
urn:harmonic:company:613809,2.6031252e-05
urn:harmonic:company:105901,2.6006019e-05
urn:harmonic:company:11131929,2.5989233e-05
urn:harmonic:company:3684617,2.5987647e-05
urn:harmonic:company:11135602,2.598636e-05
urn:harmonic:company:10622331,2.596337e-05
urn:harmonic:company:12856649,2.595441e-05
urn:harmonic:company:25820,2.5939735e-05
urn:harmonic:company:586982,2.5933776e-05
urn:harmonic:company:169911,2.5922995e-05
urn:harmonic:company:13619684,2.5915999e-05
urn:harmonic:company:665745,2.5914836e-05
urn:harmonic:company:1429602,2.5912146e-05
urn:harmonic:company:42750789,2.5904534e-05
urn:harmonic:company:742788,2.588927e-05
urn:harmonic:company:10977800,2.588352e-05
urn:harmonic:company:613056,2.588236e-05
urn:harmonic:company:170441,2.5880927e-05
urn:harmonic:company:4130251,2.587081e-05
urn:harmonic:company:12464354,2.5867284e-05
urn:harmonic:company:791095,2.5857418e-05
urn:harmonic:company:10447760,2.585505e-05
urn:harmonic:company:1966476,2.583282e-05
urn:harmonic:company:3278898,2.5830283e-05
urn:harmonic:company:716442,2.5823607e-05
urn:harmonic:company:3482647,2.5812036e-05
urn:harmonic:company:12066077,2.5810436e-05
urn:harmonic:company:1574365,2.578662e-05
urn:harmonic:company:4299535,2.5779957e-05
urn:harmonic:company:4421067,2.5775164e-05
urn:harmonic:company:3456519,2.5773837e-05
urn:harmonic:company:18911745,2.5773099e-05
urn:harmonic:company:668498,2.5765383e-05
urn:harmonic:company:3319439,2.5762605e-05
urn:harmonic:company:4500113,2.5756735e-05
urn:harmonic:company:12482493,2.5753638e-05
urn:harmonic:company:610823,2.5732872e-05
urn:harmonic:company:3248555,2.5732725e-05
urn:harmonic:company:3757518,2.5731888e-05
urn:harmonic:company:2196976,2.5729778e-05
urn:harmonic:company:7946906,2.5721583e-05
urn:harmonic:company:740675,2.5720654e-05
urn:harmonic:company:6754700,2.5710819e-05
urn:harmonic:company:697276,2.569915e-05
urn:harmonic:company:1835652,2.569278e-05
urn:harmonic:company:635262,2.5682906e-05
urn:harmonic:company:39207289,2.5677713e-05
urn:harmonic:company:1841753,2.5677175e-05
urn:harmonic:company:2232381,2.5659063e-05
urn:harmonic:company:794289,2.5645999e-05
urn:harmonic:company:12789374,2.562644e-05
urn:harmonic:company:631167,2.5626245e-05
urn:harmonic:company:10876569,2.5615787e-05
urn:harmonic:company:3060285,2.560802e-05
urn:harmonic:company:605386,2.5601916e-05
urn:harmonic:company:4444672,2.559918e-05
urn:harmonic:company:2178656,2.5597083e-05
urn:harmonic:company:10270028,2.5590662e-05
urn:harmonic:company:1593299,2.5582243e-05
urn:harmonic:company:10918538,2.5581245e-05
urn:harmonic:company:601099,2.5579122e-05
urn:harmonic:company:3247801,2.5578463e-05
urn:harmonic:company:744279,2.557483e-05
urn:harmonic:company:4411406,2.5572584e-05
urn:harmonic:company:3683386,2.5569756e-05
urn:harmonic:company:662742,2.5568268e-05
urn:harmonic:company:774102,2.5561443e-05
urn:harmonic:company:10621736,2.555557e-05
urn:harmonic:company:1520399,2.5538173e-05
urn:harmonic:company:3847009,2.5531428e-05
urn:harmonic:company:9082,2.552371e-05
urn:harmonic:company:802381,2.5506217e-05
urn:harmonic:company:724689,2.5500889e-05
urn:harmonic:company:19020673,2.5489995e-05
urn:harmonic:company:2088836,2.5429783e-05
urn:harmonic:company:3186997,2.5424157e-05
urn:harmonic:company:58282966,2.5423577e-05
urn:harmonic:company:1587938,2.5386942e-05
urn:harmonic:company:3176640,2.538474e-05
urn:harmonic:company:12789493,2.5379197e-05
urn:harmonic:company:11017329,2.5358682e-05
urn:harmonic:company:648345,2.5352272e-05
urn:harmonic:company:2104511,2.5349735e-05
urn:harmonic:company:479101,2.5348065e-05
urn:harmonic:company:11163241,2.5338908e-05
urn:harmonic:company:4929627,2.530551e-05
urn:harmonic:company:6510066,2.529569e-05
urn:harmonic:company:4297405,2.5289153e-05
urn:harmonic:company:6587187,2.528802e-05
urn:harmonic:company:18920218,2.5284837e-05
urn:harmonic:company:4514064,2.5278014e-05
urn:harmonic:company:4520114,2.5266927e-05
urn:harmonic:company:1850552,2.5219335e-05
urn:harmonic:company:9173,2.5216112e-05
urn:harmonic:company:12882607,2.5215559e-05
urn:harmonic:company:10933540,2.521373e-05
urn:harmonic:company:2107614,2.5200894e-05
urn:harmonic:company:722556,2.519455e-05
urn:harmonic:company:3740352,2.5192243e-05
urn:harmonic:company:10868695,2.518607e-05
urn:harmonic:company:10702215,2.5183981e-05
urn:harmonic:company:1448881,2.517908e-05
urn:harmonic:company:1601109,2.5174159e-05
urn:harmonic:company:1546052,2.5169382e-05
urn:harmonic:company:4027296,2.516499e-05
urn:harmonic:company:4296372,2.5163024e-05
urn:harmonic:company:606346,2.5154817e-05
urn:harmonic:company:737141,2.514695e-05
urn:harmonic:company:716049,2.5141291e-05
urn:harmonic:company:6734051,2.5135945e-05
urn:harmonic:company:12882691,2.5133046e-05
urn:harmonic:company:740754,2.512842e-05
urn:harmonic:company:35560639,2.5128395e-05
urn:harmonic:company:3114551,2.5117135e-05
urn:harmonic:company:4215744,2.5107773e-05
urn:harmonic:company:44920596,2.5105377e-05
urn:harmonic:company:1415520,2.5100973e-05
urn:harmonic:company:2178303,2.5078192e-05
urn:harmonic:company:42377428,2.5067266e-05
urn:harmonic:company:672426,2.5065832e-05
urn:harmonic:company:1443420,2.505123e-05
urn:harmonic:company:3482671,2.5048294e-05
urn:harmonic:company:36402602,2.5044637e-05
urn:harmonic:company:462687,2.5040197e-05
urn:harmonic:company:733833,2.5034036e-05
urn:harmonic:company:12404984,2.5027377e-05
urn:harmonic:company:2104134,2.5023512e-05
urn:harmonic:company:41721723,2.5004427e-05
urn:harmonic:company:1986955,2.499992e-05
urn:harmonic:company:3213969,2.4995581e-05
urn:harmonic:company:4227299,2.4993673e-05
urn:harmonic:company:4133482,2.4986357e-05
urn:harmonic:company:733374,2.4983761e-05
urn:harmonic:company:6828,2.4982926e-05
urn:harmonic:company:107695,2.4976303e-05
urn:harmonic:company:423949,2.4969351e-05
urn:harmonic:company:1645247,2.4963518e-05
urn:harmonic:company:36839754,2.4960684e-05
urn:harmonic:company:4140071,2.4955758e-05
urn:harmonic:company:1464177,2.494222e-05
urn:harmonic:company:12523608,2.4938105e-05
urn:harmonic:company:223128,2.4929901e-05
urn:harmonic:company:10845323,2.4923127e-05
urn:harmonic:company:1421892,2.4916353e-05
urn:harmonic:company:3599176,2.4902125e-05
urn:harmonic:company:332327,2.4893056e-05
urn:harmonic:company:3370884,2.4886504e-05
urn:harmonic:company:1891026,2.4883417e-05
urn:harmonic:company:725328,2.4881829e-05
urn:harmonic:company:4510582,2.4881163e-05
urn:harmonic:company:4576242,2.4876726e-05
urn:harmonic:company:1730571,2.4873454e-05
urn:harmonic:company:105927,2.4866078e-05
urn:harmonic:company:1431043,2.4862093e-05
urn:harmonic:company:4145991,2.4849911e-05
urn:harmonic:company:2234252,2.484536e-05
urn:harmonic:company:3848165,2.4841049e-05
urn:harmonic:company:12482866,2.4835079e-05
urn:harmonic:company:1466316,2.483032e-05
urn:harmonic:company:6702480,2.4824685e-05
urn:harmonic:company:1817781,2.481801e-05
urn:harmonic:company:3361230,2.4814106e-05
urn:harmonic:company:4135245,2.4804522e-05
urn:harmonic:company:292139,2.4801424e-05
urn:harmonic:company:10272331,2.4789317e-05
urn:harmonic:company:3619257,2.4770177e-05
urn:harmonic:company:10033,2.476741e-05
urn:harmonic:company:1761110,2.4765806e-05
urn:harmonic:company:47855248,2.4760848e-05
urn:harmonic:company:796509,2.4760351e-05
urn:harmonic:company:4577825,2.475995e-05
urn:harmonic:company:11250911,2.4753928e-05
urn:harmonic:company:32481,2.4737505e-05
urn:harmonic:company:10196757,2.471331e-05
urn:harmonic:company:601164,2.4707751e-05
urn:harmonic:company:6707291,2.4702236e-05
urn:harmonic:company:53,2.4684223e-05
urn:harmonic:company:4010077,2.4673327e-05
urn:harmonic:company:10946815,2.4668972e-05
urn:harmonic:company:724553,2.4655872e-05
urn:harmonic:company:4490028,2.4651925e-05
urn:harmonic:company:3070903,2.4646093e-05
urn:harmonic:company:28321937,2.464466e-05
urn:harmonic:company:1735991,2.4634579e-05
urn:harmonic:company:1839927,2.4632323e-05
urn:harmonic:company:796405,2.463089e-05
urn:harmonic:company:708185,2.4623892e-05
urn:harmonic:company:4295037,2.4595001e-05
urn:harmonic:company:32215953,2.4589655e-05
urn:harmonic:company:1489725,2.4586772e-05
urn:harmonic:company:2240910,2.458398e-05
urn:harmonic:company:11574484,2.4581708e-05
urn:harmonic:company:3220203,2.457519e-05
urn:harmonic:company:45060356,2.4574814e-05
urn:harmonic:company:11143577,2.4559517e-05
urn:harmonic:company:1836777,2.4549636e-05
urn:harmonic:company:4263107,2.4545632e-05
urn:harmonic:company:11075071,2.4545561e-05
urn:harmonic:company:10783733,2.4539993e-05
urn:harmonic:company:1820862,2.4539548e-05
urn:harmonic:company:697057,2.4531122e-05
urn:harmonic:company:11145131,2.4520972e-05
urn:harmonic:company:2260713,2.4515899e-05
urn:harmonic:company:1442198,2.4506619e-05
urn:harmonic:company:4102870,2.4505543e-05
urn:harmonic:company:631884,2.450454e-05
urn:harmonic:company:13039260,2.4498699e-05
urn:harmonic:company:1443285,2.4498115e-05
urn:harmonic:company:3407946,2.449377e-05
urn:harmonic:company:12846467,2.4490055e-05
urn:harmonic:company:10967554,2.4488887e-05
urn:harmonic:company:2137992,2.448863e-05
urn:harmonic:company:678495,2.4488349e-05
urn:harmonic:company:10783558,2.4488047e-05
urn:harmonic:company:1982389,2.4482162e-05
urn:harmonic:company:3577574,2.4480993e-05
urn:harmonic:company:3648417,2.4464449e-05
urn:harmonic:company:12886352,2.446109e-05
urn:harmonic:company:149191,2.4450523e-05
urn:harmonic:company:12868206,2.4449893e-05
urn:harmonic:company:1564518,2.4449357e-05
urn:harmonic:company:195131,2.444649e-05
urn:harmonic:company:1836559,2.4437259e-05
urn:harmonic:company:1940602,2.4434905e-05
urn:harmonic:company:3219502,2.4433508e-05
urn:harmonic:company:2195899,2.4430106e-05
urn:harmonic:company:33748951,2.4429826e-05
urn:harmonic:company:2259094,2.442703e-05
urn:harmonic:company:3614251,2.4423678e-05
urn:harmonic:company:3948955,2.4420044e-05
urn:harmonic:company:3965149,2.4407145e-05
urn:harmonic:company:3648408,2.4403771e-05
urn:harmonic:company:5167107,2.4398556e-05
urn:harmonic:company:12868738,2.4392579e-05
urn:harmonic:company:7837986,2.4388786e-05
urn:harmonic:company:123281,2.438446e-05
urn:harmonic:company:3214393,2.4379531e-05
urn:harmonic:company:33532342,2.4373e-05
urn:harmonic:company:2158264,2.4369816e-05
urn:harmonic:company:1400351,2.4356943e-05
urn:harmonic:company:775605,2.435267e-05
urn:harmonic:company:10162875,2.435188e-05
urn:harmonic:company:11540466,2.4350951e-05
urn:harmonic:company:1505,2.4345589e-05
urn:harmonic:company:2259994,2.4345309e-05
urn:harmonic:company:36761728,2.434431e-05
urn:harmonic:company:10499541,2.432832e-05
urn:harmonic:company:705095,2.4328298e-05
urn:harmonic:company:659561,2.4323032e-05
urn:harmonic:company:627564,2.4316167e-05
urn:harmonic:company:36634186,2.4314057e-05
urn:harmonic:company:25299542,2.4278097e-05
urn:harmonic:company:725084,2.4275387e-05
urn:harmonic:company:10525450,2.4269531e-05
urn:harmonic:company:41050645,2.4269208e-05
urn:harmonic:company:1502960,2.4263793e-05
urn:harmonic:company:4138322,2.4262983e-05
urn:harmonic:company:3271042,2.4262867e-05
urn:harmonic:company:4323907,2.4210307e-05
urn:harmonic:company:35047549,2.419519e-05
urn:harmonic:company:11250378,2.4179895e-05
urn:harmonic:company:4255699,2.4175954e-05
urn:harmonic:company:44542438,2.4168945e-05
urn:harmonic:company:1984795,2.4164083e-05
urn:harmonic:company:5139022,2.4164083e-05
urn:harmonic:company:776745,2.4162677e-05
urn:harmonic:company:3657539,2.4155028e-05
urn:harmonic:company:106424,2.4138426e-05
urn:harmonic:company:3282021,2.4136585e-05
urn:harmonic:company:40496964,2.4136216e-05
urn:harmonic:company:2135938,2.4136216e-05
urn:harmonic:company:617053,2.4134835e-05
urn:harmonic:company:11448036,2.4122708e-05
urn:harmonic:company:4411617,2.412172e-05
urn:harmonic:company:2161989,2.4103621e-05
urn:harmonic:company:9038499,2.410245e-05
urn:harmonic:company:11080188,2.410215e-05
urn:harmonic:company:639110,2.408602e-05
urn:harmonic:company:9437,2.4082206e-05
urn:harmonic:company:772729,2.4067424e-05
urn:harmonic:company:1730228,2.4066276e-05
urn:harmonic:company:11168751,2.4059596e-05
urn:harmonic:company:3183114,2.4039804e-05
urn:harmonic:company:771026,2.4036915e-05
urn:harmonic:company:12840532,2.4031644e-05
urn:harmonic:company:6075720,2.4027473e-05
urn:harmonic:company:2140380,2.4023213e-05
urn:harmonic:company:10854936,2.4017669e-05
urn:harmonic:company:6553,2.4012628e-05
urn:harmonic:company:12502615,2.4009561e-05
urn:harmonic:company:13577813,2.400205e-05
urn:harmonic:company:12412872,2.3997978e-05
urn:harmonic:company:611283,2.3988301e-05
urn:harmonic:company:1671473,2.3984914e-05
urn:harmonic:company:1685375,2.3977183e-05
urn:harmonic:company:3429238,2.3974326e-05
urn:harmonic:company:1712249,2.396909e-05
urn:harmonic:company:37108755,2.3953187e-05
urn:harmonic:company:2123432,2.3944416e-05
urn:harmonic:company:794255,2.394252e-05
urn:harmonic:company:1448133,2.3940742e-05
urn:harmonic:company:105785,2.3939758e-05
urn:harmonic:company:170201,2.393419e-05
urn:harmonic:company:669225,2.39312e-05
urn:harmonic:company:105841,2.3915982e-05
urn:harmonic:company:3060720,2.3911693e-05
urn:harmonic:company:4010044,2.3904398e-05
urn:harmonic:company:12783750,2.3896808e-05
urn:harmonic:company:1701904,2.3896444e-05
urn:harmonic:company:1430460,2.3891409e-05
urn:harmonic:company:778186,2.3886281e-05
urn:harmonic:company:4153047,2.3884619e-05
urn:harmonic:company:8196044,2.387583e-05
urn:harmonic:company:1796588,2.3875715e-05
urn:harmonic:company:3608145,2.3874987e-05
urn:harmonic:company:10346789,2.3874509e-05
urn:harmonic:company:4036915,2.3860192e-05
urn:harmonic:company:627771,2.3850229e-05
urn:harmonic:company:800449,2.383945e-05
urn:harmonic:company:3398737,2.3832401e-05
urn:harmonic:company:10451783,2.3831039e-05
urn:harmonic:company:1838057,2.3828969e-05
urn:harmonic:company:12867078,2.3825789e-05
urn:harmonic:company:3678227,2.382279e-05
urn:harmonic:company:12840558,2.3810002e-05
urn:harmonic:company:178786,2.3803213e-05
urn:harmonic:company:4551673,2.3801444e-05
urn:harmonic:company:4179886,2.3797655e-05
urn:harmonic:company:6739371,2.3796247e-05
urn:harmonic:company:7706332,2.3793318e-05
urn:harmonic:company:1567691,2.3788782e-05
urn:harmonic:company:8257561,2.3783248e-05
urn:harmonic:company:4639909,2.3778506e-05
urn:harmonic:company:204611,2.375652e-05
urn:harmonic:company:2153618,2.375063e-05
urn:harmonic:company:2130617,2.3730572e-05
urn:harmonic:company:10172415,2.3721974e-05
urn:harmonic:company:1985367,2.3716613e-05
urn:harmonic:company:1410534,2.3710236e-05
urn:harmonic:company:1693462,2.3694345e-05
urn:harmonic:company:10754017,2.3692448e-05
urn:harmonic:company:1612716,2.3689172e-05
urn:harmonic:company:2111474,2.3685445e-05
urn:harmonic:company:757694,2.3685083e-05
urn:harmonic:company:1422117,2.3680883e-05
urn:harmonic:company:612476,2.367598e-05
urn:harmonic:company:4109659,2.3670158e-05
urn:harmonic:company:3831808,2.3668983e-05
urn:harmonic:company:4088748,2.3665101e-05
urn:harmonic:company:712887,2.3657383e-05
urn:harmonic:company:4306469,2.365497e-05
urn:harmonic:company:740822,2.3647099e-05
urn:harmonic:company:737727,2.3642318e-05
urn:harmonic:company:518066,2.3641824e-05
urn:harmonic:company:796877,2.3640154e-05
urn:harmonic:company:11295297,2.3637584e-05
urn:harmonic:company:3356521,2.3629042e-05
urn:harmonic:company:4700426,2.3610797e-05
urn:harmonic:company:1464684,2.3610617e-05
urn:harmonic:company:17216712,2.3606675e-05
urn:harmonic:company:711013,2.3599025e-05
urn:harmonic:company:2227070,2.358485e-05
urn:harmonic:company:12625433,2.357264e-05
urn:harmonic:company:10193036,2.3569808e-05
urn:harmonic:company:698364,2.3569133e-05
urn:harmonic:company:49276453,2.354732e-05
urn:harmonic:company:609721,2.353946e-05
urn:harmonic:company:3465732,2.3536564e-05
urn:harmonic:company:4094468,2.352429e-05
urn:harmonic:company:73146,2.3510585e-05
urn:harmonic:company:3249956,2.3503995e-05
urn:harmonic:company:795832,2.3502314e-05
urn:harmonic:company:6450,2.3498302e-05
urn:harmonic:company:4482798,2.3487728e-05
urn:harmonic:company:4393481,2.3487728e-05
urn:harmonic:company:12803627,2.3477784e-05
urn:harmonic:company:21776315,2.3473509e-05
urn:harmonic:company:730946,2.3466415e-05
urn:harmonic:company:12463387,2.3455272e-05
urn:harmonic:company:45060357,2.3454735e-05
urn:harmonic:company:4078859,2.3452298e-05
urn:harmonic:company:11470589,2.3450375e-05
urn:harmonic:company:5234316,2.3450128e-05
urn:harmonic:company:706922,2.344957e-05
urn:harmonic:company:3676237,2.3445322e-05
urn:harmonic:company:726033,2.3435417e-05
urn:harmonic:company:11692072,2.3433295e-05
urn:harmonic:company:6566694,2.3419107e-05
urn:harmonic:company:3631128,2.3413302e-05
urn:harmonic:company:769746,2.341098e-05
urn:harmonic:company:638912,2.3404484e-05
urn:harmonic:company:32864738,2.3396962e-05
urn:harmonic:company:3334823,2.3394108e-05
urn:harmonic:company:3630940,2.33892e-05
urn:harmonic:company:12463146,2.338697e-05
urn:harmonic:company:3089341,2.3384917e-05
urn:harmonic:company:1906482,2.3383089e-05
urn:harmonic:company:44801432,2.3381797e-05
urn:harmonic:company:35125964,2.3379724e-05
urn:harmonic:company:740126,2.3378163e-05
urn:harmonic:company:1449467,2.3376959e-05
urn:harmonic:company:631349,2.3365905e-05
urn:harmonic:company:169499,2.3358172e-05
urn:harmonic:company:4084140,2.335541e-05
urn:harmonic:company:4131387,2.3355009e-05
urn:harmonic:company:614263,2.3346614e-05
urn:harmonic:company:4527365,2.3346458e-05
urn:harmonic:company:3644112,2.3331768e-05
urn:harmonic:company:2161547,2.3327118e-05
urn:harmonic:company:676300,2.3324583e-05
urn:harmonic:company:1839577,2.3312665e-05
urn:harmonic:company:629125,2.3312441e-05
urn:harmonic:company:3599895,2.3294418e-05
urn:harmonic:company:1372894,2.3292596e-05
urn:harmonic:company:1563076,2.3287665e-05
urn:harmonic:company:5541752,2.328338e-05
urn:harmonic:company:44340526,2.3276232e-05
urn:harmonic:company:16369142,2.3262295e-05
urn:harmonic:company:12825177,2.3226517e-05
urn:harmonic:company:10310878,2.3217635e-05
urn:harmonic:company:21181595,2.3206303e-05
urn:harmonic:company:753188,2.320305e-05
urn:harmonic:company:1623043,2.3200839e-05
urn:harmonic:company:4385146,2.3198094e-05
urn:harmonic:company:4107516,2.3192255e-05
urn:harmonic:company:792526,2.3190461e-05
urn:harmonic:company:734025,2.3159433e-05
urn:harmonic:company:4424854,2.3155393e-05
urn:harmonic:company:1811140,2.311733e-05
urn:harmonic:company:1303153,2.3113143e-05
urn:harmonic:company:12842607,2.3093071e-05
urn:harmonic:company:714715,2.308301e-05
urn:harmonic:company:2244070,2.3082173e-05
urn:harmonic:company:8079527,2.3071434e-05
urn:harmonic:company:1679800,2.3070399e-05
urn:harmonic:company:43542361,2.3065539e-05
urn:harmonic:company:711322,2.3061888e-05
urn:harmonic:company:1470944,2.3049552e-05
urn:harmonic:company:4585095,2.30441e-05
urn:harmonic:company:3847958,2.3041377e-05
urn:harmonic:company:10754351,2.3039795e-05
urn:harmonic:company:3871712,2.3028151e-05
urn:harmonic:company:1534035,2.3024726e-05
urn:harmonic:company:1606387,2.3012566e-05
urn:harmonic:company:10148157,2.3008835e-05
urn:harmonic:company:611298,2.3001749e-05
urn:harmonic:company:466573,2.2989554e-05
urn:harmonic:company:10920552,2.2985214e-05
urn:harmonic:company:3597966,2.2973776e-05
urn:harmonic:company:1410522,2.2970751e-05
urn:harmonic:company:12976274,2.2939492e-05
urn:harmonic:company:4119542,2.2939317e-05
urn:harmonic:company:819968,2.2935488e-05
urn:harmonic:company:9042524,2.292239e-05
urn:harmonic:company:7513102,2.2919963e-05
urn:harmonic:company:169423,2.2916707e-05
urn:harmonic:company:680143,2.2914326e-05
urn:harmonic:company:766625,2.2911441e-05
urn:harmonic:company:750752,2.2908427e-05
urn:harmonic:company:16327074,2.2908405e-05
urn:harmonic:company:10318201,2.2896325e-05
urn:harmonic:company:10626147,2.2892922e-05
urn:harmonic:company:18473789,2.2885082e-05
urn:harmonic:company:12463307,2.288131e-05
urn:harmonic:company:164907,2.2877228e-05
urn:harmonic:company:10720506,2.2869399e-05
urn:harmonic:company:698347,2.2866694e-05
urn:harmonic:company:3709920,2.2851891e-05
urn:harmonic:company:49899178,2.2851738e-05
urn:harmonic:company:2178898,2.2849646e-05
urn:harmonic:company:49362491,2.2849406e-05
urn:harmonic:company:524098,2.2840932e-05
urn:harmonic:company:36861882,2.2837012e-05
urn:harmonic:company:1676395,2.2836208e-05
urn:harmonic:company:780568,2.282741e-05
urn:harmonic:company:34790511,2.2820816e-05
urn:harmonic:company:4121810,2.2798344e-05
urn:harmonic:company:652786,2.2792367e-05
urn:harmonic:company:794570,2.279065e-05
urn:harmonic:company:201130,2.278802e-05
urn:harmonic:company:2022072,2.2782588e-05
urn:harmonic:company:10584403,2.2776614e-05
urn:harmonic:company:11577127,2.2775786e-05
urn:harmonic:company:2248307,2.2771987e-05
urn:harmonic:company:3185042,2.2760589e-05
urn:harmonic:company:1820423,2.2754293e-05
urn:harmonic:company:3560881,2.27472e-05
urn:harmonic:company:3091725,2.2745704e-05
urn:harmonic:company:771620,2.273718e-05
urn:harmonic:company:775927,2.2736704e-05
urn:harmonic:company:192743,2.273486e-05
urn:harmonic:company:4125068,2.273022e-05
urn:harmonic:company:3886719,2.2726428e-05
urn:harmonic:company:170276,2.272142e-05
urn:harmonic:company:1518593,2.2718865e-05
urn:harmonic:company:11160267,2.2716114e-05
urn:harmonic:company:1676,2.2702816e-05
urn:harmonic:company:4817341,2.2692644e-05
urn:harmonic:company:4057037,2.2678212e-05
urn:harmonic:company:773028,2.2676764e-05
urn:harmonic:company:10994265,2.2675424e-05
urn:harmonic:company:105743,2.2660333e-05
urn:harmonic:company:161698,2.2657287e-05
urn:harmonic:company:3646372,2.2654976e-05
urn:harmonic:company:1839249,2.2648905e-05
urn:harmonic:company:715594,2.264789e-05
urn:harmonic:company:801549,2.2646205e-05
urn:harmonic:company:18547732,2.2643506e-05
urn:harmonic:company:12176824,2.2616443e-05
urn:harmonic:company:3223525,2.2615948e-05
urn:harmonic:company:106812,2.260329e-05
urn:harmonic:company:19098382,2.2599972e-05
urn:harmonic:company:1981058,2.2598204e-05
urn:harmonic:company:3357043,2.2597385e-05
urn:harmonic:company:11482750,2.2596696e-05
urn:harmonic:company:46388617,2.2592558e-05
urn:harmonic:company:3561585,2.2589478e-05
urn:harmonic:company:3248049,2.2585988e-05
urn:harmonic:company:617154,2.2578235e-05
urn:harmonic:company:11581482,2.2575006e-05
urn:harmonic:company:27302258,2.2570872e-05
urn:harmonic:company:19467276,2.2562415e-05
urn:harmonic:company:4626245,2.2541639e-05
urn:harmonic:company:48641966,2.2537297e-05
urn:harmonic:company:2133675,2.2530226e-05
urn:harmonic:company:5142220,2.2527434e-05
urn:harmonic:company:73545,2.252623e-05
urn:harmonic:company:3601352,2.2520455e-05
urn:harmonic:company:6731,2.2517124e-05
urn:harmonic:company:1449857,2.2515856e-05
urn:harmonic:company:3401656,2.2496284e-05
urn:harmonic:company:40350347,2.246282e-05
urn:harmonic:company:4588208,2.245346e-05
urn:harmonic:company:10304189,2.2452476e-05
urn:harmonic:company:12858571,2.2450806e-05
urn:harmonic:company:4055253,2.2446566e-05
urn:harmonic:company:10174718,2.2446353e-05
urn:harmonic:company:1316306,2.2439119e-05
urn:harmonic:company:4226196,2.2436678e-05
urn:harmonic:company:1691622,2.2426988e-05
urn:harmonic:company:1537110,2.2426046e-05
urn:harmonic:company:697520,2.241683e-05
urn:harmonic:company:12036600,2.2415055e-05
urn:harmonic:company:3186159,2.241495e-05
urn:harmonic:company:10869581,2.2414566e-05
urn:harmonic:company:642765,2.2400376e-05
urn:harmonic:company:11259237,2.2396724e-05
urn:harmonic:company:3961876,2.239384e-05
urn:harmonic:company:1957160,2.238579e-05
urn:harmonic:company:592790,2.2380218e-05
urn:harmonic:company:4297196,2.2349506e-05
urn:harmonic:company:4194836,2.2341004e-05
urn:harmonic:company:11451088,2.2339704e-05
urn:harmonic:company:3357295,2.2332548e-05
urn:harmonic:company:2138084,2.2330843e-05
urn:harmonic:company:6810441,2.231358e-05
urn:harmonic:company:1692031,2.2307133e-05
urn:harmonic:company:34922703,2.2305601e-05
urn:harmonic:company:796598,2.2304112e-05
urn:harmonic:company:1987363,2.2302624e-05
urn:harmonic:company:18469488,2.2289887e-05
urn:harmonic:company:46856375,2.2277412e-05
urn:harmonic:company:107360,2.226108e-05
urn:harmonic:company:4222506,2.2251912e-05
urn:harmonic:company:12848007,2.2250595e-05
urn:harmonic:company:710462,2.2249747e-05
urn:harmonic:company:19301468,2.2249216e-05
urn:harmonic:company:742638,2.224856e-05
urn:harmonic:company:8824871,2.224786e-05
urn:harmonic:company:1840965,2.2242131e-05
urn:harmonic:company:47467049,2.2240287e-05
urn:harmonic:company:512369,2.223e-05
urn:harmonic:company:6509906,2.2214637e-05
urn:harmonic:company:707306,2.2201464e-05
urn:harmonic:company:1672018,2.2198945e-05
urn:harmonic:company:47487885,2.2194921e-05
urn:harmonic:company:11225757,2.2184742e-05
urn:harmonic:company:3937717,2.2179182e-05
urn:harmonic:company:4013628,2.217457e-05
urn:harmonic:company:3211550,2.216736e-05
urn:harmonic:company:12389778,2.2164317e-05
urn:harmonic:company:10967684,2.2155315e-05
urn:harmonic:company:3438904,2.215413e-05
urn:harmonic:company:4317579,2.215113e-05
urn:harmonic:company:1815484,2.2143273e-05
urn:harmonic:company:4323855,2.2134996e-05
urn:harmonic:company:7705216,2.2131366e-05
urn:harmonic:company:170389,2.2118855e-05
urn:harmonic:company:12455423,2.2118646e-05
urn:harmonic:company:1430302,2.2118222e-05
urn:harmonic:company:3222610,2.2114995e-05
urn:harmonic:company:1835775,2.2113898e-05
urn:harmonic:company:726640,2.2111473e-05
urn:harmonic:company:48724379,2.210403e-05
urn:harmonic:company:37182145,2.2099583e-05
urn:harmonic:company:3293898,2.2098426e-05
urn:harmonic:company:3671423,2.2096949e-05
urn:harmonic:company:11071520,2.2079867e-05
urn:harmonic:company:13306852,2.2079466e-05
urn:harmonic:company:46834700,2.2068942e-05
urn:harmonic:company:10319065,2.2068562e-05
urn:harmonic:company:698713,2.2066435e-05
urn:harmonic:company:3424572,2.2040946e-05
urn:harmonic:company:11256019,2.2040882e-05
urn:harmonic:company:1416980,2.2040398e-05
urn:harmonic:company:76261,2.20334e-05
urn:harmonic:company:1704343,2.2031825e-05
urn:harmonic:company:669927,2.2020397e-05
urn:harmonic:company:1588688,2.2019285e-05
urn:harmonic:company:1407268,2.201622e-05
urn:harmonic:company:12861534,2.2013806e-05
urn:harmonic:company:714413,2.2011496e-05
urn:harmonic:company:10184087,2.2008559e-05
urn:harmonic:company:4414624,2.2006227e-05
urn:harmonic:company:1424279,2.2001128e-05
urn:harmonic:company:636909,2.1990556e-05
urn:harmonic:company:40769117,2.1986343e-05
urn:harmonic:company:2140453,2.197976e-05
urn:harmonic:company:3611337,2.197672e-05
urn:harmonic:company:10657878,2.1976384e-05
urn:harmonic:company:9013,2.1969176e-05
urn:harmonic:company:707050,2.1961403e-05
urn:harmonic:company:2262678,2.1959144e-05
urn:harmonic:company:1745133,2.1942982e-05
urn:harmonic:company:11232040,2.1936434e-05
urn:harmonic:company:1832552,2.1934216e-05
urn:harmonic:company:10873231,2.1931999e-05
urn:harmonic:company:18967191,2.192629e-05
urn:harmonic:company:10766651,2.1926227e-05
urn:harmonic:company:12481417,2.192238e-05
urn:harmonic:company:36843826,2.1921147e-05
urn:harmonic:company:1894907,2.191287e-05
urn:harmonic:company:42757471,2.1909547e-05
urn:harmonic:company:796315,2.1909003e-05
urn:harmonic:company:10976915,2.1901484e-05
urn:harmonic:company:690521,2.1895448e-05
urn:harmonic:company:2141219,2.1883403e-05
urn:harmonic:company:1998430,2.187852e-05
urn:harmonic:company:3090436,2.1876247e-05
urn:harmonic:company:5147628,2.1874599e-05
urn:harmonic:company:3473912,2.1873471e-05
urn:harmonic:company:601626,2.1871867e-05
urn:harmonic:company:3272946,2.1868445e-05
urn:harmonic:company:5337476,2.1867485e-05
urn:harmonic:company:3293579,2.1863045e-05
urn:harmonic:company:3147897,2.1862752e-05
urn:harmonic:company:21668073,2.1860207e-05
urn:harmonic:company:1546984,2.1855643e-05
urn:harmonic:company:10946786,2.1846266e-05
urn:harmonic:company:741424,2.184133e-05
urn:harmonic:company:10444553,2.184129e-05
urn:harmonic:company:662299,2.1840413e-05
urn:harmonic:company:3513769,2.1840164e-05
urn:harmonic:company:15453662,2.1838976e-05
urn:harmonic:company:4230545,2.1834729e-05
urn:harmonic:company:618451,2.1834e-05
urn:harmonic:company:6589172,2.1811938e-05
urn:harmonic:company:11071214,2.1800606e-05
urn:harmonic:company:793731,2.1799691e-05
urn:harmonic:company:694070,2.1799087e-05
urn:harmonic:company:10265460,2.1792457e-05
urn:harmonic:company:875877,2.1787158e-05
urn:harmonic:company:44301488,2.176166e-05
urn:harmonic:company:4457887,2.1757569e-05
urn:harmonic:company:3061818,2.175508e-05
urn:harmonic:company:1991263,2.1752405e-05
urn:harmonic:company:781216,2.1737122e-05
urn:harmonic:company:762644,2.1716753e-05
urn:harmonic:company:1544,2.1713731e-05
urn:harmonic:company:10104173,2.1703896e-05
urn:harmonic:company:1839439,2.1701228e-05
urn:harmonic:company:1571397,2.1697377e-05
urn:harmonic:company:10447739,2.1691978e-05
urn:harmonic:company:13415408,2.1682505e-05
urn:harmonic:company:7281095,2.1682237e-05
urn:harmonic:company:10909213,2.167748e-05
urn:harmonic:company:4587146,2.1672004e-05
urn:harmonic:company:1432101,2.1663202e-05
urn:harmonic:company:3594247,2.1659254e-05
urn:harmonic:company:3453713,2.1658097e-05
urn:harmonic:company:11370147,2.1657086e-05
urn:harmonic:company:16685205,2.1643915e-05
urn:harmonic:company:12790158,2.1639373e-05
urn:harmonic:company:9066398,2.1636093e-05
urn:harmonic:company:4501758,2.1632173e-05
urn:harmonic:company:1538643,2.1626973e-05
urn:harmonic:company:4537049,2.1624068e-05
urn:harmonic:company:12578170,2.1617592e-05
urn:harmonic:company:4178281,2.1604277e-05
urn:harmonic:company:1563605,2.1591426e-05
urn:harmonic:company:5208768,2.1579033e-05
urn:harmonic:company:775367,2.1566771e-05
urn:harmonic:company:663276,2.156671e-05
urn:harmonic:company:1775799,2.1561733e-05
urn:harmonic:company:22249217,2.154911e-05
urn:harmonic:company:1448736,2.1546646e-05
urn:harmonic:company:712088,2.1537506e-05
urn:harmonic:company:1627458,2.1536332e-05
urn:harmonic:company:10409137,2.153619e-05
urn:harmonic:company:644768,2.1533582e-05
urn:harmonic:company:656770,2.1528735e-05
urn:harmonic:company:4297834,2.1527216e-05
urn:harmonic:company:553562,2.1525102e-05
urn:harmonic:company:3748000,2.1523154e-05
urn:harmonic:company:6573,2.1516484e-05
urn:harmonic:company:24939013,2.1505692e-05
urn:harmonic:company:638862,2.1497019e-05
urn:harmonic:company:1697649,2.1494825e-05
urn:harmonic:company:10800106,2.1493903e-05
urn:harmonic:company:1990110,2.1482632e-05
urn:harmonic:company:5583651,2.1481095e-05
urn:harmonic:company:3629831,2.1480502e-05
urn:harmonic:company:1774169,2.1471325e-05
urn:harmonic:company:645838,2.1465308e-05
urn:harmonic:company:10174657,2.1463342e-05
urn:harmonic:company:10726499,2.146107e-05
urn:harmonic:company:1429995,2.145354e-05
urn:harmonic:company:609714,2.1446318e-05
urn:harmonic:company:3226143,2.1421421e-05
urn:harmonic:company:2148451,2.1416112e-05
urn:harmonic:company:687735,2.1414233e-05
urn:harmonic:company:2139121,2.1408821e-05
urn:harmonic:company:775284,2.1407535e-05
urn:harmonic:company:802017,2.1405882e-05
urn:harmonic:company:4194848,2.1400554e-05
urn:harmonic:company:1548051,2.1382031e-05
urn:harmonic:company:3571417,2.1378626e-05
urn:harmonic:company:3423887,2.1372876e-05
urn:harmonic:company:2139025,2.136389e-05
urn:harmonic:company:12401474,2.136277e-05
urn:harmonic:company:9258,2.136167e-05
urn:harmonic:company:2125506,2.134206e-05
urn:harmonic:company:29433077,2.1337686e-05
urn:harmonic:company:1830592,2.1335407e-05
urn:harmonic:company:11563932,2.132906e-05
urn:harmonic:company:38934651,2.1326314e-05
urn:harmonic:company:1777958,2.1322085e-05
urn:harmonic:company:907,2.1320844e-05
urn:harmonic:company:771719,2.13194e-05
urn:harmonic:company:1678830,2.1317284e-05
urn:harmonic:company:11132189,2.1313464e-05
urn:harmonic:company:12577130,2.1308973e-05
urn:harmonic:company:4326424,2.1284966e-05
urn:harmonic:company:607590,2.12817e-05
urn:harmonic:company:12457629,2.1280643e-05
urn:harmonic:company:763454,2.1278918e-05
urn:harmonic:company:4276657,2.1278776e-05
urn:harmonic:company:13016597,2.1260277e-05
urn:harmonic:company:37124416,2.1244125e-05
urn:harmonic:company:12887939,2.1243639e-05
urn:harmonic:company:2246655,2.1240903e-05
urn:harmonic:company:29605468,2.1240841e-05
urn:harmonic:company:3866538,2.1236528e-05
urn:harmonic:company:4297465,2.1234484e-05
urn:harmonic:company:749108,2.1229258e-05
urn:harmonic:company:6577053,2.1229036e-05
urn:harmonic:company:2262779,2.1227072e-05
urn:harmonic:company:2231426,2.122165e-05
urn:harmonic:company:11369793,2.1219099e-05
urn:harmonic:company:16367430,2.1214708e-05
urn:harmonic:company:36610417,2.1213555e-05
urn:harmonic:company:773671,2.1203825e-05
urn:harmonic:company:672081,2.1196425e-05
urn:harmonic:company:12696062,2.119113e-05
urn:harmonic:company:12818461,2.1189131e-05
urn:harmonic:company:3216306,2.117392e-05
urn:harmonic:company:4126795,2.1171518e-05
urn:harmonic:company:3225297,2.1171274e-05
urn:harmonic:company:2170902,2.115761e-05
urn:harmonic:company:10285364,2.115071e-05
urn:harmonic:company:710474,2.1148815e-05
urn:harmonic:company:711117,2.1137987e-05
urn:harmonic:company:2160358,2.1134883e-05
urn:harmonic:company:39993483,2.1121403e-05
urn:harmonic:company:4110146,2.1108093e-05
urn:harmonic:company:12455748,2.1105498e-05
urn:harmonic:company:3670569,2.1103826e-05
urn:harmonic:company:1835636,2.1093123e-05
urn:harmonic:company:3452749,2.1091533e-05
urn:harmonic:company:2125714,2.1091251e-05
urn:harmonic:company:37483806,2.1071208e-05
urn:harmonic:company:650893,2.1068938e-05
urn:harmonic:company:36839367,2.1068172e-05
urn:harmonic:company:751937,2.1048514e-05
urn:harmonic:company:44020252,2.1046224e-05
urn:harmonic:company:5207895,2.104484e-05
urn:harmonic:company:1449434,2.1040465e-05
urn:harmonic:company:41097883,2.1038419e-05
urn:harmonic:company:4576224,2.1033184e-05
urn:harmonic:company:1732217,2.1032482e-05
urn:harmonic:company:12176163,2.1028069e-05
urn:harmonic:company:746560,2.1002495e-05
urn:harmonic:company:4155148,2.099807e-05
urn:harmonic:company:609719,2.098828e-05
urn:harmonic:company:6572454,2.098752e-05
urn:harmonic:company:48989453,2.0984577e-05
urn:harmonic:company:3626979,2.0974054e-05
urn:harmonic:company:1873,2.0973674e-05
urn:harmonic:company:651063,2.0967875e-05
urn:harmonic:company:9758256,2.095514e-05
urn:harmonic:company:4450689,2.0952424e-05
urn:harmonic:company:10783430,2.093884e-05
urn:harmonic:company:30019926,2.0933569e-05
urn:harmonic:company:653917,2.093261e-05
urn:harmonic:company:4185506,2.0923351e-05
urn:harmonic:company:772750,2.0910285e-05
urn:harmonic:company:3555161,2.0906995e-05
urn:harmonic:company:10231942,2.0897367e-05
urn:harmonic:company:12474672,2.0887106e-05
urn:harmonic:company:764721,2.088346e-05
urn:harmonic:company:42539230,2.0882882e-05
urn:harmonic:company:2192791,2.0881987e-05
urn:harmonic:company:3222053,2.0875417e-05
urn:harmonic:company:41022406,2.0873365e-05
urn:harmonic:company:759830,2.0858184e-05
urn:harmonic:company:796369,2.0856294e-05
urn:harmonic:company:37102879,2.0853451e-05
urn:harmonic:company:1942131,2.0848598e-05
urn:harmonic:company:706740,2.08484e-05
urn:harmonic:company:779278,2.0835341e-05
urn:harmonic:company:37224871,2.0828784e-05
urn:harmonic:company:12382687,2.0826561e-05
urn:harmonic:company:1496813,2.080901e-05
urn:harmonic:company:22172446,2.0796491e-05
urn:harmonic:company:6676995,2.0793339e-05
urn:harmonic:company:10969094,2.0791178e-05
urn:harmonic:company:4514080,2.0787807e-05
urn:harmonic:company:10191573,2.07714e-05
urn:harmonic:company:4112634,2.0769676e-05
urn:harmonic:company:11479653,2.076916e-05
urn:harmonic:company:4137169,2.0768071e-05
urn:harmonic:company:34667032,2.076708e-05
urn:harmonic:company:1407937,2.0757972e-05
urn:harmonic:company:2086062,2.0756666e-05
urn:harmonic:company:5135314,2.0750966e-05
urn:harmonic:company:12706410,2.074604e-05
urn:harmonic:company:8348447,2.0739353e-05
urn:harmonic:company:2168678,2.0739155e-05
urn:harmonic:company:1785259,2.0738542e-05
urn:harmonic:company:49430099,2.0734527e-05
urn:harmonic:company:676425,2.0733756e-05
urn:harmonic:company:3530276,2.0732867e-05
urn:harmonic:company:6713504,2.0728834e-05
urn:harmonic:company:11148692,2.072737e-05
urn:harmonic:company:12171706,2.072073e-05
urn:harmonic:company:106471,2.0713756e-05
urn:harmonic:company:722516,2.0706075e-05
urn:harmonic:company:1400374,2.0700229e-05
urn:harmonic:company:35611116,2.0693755e-05
urn:harmonic:company:35447800,2.0685882e-05
urn:harmonic:company:12584727,2.0678368e-05
urn:harmonic:company:11083409,2.0671308e-05
urn:harmonic:company:676731,2.0662934e-05
urn:harmonic:company:4183127,2.0660134e-05
urn:harmonic:company:7685639,2.0644537e-05
urn:harmonic:company:1709479,2.0625605e-05
urn:harmonic:company:11134366,2.0616088e-05
urn:harmonic:company:580003,2.0600462e-05
urn:harmonic:company:12467474,2.0593254e-05
urn:harmonic:company:3950096,2.0590407e-05
urn:harmonic:company:643462,2.0565798e-05
urn:harmonic:company:12434212,2.0553623e-05
urn:harmonic:company:3344594,2.0549174e-05
urn:harmonic:company:12755144,2.0534168e-05
urn:harmonic:company:34278805,2.0510937e-05
urn:harmonic:company:2125392,2.0505284e-05
urn:harmonic:company:5144718,2.0492871e-05
urn:harmonic:company:795520,2.049111e-05
urn:harmonic:company:2217735,2.0480971e-05
urn:harmonic:company:6918690,2.0474821e-05
urn:harmonic:company:4122307,2.0451305e-05
urn:harmonic:company:2127499,2.0450721e-05
urn:harmonic:company:1990735,2.044801e-05
urn:harmonic:company:1548038,2.0447133e-05
urn:harmonic:company:1449044,2.0446916e-05
urn:harmonic:company:678188,2.0446509e-05
urn:harmonic:company:12583483,2.0440464e-05
urn:harmonic:company:709597,2.042883e-05
urn:harmonic:company:3645395,2.0426784e-05
urn:harmonic:company:36460624,2.0424817e-05
urn:harmonic:company:1587500,2.0423064e-05
urn:harmonic:company:1778589,2.0405425e-05
urn:harmonic:company:1815492,2.0405232e-05
urn:harmonic:company:4147571,2.0404024e-05
urn:harmonic:company:42445371,2.040381e-05
urn:harmonic:company:4410540,2.0398404e-05
urn:harmonic:company:4155439,2.0391906e-05
urn:harmonic:company:610218,2.0388874e-05
urn:harmonic:company:617073,2.0379211e-05
urn:harmonic:company:3310169,2.0374158e-05
urn:harmonic:company:3889899,2.0370817e-05
urn:harmonic:company:3243231,2.0356581e-05
urn:harmonic:company:1677565,2.0344123e-05
urn:harmonic:company:34101419,2.0343114e-05
urn:harmonic:company:6627,2.0327794e-05
urn:harmonic:company:1431050,2.0316302e-05
urn:harmonic:company:45144123,2.0307583e-05
urn:harmonic:company:11294805,2.0301697e-05
urn:harmonic:company:37094901,2.0299627e-05
urn:harmonic:company:3599196,2.0288615e-05
urn:harmonic:company:633732,2.0285692e-05
urn:harmonic:company:10174701,2.0281728e-05
urn:harmonic:company:37358040,2.0278652e-05
urn:harmonic:company:11294735,2.0277801e-05
urn:harmonic:company:11338719,2.0272058e-05
urn:harmonic:company:3350921,2.0271247e-05
urn:harmonic:company:3244022,2.0263593e-05
urn:harmonic:company:3186501,2.0248197e-05
urn:harmonic:company:1880785,2.0230478e-05
urn:harmonic:company:3224658,2.0228994e-05
urn:harmonic:company:1545096,2.0220525e-05
urn:harmonic:company:12871507,2.0216323e-05
urn:harmonic:company:6981851,2.0215011e-05
urn:harmonic:company:10253928,2.0214606e-05
urn:harmonic:company:11140036,2.020732e-05
urn:harmonic:company:6808913,2.019738e-05
urn:harmonic:company:36841078,2.0195761e-05
urn:harmonic:company:735036,2.0193374e-05
urn:harmonic:company:3294017,2.01932e-05
urn:harmonic:company:1775283,2.0189387e-05
urn:harmonic:company:48057278,2.0189254e-05
urn:harmonic:company:1432064,2.0178339e-05
urn:harmonic:company:1683558,2.0167086e-05
urn:harmonic:company:12789474,2.0163969e-05
urn:harmonic:company:1449507,2.0162315e-05
urn:harmonic:company:43513708,2.0160855e-05
urn:harmonic:company:3372076,2.0149457e-05
urn:harmonic:company:10621738,2.014792e-05
urn:harmonic:company:738909,2.0141062e-05
urn:harmonic:company:10842442,2.0138661e-05
urn:harmonic:company:73268,2.013436e-05
urn:harmonic:company:2105385,2.0132517e-05
urn:harmonic:company:3270331,2.0116971e-05
urn:harmonic:company:1998670,2.011043e-05
urn:harmonic:company:2134194,2.0087275e-05
urn:harmonic:company:34769603,2.0087198e-05
urn:harmonic:company:793043,2.0082083e-05
urn:harmonic:company:4586871,2.0077105e-05
urn:harmonic:company:730857,2.007473e-05
urn:harmonic:company:11583520,2.0068988e-05
urn:harmonic:company:4203706,2.0039328e-05
urn:harmonic:company:1566,2.003713e-05
urn:harmonic:company:1972734,2.0035792e-05
urn:harmonic:company:12826986,2.0035219e-05
urn:harmonic:company:10937782,2.0034473e-05
urn:harmonic:company:2117372,2.0025955e-05
urn:harmonic:company:6734413,2.00074e-05
urn:harmonic:company:34749,2.0005167e-05
urn:harmonic:company:638196,2.000139e-05
urn:harmonic:company:37211491,1.9998091e-05
urn:harmonic:company:1955908,1.9996642e-05
urn:harmonic:company:6632626,1.9988252e-05
urn:harmonic:company:4046352,1.998667e-05
urn:harmonic:company:801759,1.9981448e-05
urn:harmonic:company:13593542,1.9972798e-05
urn:harmonic:company:35056698,1.99712e-05
urn:harmonic:company:6812,1.9970399e-05
urn:harmonic:company:10209917,1.9963734e-05
urn:harmonic:company:6497709,1.9962574e-05
urn:harmonic:company:3320939,1.995808e-05
urn:harmonic:company:1449219,1.9954825e-05
urn:harmonic:company:3848609,1.9952866e-05
urn:harmonic:company:3321408,1.9945142e-05
urn:harmonic:company:802354,1.994054e-05
urn:harmonic:company:4677582,1.9933446e-05
urn:harmonic:company:11582830,1.993341e-05
urn:harmonic:company:794865,1.9912035e-05
urn:harmonic:company:11323280,1.991192e-05
urn:harmonic:company:4953839,1.9911333e-05
urn:harmonic:company:4362378,1.9906187e-05
urn:harmonic:company:636060,1.9905978e-05
urn:harmonic:company:607610,1.9895731e-05
urn:harmonic:company:12389818,1.9893e-05
urn:harmonic:company:4305580,1.9888825e-05
urn:harmonic:company:12875396,1.9882054e-05
urn:harmonic:company:10285899,1.9881638e-05
urn:harmonic:company:12706444,1.98787e-05
urn:harmonic:company:1799088,1.9870435e-05
urn:harmonic:company:12886369,1.9864732e-05
urn:harmonic:company:1429858,1.9862688e-05
urn:harmonic:company:1549980,1.9861967e-05
urn:harmonic:company:12692854,1.9857422e-05
urn:harmonic:company:10879218,1.9855528e-05
urn:harmonic:company:680073,1.9845816e-05
urn:harmonic:company:793677,1.9838286e-05
urn:harmonic:company:12835823,1.9831135e-05
urn:harmonic:company:776937,1.9815256e-05
urn:harmonic:company:32373321,1.9789932e-05
urn:harmonic:company:11265883,1.9779081e-05
urn:harmonic:company:10357491,1.9764771e-05
urn:harmonic:company:4092018,1.9758796e-05
urn:harmonic:company:3689294,1.9756837e-05
urn:harmonic:company:1836506,1.9753634e-05
urn:harmonic:company:9990,1.9752128e-05
urn:harmonic:company:740498,1.9751034e-05
urn:harmonic:company:2130621,1.9749037e-05
urn:harmonic:company:41886693,1.9746081e-05
urn:harmonic:company:660487,1.9734842e-05
urn:harmonic:company:10222748,1.9733638e-05
urn:harmonic:company:642115,1.9730722e-05
urn:harmonic:company:742416,1.9728539e-05
urn:harmonic:company:4122735,1.9718607e-05
urn:harmonic:company:4054330,1.971716e-05
urn:harmonic:company:1589926,1.9714415e-05
urn:harmonic:company:1819800,1.970137e-05
urn:harmonic:company:3670606,1.9674822e-05
urn:harmonic:company:716177,1.9671013e-05
urn:harmonic:company:3314675,1.9667581e-05
urn:harmonic:company:21723557,1.9666719e-05
urn:harmonic:company:1997236,1.9660454e-05
urn:harmonic:company:1804,1.9660323e-05
urn:harmonic:company:642652,1.9659856e-05
urn:harmonic:company:1516,1.965948e-05
urn:harmonic:company:3767084,1.9654231e-05
urn:harmonic:company:3065510,1.9646437e-05
urn:harmonic:company:3204953,1.9646248e-05
urn:harmonic:company:4105755,1.9640553e-05
urn:harmonic:company:1604228,1.9639036e-05
urn:harmonic:company:1450201,1.9635516e-05
urn:harmonic:company:605181,1.9633717e-05
urn:harmonic:company:12583188,1.9632089e-05
urn:harmonic:company:41953360,1.9629488e-05
urn:harmonic:company:3272958,1.9628926e-05
urn:harmonic:company:7990047,1.9628795e-05
urn:harmonic:company:3533054,1.9621832e-05
urn:harmonic:company:3684314,1.9618632e-05
urn:harmonic:company:490775,1.961171e-05
urn:harmonic:company:48414262,1.9608757e-05
urn:harmonic:company:4384968,1.9578523e-05
urn:harmonic:company:5210961,1.9576824e-05
urn:harmonic:company:4295915,1.957029e-05
urn:harmonic:company:1807567,1.9546473e-05
urn:harmonic:company:1448984,1.9543006e-05
urn:harmonic:company:34620754,1.9530951e-05
urn:harmonic:company:12785213,1.9521305e-05
urn:harmonic:company:3069724,1.950932e-05
urn:harmonic:company:4274759,1.9506084e-05
urn:harmonic:company:765113,1.9501806e-05
urn:harmonic:company:3293486,1.9496467e-05
urn:harmonic:company:7593115,1.9495648e-05
urn:harmonic:company:1591880,1.9483437e-05
urn:harmonic:company:795548,1.9478533e-05
urn:harmonic:company:2260414,1.9476436e-05
urn:harmonic:company:569506,1.9471958e-05
urn:harmonic:company:4289801,1.9458908e-05
urn:harmonic:company:18937426,1.9452842e-05
urn:harmonic:company:800597,1.9451581e-05
urn:harmonic:company:4294233,1.9438527e-05
urn:harmonic:company:8176743,1.9432391e-05
urn:harmonic:company:767828,1.9428166e-05
urn:harmonic:company:6647250,1.942813e-05
urn:harmonic:company:468429,1.9427498e-05
urn:harmonic:company:2220238,1.9421199e-05
urn:harmonic:company:3085684,1.9410201e-05
urn:harmonic:company:12398303,1.9407147e-05
urn:harmonic:company:1422095,1.9406278e-05
urn:harmonic:company:6499324,1.9375637e-05
urn:harmonic:company:2160430,1.937401e-05
urn:harmonic:company:3387193,1.9372312e-05
urn:harmonic:company:773863,1.9363113e-05
urn:harmonic:company:3213136,1.9353789e-05
urn:harmonic:company:793425,1.9346888e-05
urn:harmonic:company:4093515,1.9331912e-05
urn:harmonic:company:4105588,1.9330362e-05
urn:harmonic:company:10619011,1.9321738e-05
urn:harmonic:company:11580719,1.931634e-05
urn:harmonic:company:107137,1.9307223e-05
urn:harmonic:company:42491375,1.9297264e-05
urn:harmonic:company:10961085,1.9293382e-05
urn:harmonic:company:3442412,1.9291267e-05
urn:harmonic:company:602269,1.927387e-05
urn:harmonic:company:761228,1.926167e-05
urn:harmonic:company:2197066,1.9261266e-05
urn:harmonic:company:4386277,1.9260457e-05
urn:harmonic:company:21492641,1.9260164e-05
urn:harmonic:company:688564,1.9257519e-05
urn:harmonic:company:4194345,1.925247e-05
urn:harmonic:company:745561,1.9240153e-05
urn:harmonic:company:777278,1.92352e-05
urn:harmonic:company:1730306,1.9234136e-05
urn:harmonic:company:1991206,1.9230634e-05
urn:harmonic:company:9669196,1.9228377e-05
urn:harmonic:company:5211423,1.9228011e-05
urn:harmonic:company:18442740,1.9224803e-05
urn:harmonic:company:2179343,1.9218807e-05
urn:harmonic:company:12590746,1.9216755e-05
urn:harmonic:company:736671,1.9216737e-05
urn:harmonic:company:3836741,1.9215162e-05
urn:harmonic:company:3239730,1.9203326e-05
urn:harmonic:company:12888385,1.9198236e-05
urn:harmonic:company:4123420,1.919291e-05
urn:harmonic:company:605718,1.9184217e-05
urn:harmonic:company:10781277,1.9181913e-05
urn:harmonic:company:11075446,1.9177925e-05
urn:harmonic:company:1430600,1.9176809e-05
urn:harmonic:company:1622440,1.9170282e-05
urn:harmonic:company:4488805,1.9162513e-05
urn:harmonic:company:1409859,1.916076e-05
urn:harmonic:company:1791691,1.9156263e-05
urn:harmonic:company:4442156,1.9152792e-05
urn:harmonic:company:1963264,1.9151057e-05
urn:harmonic:company:198370,1.9143572e-05
urn:harmonic:company:12476833,1.9133204e-05
urn:harmonic:company:683975,1.9132092e-05
urn:harmonic:company:12590484,1.9132001e-05
urn:harmonic:company:6525335,1.912713e-05
urn:harmonic:company:3242082,1.9124776e-05
urn:harmonic:company:622229,1.9124722e-05
urn:harmonic:company:3065336,1.9123883e-05
urn:harmonic:company:4190493,1.9122625e-05
urn:harmonic:company:12412437,1.9118612e-05
urn:harmonic:company:12872458,1.910549e-05
urn:harmonic:company:753948,1.9101464e-05
urn:harmonic:company:825295,1.9099114e-05
urn:harmonic:company:635670,1.9094927e-05
urn:harmonic:company:3849247,1.9094598e-05
urn:harmonic:company:1408104,1.9093195e-05
urn:harmonic:company:10172340,1.9082383e-05
urn:harmonic:company:4105548,1.9079853e-05
urn:harmonic:company:1840223,1.9076306e-05
urn:harmonic:company:3294983,1.906492e-05
urn:harmonic:company:1448897,1.9062376e-05
urn:harmonic:company:4139275,1.9061958e-05
urn:harmonic:company:3264356,1.9060284e-05
urn:harmonic:company:523486,1.9052924e-05
urn:harmonic:company:691686,1.9051526e-05
urn:harmonic:company:12741857,1.904942e-05
urn:harmonic:company:12862793,1.9044732e-05
urn:harmonic:company:1449538,1.9037323e-05
urn:harmonic:company:796017,1.9030987e-05
urn:harmonic:company:1785457,1.9029301e-05
urn:harmonic:company:4459230,1.9026125e-05
urn:harmonic:company:12502613,1.9014262e-05
urn:harmonic:company:10148325,1.9001101e-05
urn:harmonic:company:3224183,1.8998095e-05
urn:harmonic:company:12787410,1.8997387e-05
urn:harmonic:company:4200306,1.8993547e-05
urn:harmonic:company:4433112,1.8991374e-05
urn:harmonic:company:553812,1.8991084e-05
urn:harmonic:company:4101229,1.898978e-05
urn:harmonic:company:3240834,1.8987463e-05
urn:harmonic:company:2179311,1.897794e-05
urn:harmonic:company:12834835,1.8976203e-05
urn:harmonic:company:3647352,1.8959017e-05
urn:harmonic:company:1370383,1.8942428e-05
urn:harmonic:company:1560492,1.8935909e-05
urn:harmonic:company:12863908,1.8926448e-05
urn:harmonic:company:10530830,1.8925799e-05
urn:harmonic:company:3176020,1.8912338e-05
urn:harmonic:company:47030800,1.8911689e-05
urn:harmonic:company:11457218,1.8908713e-05
urn:harmonic:company:6598189,1.890821e-05
urn:harmonic:company:603740,1.8904224e-05
urn:harmonic:company:11450234,1.8901845e-05
urn:harmonic:company:49939984,1.8896491e-05
urn:harmonic:company:704506,1.8890492e-05
urn:harmonic:company:9692271,1.888507e-05
urn:harmonic:company:12869236,1.8884726e-05
urn:harmonic:company:732268,1.8881487e-05
urn:harmonic:company:4088971,1.887533e-05
urn:harmonic:company:11676811,1.886903e-05
urn:harmonic:company:47268718,1.8866258e-05
urn:harmonic:company:775979,1.8864712e-05
urn:harmonic:company:651654,1.8860628e-05
urn:harmonic:company:4074004,1.8858489e-05
urn:harmonic:company:728492,1.885509e-05
urn:harmonic:company:72968,1.885329e-05
urn:harmonic:company:4097512,1.8852626e-05
urn:harmonic:company:553374,1.884371e-05
urn:harmonic:company:3140495,1.8834924e-05
urn:harmonic:company:6658148,1.883205e-05
urn:harmonic:company:3213945,1.8827328e-05
urn:harmonic:company:638502,1.8821656e-05
urn:harmonic:company:3521957,1.8820005e-05
urn:harmonic:company:11657571,1.8810208e-05
urn:harmonic:company:170007,1.8807948e-05
urn:harmonic:company:438367,1.8805096e-05
urn:harmonic:company:1448638,1.8805025e-05
urn:harmonic:company:123154,1.8796865e-05
urn:harmonic:company:793974,1.8795521e-05
urn:harmonic:company:3216136,1.8789375e-05
urn:harmonic:company:4190537,1.878656e-05
urn:harmonic:company:34867952,1.8786239e-05
urn:harmonic:company:801626,1.8782066e-05
urn:harmonic:company:1449498,1.8780005e-05
urn:harmonic:company:3714686,1.8779558e-05
urn:harmonic:company:10884471,1.877134e-05
urn:harmonic:company:604480,1.8765682e-05
urn:harmonic:company:735774,1.8764018e-05
urn:harmonic:company:661793,1.8762534e-05
urn:harmonic:company:794195,1.8760726e-05
urn:harmonic:company:1626149,1.875842e-05
urn:harmonic:company:1577358,1.875842e-05
urn:harmonic:company:11542887,1.8754645e-05
urn:harmonic:company:4638687,1.8746616e-05
urn:harmonic:company:13427738,1.8744417e-05
urn:harmonic:company:1464617,1.8737732e-05
urn:harmonic:company:656549,1.8734963e-05
urn:harmonic:company:12835732,1.8729996e-05
urn:harmonic:company:3638962,1.8729354e-05
urn:harmonic:company:2164547,1.8728175e-05
urn:harmonic:company:3246402,1.8714607e-05
urn:harmonic:company:3275487,1.871309e-05
urn:harmonic:company:1552387,1.8711393e-05
urn:harmonic:company:766308,1.8710412e-05
urn:harmonic:company:1676128,1.8705507e-05
urn:harmonic:company:1984893,1.8699995e-05
urn:harmonic:company:11553854,1.869739e-05
urn:harmonic:company:3350135,1.869527e-05
urn:harmonic:company:4410927,1.8694805e-05
urn:harmonic:company:12465017,1.8689921e-05
urn:harmonic:company:3599001,1.8683275e-05
urn:harmonic:company:614790,1.8682063e-05
urn:harmonic:company:554607,1.8681723e-05
urn:harmonic:company:12481982,1.8681298e-05
urn:harmonic:company:703715,1.8680514e-05
urn:harmonic:company:629005,1.8678875e-05
urn:harmonic:company:11077579,1.8678233e-05
urn:harmonic:company:10442208,1.8668867e-05
urn:harmonic:company:4464938,1.8668296e-05
urn:harmonic:company:9273850,1.8660357e-05
urn:harmonic:company:1879084,1.8655483e-05
urn:harmonic:company:12849423,1.8644081e-05
urn:harmonic:company:1448103,1.8643566e-05
urn:harmonic:company:1597109,1.8637913e-05
urn:harmonic:company:11154872,1.8636081e-05
urn:harmonic:company:4102744,1.863267e-05
urn:harmonic:company:734722,1.8625175e-05
urn:harmonic:company:10960968,1.8608023e-05
urn:harmonic:company:11168736,1.8599278e-05
urn:harmonic:company:36702873,1.8598426e-05
urn:harmonic:company:1733040,1.8598159e-05
urn:harmonic:company:1514303,1.8594772e-05
urn:harmonic:company:5720175,1.8586226e-05
urn:harmonic:company:10524864,1.8585924e-05
urn:harmonic:company:1430380,1.85858e-05
urn:harmonic:company:10325533,1.8585375e-05
urn:harmonic:company:11450222,1.8580999e-05
urn:harmonic:company:751330,1.8578607e-05
urn:harmonic:company:768557,1.8565554e-05
urn:harmonic:company:46849966,1.856511e-05
urn:harmonic:company:3666419,1.8554721e-05
urn:harmonic:company:1716191,1.854943e-05
urn:harmonic:company:6473231,1.8543577e-05
urn:harmonic:company:13595088,1.8539722e-05
urn:harmonic:company:1450036,1.8529134e-05
urn:harmonic:company:3943693,1.8515215e-05
urn:harmonic:company:3648289,1.8512283e-05
urn:harmonic:company:553400,1.8507943e-05
urn:harmonic:company:6539,1.8505736e-05
urn:harmonic:company:10520283,1.8497565e-05
urn:harmonic:company:3174105,1.8494955e-05
urn:harmonic:company:723883,1.848956e-05
urn:harmonic:company:3673254,1.8474102e-05
urn:harmonic:company:3373291,1.8471037e-05
urn:harmonic:company:3961913,1.8468341e-05
urn:harmonic:company:3219058,1.8465402e-05
urn:harmonic:company:1840809,1.8461385e-05
urn:harmonic:company:6363,1.8460929e-05
urn:harmonic:company:118637,1.8460787e-05
urn:harmonic:company:746398,1.8460049e-05
urn:harmonic:company:3353513,1.8459503e-05
urn:harmonic:company:3359561,1.8457637e-05
urn:harmonic:company:12584848,1.8455066e-05
urn:harmonic:company:33848859,1.8444984e-05
urn:harmonic:company:2104919,1.8441906e-05
urn:harmonic:company:3236252,1.8434856e-05
urn:harmonic:company:2088110,1.8419672e-05
urn:harmonic:company:6571858,1.8414086e-05
urn:harmonic:company:3251537,1.8409977e-05
urn:harmonic:company:25085730,1.8408065e-05
urn:harmonic:company:11565877,1.8407414e-05
urn:harmonic:company:554613,1.8400799e-05
urn:harmonic:company:10692642,1.8398008e-05
urn:harmonic:company:1449477,1.8390132e-05
urn:harmonic:company:4450736,1.8379595e-05
urn:harmonic:company:4390650,1.8378141e-05
urn:harmonic:company:10844764,1.8377143e-05
urn:harmonic:company:10545633,1.8375213e-05
urn:harmonic:company:10607257,1.8372111e-05
urn:harmonic:company:10198941,1.8362898e-05
urn:harmonic:company:3643550,1.835845e-05
urn:harmonic:company:771701,1.8348912e-05
urn:harmonic:company:36823743,1.8343348e-05
urn:harmonic:company:12483165,1.8343226e-05
urn:harmonic:company:4215567,1.8341914e-05
urn:harmonic:company:35928419,1.83306e-05
urn:harmonic:company:628678,1.8327908e-05
urn:harmonic:company:58874,1.8327559e-05
urn:harmonic:company:1424072,1.8327104e-05
urn:harmonic:company:505665,1.8320465e-05
urn:harmonic:company:34895963,1.8319852e-05
urn:harmonic:company:37105053,1.8315137e-05
urn:harmonic:company:1370007,1.8305269e-05
urn:harmonic:company:1962562,1.8301622e-05
urn:harmonic:company:691065,1.830143e-05
urn:harmonic:company:1791749,1.8293124e-05
urn:harmonic:company:644610,1.8292514e-05
urn:harmonic:company:47000133,1.8292112e-05
urn:harmonic:company:637874,1.828941e-05
urn:harmonic:company:12467466,1.8284229e-05
urn:harmonic:company:6702735,1.827776e-05
urn:harmonic:company:2178635,1.8273298e-05
urn:harmonic:company:5138443,1.8269691e-05
urn:harmonic:company:6946071,1.8253984e-05
urn:harmonic:company:2175186,1.825301e-05
urn:harmonic:company:662038,1.8251947e-05
urn:harmonic:company:3371226,1.8250103e-05
urn:harmonic:company:674605,1.824744e-05
urn:harmonic:company:1840942,1.8237732e-05
urn:harmonic:company:1565019,1.823608e-05
urn:harmonic:company:4197685,1.8230638e-05
urn:harmonic:company:1774161,1.8230447e-05
urn:harmonic:company:2190780,1.8229124e-05
urn:harmonic:company:16198231,1.8224604e-05
urn:harmonic:company:49597932,1.8223614e-05
urn:harmonic:company:4169160,1.8215866e-05
urn:harmonic:company:4181788,1.820588e-05
urn:harmonic:company:3167435,1.8203362e-05
urn:harmonic:company:18435,1.8200653e-05
urn:harmonic:company:347422,1.819812e-05
urn:harmonic:company:34915722,1.8196262e-05
urn:harmonic:company:6671411,1.8191422e-05
urn:harmonic:company:1842831,1.8182387e-05
urn:harmonic:company:3432629,1.8176006e-05
urn:harmonic:company:5974042,1.8159251e-05
urn:harmonic:company:1905350,1.81583e-05
urn:harmonic:company:1449237,1.8156412e-05
urn:harmonic:company:2134797,1.815501e-05
urn:harmonic:company:10973903,1.814985e-05
urn:harmonic:company:2107657,1.8148969e-05
urn:harmonic:company:4181396,1.814556e-05
urn:harmonic:company:793839,1.8143674e-05
urn:harmonic:company:12892774,1.813921e-05
urn:harmonic:company:633391,1.8124529e-05
urn:harmonic:company:700028,1.8118722e-05
urn:harmonic:company:1679730,1.8110188e-05
urn:harmonic:company:1448124,1.8094892e-05
urn:harmonic:company:10169254,1.8094823e-05
urn:harmonic:company:17357322,1.8092684e-05
urn:harmonic:company:11578439,1.808649e-05
urn:harmonic:company:4294443,1.8086317e-05
urn:harmonic:company:7360416,1.8085888e-05
urn:harmonic:company:1430500,1.8083334e-05
urn:harmonic:company:3531126,1.8081695e-05
urn:harmonic:company:12474061,1.8076937e-05
urn:harmonic:company:802323,1.8073784e-05
urn:harmonic:company:2199170,1.8063289e-05
urn:harmonic:company:553426,1.8063289e-05
urn:harmonic:company:10542839,1.8060602e-05
urn:harmonic:company:10529460,1.8056451e-05
urn:harmonic:company:4599670,1.8056107e-05
urn:harmonic:company:12456511,1.8055453e-05
urn:harmonic:company:734098,1.8050374e-05
urn:harmonic:company:106624,1.8049273e-05
urn:harmonic:company:8830972,1.8045761e-05
urn:harmonic:company:3821158,1.8038638e-05
urn:harmonic:company:635886,1.803778e-05
urn:harmonic:company:12836253,1.80369e-05
urn:harmonic:company:4296581,1.8028715e-05
urn:harmonic:company:36454526,1.8022682e-05
urn:harmonic:company:3762634,1.8020824e-05
urn:harmonic:company:8777,1.8002685e-05
urn:harmonic:company:684717,1.7996506e-05
urn:harmonic:company:4104962,1.7993229e-05
urn:harmonic:company:12065827,1.7989934e-05
urn:harmonic:company:4588454,1.7984823e-05
urn:harmonic:company:12821372,1.7980587e-05
urn:harmonic:company:48596483,1.7978684e-05
urn:harmonic:company:663053,1.7954799e-05
urn:harmonic:company:1450118,1.7953822e-05
urn:harmonic:company:34029977,1.7953736e-05
urn:harmonic:company:11083152,1.7952452e-05
urn:harmonic:company:1548822,1.7950244e-05
urn:harmonic:company:4080749,1.7934075e-05
urn:harmonic:company:11349675,1.7926535e-05
urn:harmonic:company:5143398,1.7926192e-05
urn:harmonic:company:12585786,1.7924911e-05
urn:harmonic:company:3090317,1.7924569e-05
urn:harmonic:company:32704254,1.7920775e-05
urn:harmonic:company:1791044,1.7918517e-05
urn:harmonic:company:668958,1.7917031e-05
urn:harmonic:company:35035358,1.7905673e-05
urn:harmonic:company:10120500,1.790272e-05
urn:harmonic:company:438374,1.789531e-05
urn:harmonic:company:12890385,1.7894065e-05
urn:harmonic:company:3065394,1.7891316e-05
urn:harmonic:company:18638428,1.7887052e-05
urn:harmonic:company:12482814,1.7886081e-05
urn:harmonic:company:2039408,1.7881304e-05
urn:harmonic:company:672318,1.787994e-05
urn:harmonic:company:43509381,1.787982e-05
urn:harmonic:company:4815824,1.7878765e-05
urn:harmonic:company:10310893,1.7878747e-05
urn:harmonic:company:3730598,1.7876446e-05
urn:harmonic:company:4466481,1.7867344e-05
urn:harmonic:company:11563796,1.7865044e-05
urn:harmonic:company:11072261,1.7858996e-05
urn:harmonic:company:2228024,1.7856579e-05
urn:harmonic:company:617733,1.7855557e-05
urn:harmonic:company:24283587,1.785474e-05
urn:harmonic:company:4299741,1.7851215e-05
urn:harmonic:company:34504,1.7845343e-05
urn:harmonic:company:11012027,1.7844406e-05
urn:harmonic:company:735943,1.7835322e-05
urn:harmonic:company:3567066,1.7829641e-05
urn:harmonic:company:4179456,1.7821549e-05
urn:harmonic:company:794897,1.7815144e-05
urn:harmonic:company:1941021,1.7813767e-05
urn:harmonic:company:1516588,1.7812306e-05
urn:harmonic:company:1789421,1.780886e-05
urn:harmonic:company:3600707,1.7808332e-05
urn:harmonic:company:7708290,1.7808077e-05
urn:harmonic:company:1257912,1.780541e-05
urn:harmonic:company:801770,1.7804987e-05
urn:harmonic:company:1431941,1.7799164e-05
urn:harmonic:company:72525,1.7798384e-05
urn:harmonic:company:12577866,1.7797754e-05
urn:harmonic:company:34543464,1.7793105e-05
urn:harmonic:company:687240,1.7791475e-05
urn:harmonic:company:744602,1.7787217e-05
urn:harmonic:company:463180,1.7782979e-05
urn:harmonic:company:1730377,1.7782791e-05
urn:harmonic:company:6752582,1.7776483e-05
urn:harmonic:company:775310,1.7764705e-05
urn:harmonic:company:1509246,1.7764061e-05
urn:harmonic:company:683884,1.776306e-05
urn:harmonic:company:10579974,1.776235e-05
urn:harmonic:company:1840823,1.7760538e-05
urn:harmonic:company:1673844,1.7757218e-05
urn:harmonic:company:553349,1.775556e-05
urn:harmonic:company:4282175,1.7754832e-05
urn:harmonic:company:48394181,1.7752782e-05
urn:harmonic:company:609120,1.7751801e-05
urn:harmonic:company:4123405,1.7751343e-05
urn:harmonic:company:334429,1.7743016e-05
urn:harmonic:company:3340939,1.7742594e-05
urn:harmonic:company:3273043,1.7740733e-05
urn:harmonic:company:4499580,1.7732275e-05
urn:harmonic:company:1839796,1.7725919e-05
urn:harmonic:company:770906,1.7723805e-05
urn:harmonic:company:1507148,1.7715794e-05
urn:harmonic:company:21998764,1.7713279e-05
urn:harmonic:company:3973518,1.77124e-05
urn:harmonic:company:7640920,1.771191e-05
urn:harmonic:company:3640091,1.77099e-05
urn:harmonic:company:661812,1.7707553e-05
urn:harmonic:company:2025191,1.7703298e-05
urn:harmonic:company:1840237,1.7703196e-05
urn:harmonic:company:3220101,1.7698976e-05
urn:harmonic:company:4197696,1.7696124e-05
urn:harmonic:company:10229417,1.7691433e-05
urn:harmonic:company:719359,1.7688784e-05
urn:harmonic:company:2104303,1.7683353e-05
urn:harmonic:company:4535205,1.7679493e-05
urn:harmonic:company:12818227,1.7679238e-05
urn:harmonic:company:6757270,1.7677856e-05
urn:harmonic:company:690683,1.7672479e-05
urn:harmonic:company:644916,1.7661612e-05
urn:harmonic:company:12162728,1.7661308e-05
urn:harmonic:company:13088796,1.7657821e-05
urn:harmonic:company:130055,1.7657436e-05
urn:harmonic:company:1956618,1.7651022e-05
urn:harmonic:company:5902761,1.7647671e-05
urn:harmonic:company:685407,1.7647268e-05
urn:harmonic:company:4028153,1.7646425e-05
urn:harmonic:company:4414622,1.764407e-05
urn:harmonic:company:11339178,1.7643346e-05
urn:harmonic:company:10544876,1.763423e-05
urn:harmonic:company:47968417,1.7629554e-05
urn:harmonic:company:703058,1.7625032e-05
urn:harmonic:company:773496,1.7625e-05
urn:harmonic:company:663342,1.7616614e-05
urn:harmonic:company:4151805,1.759821e-05
urn:harmonic:company:19095387,1.7582575e-05
urn:harmonic:company:2094,1.7579257e-05
urn:harmonic:company:8568777,1.756746e-05
urn:harmonic:company:755714,1.7565882e-05
urn:harmonic:company:3596252,1.7564242e-05
urn:harmonic:company:4179419,1.7561244e-05
urn:harmonic:company:12525163,1.755786e-05
urn:harmonic:company:7135723,1.7557275e-05
urn:harmonic:company:4301056,1.7555383e-05
urn:harmonic:company:47814288,1.755232e-05
urn:harmonic:company:2179166,1.7551818e-05
urn:harmonic:company:10967922,1.7550847e-05
urn:harmonic:company:1839426,1.7532913e-05
urn:harmonic:company:4797346,1.7529035e-05
urn:harmonic:company:11364963,1.7528182e-05
urn:harmonic:company:3151083,1.752412e-05
urn:harmonic:company:6519823,1.7523686e-05
urn:harmonic:company:1816124,1.7511607e-05
urn:harmonic:company:727313,1.75075e-05
urn:harmonic:company:12464225,1.750149e-05
urn:harmonic:company:11018516,1.7498069e-05
urn:harmonic:company:37025617,1.7491162e-05
urn:harmonic:company:11563935,1.7489494e-05
urn:harmonic:company:616679,1.748244e-05
urn:harmonic:company:1706031,1.747849e-05
urn:harmonic:company:3272035,1.7473789e-05
urn:harmonic:company:1625931,1.7472972e-05
urn:harmonic:company:12523786,1.7465893e-05
urn:harmonic:company:3219833,1.7462546e-05
urn:harmonic:company:802044,1.7458347e-05
urn:harmonic:company:723446,1.7454737e-05
urn:harmonic:company:3618931,1.745016e-05
urn:harmonic:company:35606314,1.7439212e-05
urn:harmonic:company:11667263,1.7436436e-05
urn:harmonic:company:651140,1.7423768e-05
urn:harmonic:company:43458965,1.742038e-05
urn:harmonic:company:6703598,1.7419066e-05
urn:harmonic:company:679784,1.7413537e-05
urn:harmonic:company:5577680,1.7406646e-05
urn:harmonic:company:616418,1.739795e-05
urn:harmonic:company:3430043,1.7397055e-05
urn:harmonic:company:289257,1.7395196e-05
urn:harmonic:company:10683294,1.7393057e-05
urn:harmonic:company:3118572,1.7387269e-05
urn:harmonic:company:4205826,1.7375069e-05
urn:harmonic:company:3644025,1.7370943e-05
urn:harmonic:company:12872325,1.736586e-05
urn:harmonic:company:3320784,1.7361139e-05
urn:harmonic:company:1478181,1.7360178e-05
urn:harmonic:company:1430852,1.735119e-05
urn:harmonic:company:4911647,1.7350018e-05
urn:harmonic:company:13006267,1.734588e-05
urn:harmonic:company:704735,1.7345683e-05
urn:harmonic:company:4444136,1.7343862e-05
urn:harmonic:company:41624312,1.7338818e-05
urn:harmonic:company:801448,1.7337132e-05
urn:harmonic:company:2092596,1.7334123e-05
urn:harmonic:company:3012235,1.7323464e-05
urn:harmonic:company:693039,1.730649e-05
urn:harmonic:company:3614264,1.7305483e-05
urn:harmonic:company:4280373,1.7303353e-05
urn:harmonic:company:10871901,1.7302478e-05
urn:harmonic:company:11250856,1.7288805e-05
urn:harmonic:company:11438176,1.7272474e-05
urn:harmonic:company:34579461,1.7262773e-05
urn:harmonic:company:768268,1.7252718e-05
urn:harmonic:company:13004831,1.7251847e-05
urn:harmonic:company:1555394,1.72503e-05
urn:harmonic:company:43576652,1.7246468e-05
urn:harmonic:company:1836902,1.7246106e-05
urn:harmonic:company:2222116,1.7245744e-05
urn:harmonic:company:1597954,1.7233595e-05
urn:harmonic:company:40914974,1.7232065e-05
urn:harmonic:company:2088292,1.7221404e-05
urn:harmonic:company:27140421,1.7213293e-05
urn:harmonic:company:10537143,1.721134e-05
urn:harmonic:company:736402,1.7205086e-05
urn:harmonic:company:8287985,1.7202477e-05
urn:harmonic:company:106050,1.720182e-05
urn:harmonic:company:1618415,1.7198705e-05
urn:harmonic:company:3113850,1.7196344e-05
urn:harmonic:company:3208449,1.7189686e-05
urn:harmonic:company:1867985,1.7189343e-05
urn:harmonic:company:667339,1.7186097e-05
urn:harmonic:company:1815864,1.7185686e-05
urn:harmonic:company:6426,1.7183998e-05
urn:harmonic:company:9194782,1.7183951e-05
urn:harmonic:company:10742,1.7182967e-05
urn:harmonic:company:43504681,1.7182032e-05
urn:harmonic:company:1449205,1.7170403e-05
urn:harmonic:company:4489582,1.7167129e-05
urn:harmonic:company:4412042,1.7166343e-05
urn:harmonic:company:1831044,1.7152728e-05
urn:harmonic:company:4296689,1.715168e-05
urn:harmonic:company:10197669,1.7151386e-05
urn:harmonic:company:702443,1.7150403e-05
urn:harmonic:company:3333948,1.7128044e-05
urn:harmonic:company:1775517,1.7117103e-05
urn:harmonic:company:725801,1.7116288e-05
urn:harmonic:company:794744,1.7113889e-05
urn:harmonic:company:3644453,1.711384e-05
urn:harmonic:company:13235643,1.7112843e-05
urn:harmonic:company:42022338,1.710653e-05
urn:harmonic:company:106167,1.7105715e-05
urn:harmonic:company:3264072,1.7105616e-05
urn:harmonic:company:1733311,1.7103072e-05
urn:harmonic:company:3251572,1.710025e-05
urn:harmonic:company:4074284,1.7098506e-05
urn:harmonic:company:1431368,1.7091788e-05
urn:harmonic:company:15856039,1.7087274e-05
urn:harmonic:company:3861019,1.7087013e-05
urn:harmonic:company:707020,1.7086932e-05
urn:harmonic:company:678441,1.7084862e-05
urn:harmonic:company:1761081,1.7082728e-05
urn:harmonic:company:48446330,1.7079112e-05
urn:harmonic:company:1449988,1.7064134e-05
urn:harmonic:company:170471,1.7053608e-05
urn:harmonic:company:19390351,1.7046616e-05
urn:harmonic:company:2062433,1.7045071e-05
urn:harmonic:company:1695,1.704483e-05
urn:harmonic:company:1537992,1.7033697e-05
urn:harmonic:company:11102816,1.7016844e-05
urn:harmonic:company:579745,1.7014103e-05
urn:harmonic:company:3614962,1.701363e-05
urn:harmonic:company:4159588,1.7011247e-05
urn:harmonic:company:4871352,1.7010581e-05
urn:harmonic:company:2088812,1.700982e-05
urn:harmonic:company:647308,1.7007289e-05
urn:harmonic:company:1773963,1.7005455e-05
urn:harmonic:company:744717,1.7000526e-05
urn:harmonic:company:3625018,1.6993994e-05
urn:harmonic:company:41562,1.6993572e-05
urn:harmonic:company:3222352,1.6990818e-05
urn:harmonic:company:11676953,1.6988355e-05
urn:harmonic:company:616162,1.698748e-05
urn:harmonic:company:12185825,1.69816e-05
urn:harmonic:company:3666236,1.6976452e-05
urn:harmonic:company:3210552,1.6975398e-05
urn:harmonic:company:169394,1.697493e-05
urn:harmonic:company:10230197,1.6965752e-05
urn:harmonic:company:2160523,1.696551e-05
urn:harmonic:company:1603016,1.6946042e-05
urn:harmonic:company:4202376,1.6942504e-05
urn:harmonic:company:7939571,1.6939966e-05
urn:harmonic:company:3192957,1.6937332e-05
urn:harmonic:company:1968328,1.6937252e-05
urn:harmonic:company:1732937,1.6934137e-05
urn:harmonic:company:762936,1.6934007e-05
urn:harmonic:company:1788810,1.6930939e-05
urn:harmonic:company:1589921,1.6928694e-05
urn:harmonic:company:740887,1.6927499e-05
urn:harmonic:company:1541608,1.6926982e-05
urn:harmonic:company:12883980,1.6916203e-05
urn:harmonic:company:4876261,1.6914153e-05
urn:harmonic:company:759093,1.6913204e-05
urn:harmonic:company:6766640,1.690501e-05
urn:harmonic:company:6549951,1.6904945e-05
urn:harmonic:company:7499213,1.690493e-05
urn:harmonic:company:6753459,1.69039e-05
urn:harmonic:company:4422314,1.6888334e-05
urn:harmonic:company:2073389,1.6888316e-05
urn:harmonic:company:3599872,1.6887303e-05
urn:harmonic:company:648126,1.6887221e-05
urn:harmonic:company:768651,1.6886997e-05
urn:harmonic:company:34576200,1.6883985e-05
urn:harmonic:company:724605,1.6880202e-05
urn:harmonic:company:197811,1.6879734e-05
urn:harmonic:company:4186042,1.6877144e-05
urn:harmonic:company:12836547,1.687584e-05
urn:harmonic:company:632036,1.6875614e-05
urn:harmonic:company:7577026,1.6875292e-05
urn:harmonic:company:12590290,1.6865108e-05
urn:harmonic:company:34966864,1.68567e-05
urn:harmonic:company:601412,1.6850689e-05
urn:harmonic:company:6523894,1.684815e-05
urn:harmonic:company:603959,1.6844358e-05
urn:harmonic:company:8908680,1.6843973e-05
urn:harmonic:company:1429943,1.6840679e-05
urn:harmonic:company:2136765,1.6837981e-05
urn:harmonic:company:714894,1.6837292e-05
urn:harmonic:company:12816672,1.6825607e-05
urn:harmonic:company:12788792,1.6813334e-05
urn:harmonic:company:10573683,1.6810947e-05
urn:harmonic:company:36909633,1.6810256e-05
urn:harmonic:company:3747314,1.6805545e-05
urn:harmonic:company:34917969,1.6804646e-05
urn:harmonic:company:774442,1.6794842e-05
urn:harmonic:company:130215,1.6793512e-05
urn:harmonic:company:653112,1.6792696e-05
urn:harmonic:company:4183037,1.6788932e-05
urn:harmonic:company:1542224,1.6787812e-05
urn:harmonic:company:677483,1.678493e-05
urn:harmonic:company:73446,1.6777072e-05
urn:harmonic:company:11518087,1.677525e-05
urn:harmonic:company:3219461,1.6770291e-05
urn:harmonic:company:578434,1.6765445e-05
urn:harmonic:company:37147501,1.6761609e-05
urn:harmonic:company:11449717,1.6758844e-05
urn:harmonic:company:106307,1.6750024e-05
urn:harmonic:company:1678894,1.6741033e-05
urn:harmonic:company:840774,1.6740938e-05
urn:harmonic:company:780930,1.6734983e-05
urn:harmonic:company:6509716,1.6732605e-05
urn:harmonic:company:3600759,1.6732047e-05
urn:harmonic:company:11684040,1.6729351e-05
urn:harmonic:company:12180955,1.6726271e-05
urn:harmonic:company:1448176,1.6721599e-05
urn:harmonic:company:3114429,1.6719909e-05
urn:harmonic:company:48409312,1.671758e-05
urn:harmonic:company:4301087,1.6715523e-05
urn:harmonic:company:715061,1.6714328e-05
urn:harmonic:company:748877,1.6713882e-05
urn:harmonic:company:607694,1.671232e-05
urn:harmonic:company:1839334,1.6701168e-05
urn:harmonic:company:18178695,1.6679774e-05
urn:harmonic:company:1842092,1.6678518e-05
urn:harmonic:company:4241261,1.6671234e-05
urn:harmonic:company:6591648,1.6669708e-05
urn:harmonic:company:729129,1.666958e-05
urn:harmonic:company:630110,1.666281e-05
urn:harmonic:company:749564,1.6659473e-05
urn:harmonic:company:20711776,1.6654327e-05
urn:harmonic:company:4515078,1.664707e-05
urn:harmonic:company:1545103,1.66465e-05
urn:harmonic:company:10269705,1.6641388e-05
urn:harmonic:company:688375,1.664034e-05
urn:harmonic:company:431297,1.663985e-05
urn:harmonic:company:606573,1.6639564e-05
urn:harmonic:company:3341084,1.6636754e-05
urn:harmonic:company:10627571,1.6635866e-05
urn:harmonic:company:5138362,1.6635566e-05
urn:harmonic:company:793727,1.6633676e-05
urn:harmonic:company:25811,1.6633106e-05
urn:harmonic:company:3670128,1.66286e-05
urn:harmonic:company:2116253,1.662535e-05
urn:harmonic:company:6709568,1.6623797e-05
urn:harmonic:company:2052097,1.6621309e-05
urn:harmonic:company:714702,1.6618234e-05
urn:harmonic:company:1430593,1.6614367e-05
urn:harmonic:company:740490,1.6609709e-05
urn:harmonic:company:1991252,1.6609187e-05
urn:harmonic:company:11091591,1.660735e-05
urn:harmonic:company:4239431,1.6599353e-05
urn:harmonic:company:774089,1.6594495e-05
urn:harmonic:company:2141538,1.659076e-05
urn:harmonic:company:1432084,1.6588672e-05
urn:harmonic:company:3966403,1.6587595e-05
urn:harmonic:company:775554,1.657112e-05
urn:harmonic:company:616767,1.6567123e-05
urn:harmonic:company:780552,1.6566444e-05
urn:harmonic:company:3938096,1.6565655e-05
urn:harmonic:company:3506060,1.6559477e-05
urn:harmonic:company:13873062,1.6554615e-05
urn:harmonic:company:646734,1.6553699e-05
urn:harmonic:company:5280205,1.654991e-05
urn:harmonic:company:12886693,1.6549138e-05
urn:harmonic:company:753909,1.6546865e-05
urn:harmonic:company:742503,1.654407e-05
urn:harmonic:company:1676548,1.6541311e-05
urn:harmonic:company:3272043,1.6540791e-05
urn:harmonic:company:41182,1.6531092e-05
urn:harmonic:company:3537991,1.6529058e-05
urn:harmonic:company:12755217,1.6519367e-05
urn:harmonic:company:3667783,1.6512657e-05
urn:harmonic:company:3977929,1.6512406e-05
urn:harmonic:company:3261743,1.6511965e-05
urn:harmonic:company:767177,1.6511949e-05
urn:harmonic:company:4163485,1.650825e-05
urn:harmonic:company:4754338,1.6507462e-05
urn:harmonic:company:4089321,1.6490201e-05
urn:harmonic:company:818030,1.6485641e-05
urn:harmonic:company:41595437,1.6476133e-05
urn:harmonic:company:10984701,1.6475708e-05
urn:harmonic:company:649857,1.6472031e-05
urn:harmonic:company:3026487,1.6467886e-05
urn:harmonic:company:3100560,1.6466644e-05
urn:harmonic:company:3329422,1.6462971e-05
urn:harmonic:company:677391,1.6462185e-05
urn:harmonic:company:37097972,1.6454054e-05
urn:harmonic:company:3272774,1.6450525e-05
urn:harmonic:company:687423,1.644753e-05
urn:harmonic:company:1524210,1.6440645e-05
urn:harmonic:company:720134,1.6433198e-05
urn:harmonic:company:1543444,1.6433183e-05
urn:harmonic:company:795601,1.6421558e-05
urn:harmonic:company:4252361,1.6418238e-05
urn:harmonic:company:3183305,1.641315e-05
urn:harmonic:company:684629,1.6411821e-05
urn:harmonic:company:11140657,1.6410177e-05
urn:harmonic:company:1984676,1.6392582e-05
urn:harmonic:company:10675422,1.6377891e-05
urn:harmonic:company:3937709,1.637096e-05
urn:harmonic:company:20595729,1.637007e-05
urn:harmonic:company:1420188,1.6364373e-05
urn:harmonic:company:1790841,1.636047e-05
urn:harmonic:company:2239458,1.6357553e-05
urn:harmonic:company:1431187,1.6354013e-05
urn:harmonic:company:10011,1.635016e-05
urn:harmonic:company:10537541,1.6347838e-05
urn:harmonic:company:37023331,1.6346808e-05
urn:harmonic:company:4464603,1.634606e-05
urn:harmonic:company:3070344,1.6339282e-05
urn:harmonic:company:6834217,1.633925e-05
urn:harmonic:company:3319092,1.6337193e-05
urn:harmonic:company:10852873,1.6331742e-05
urn:harmonic:company:1913,1.6326743e-05
urn:harmonic:company:12887381,1.6317996e-05
urn:harmonic:company:147415,1.6317077e-05
urn:harmonic:company:10723198,1.6316702e-05
urn:harmonic:company:10879041,1.6315209e-05
urn:harmonic:company:770351,1.631387e-05
urn:harmonic:company:11966989,1.6310278e-05
urn:harmonic:company:2240209,1.6307182e-05
urn:harmonic:company:44365,1.6306825e-05
urn:harmonic:company:4412005,1.6305628e-05
urn:harmonic:company:677417,1.6301476e-05
urn:harmonic:company:3690635,1.629916e-05
urn:harmonic:company:1836741,1.6293441e-05
urn:harmonic:company:656324,1.6291327e-05
urn:harmonic:company:3331297,1.6287413e-05
urn:harmonic:company:701928,1.62851e-05
urn:harmonic:company:1970629,1.628291e-05
urn:harmonic:company:695432,1.6281185e-05
urn:harmonic:company:1489754,1.6279479e-05
urn:harmonic:company:1997398,1.6275426e-05
urn:harmonic:company:4297786,1.6272012e-05
urn:harmonic:company:3473848,1.6263139e-05
urn:harmonic:company:17078073,1.6261525e-05
urn:harmonic:company:12524873,1.6254719e-05
urn:harmonic:company:34638,1.62543e-05
urn:harmonic:company:6645477,1.6252952e-05
urn:harmonic:company:3363326,1.6252548e-05
urn:harmonic:company:1637468,1.625213e-05
urn:harmonic:company:4073541,1.6245094e-05
urn:harmonic:company:12865938,1.6236034e-05
urn:harmonic:company:2054746,1.6232629e-05
urn:harmonic:company:1788020,1.6232056e-05
urn:harmonic:company:611333,1.6228016e-05
urn:harmonic:company:4424650,1.622339e-05
urn:harmonic:company:49663429,1.6215485e-05
urn:harmonic:company:2226864,1.6210615e-05
urn:harmonic:company:106441,1.6199025e-05
urn:harmonic:company:1506146,1.6198823e-05
urn:harmonic:company:19483245,1.6185682e-05
urn:harmonic:company:4314005,1.6182626e-05
urn:harmonic:company:1954994,1.6175407e-05
urn:harmonic:company:36873210,1.6171149e-05
urn:harmonic:company:2096032,1.6170918e-05
urn:harmonic:company:12806415,1.6168897e-05
urn:harmonic:company:11580769,1.6168604e-05
urn:harmonic:company:3928027,1.6163718e-05
urn:harmonic:company:4103684,1.6160157e-05
urn:harmonic:company:1788723,1.6154625e-05
urn:harmonic:company:10210844,1.6154378e-05
urn:harmonic:company:3352352,1.615407e-05
urn:harmonic:company:10885046,1.615176e-05
urn:harmonic:company:10272347,1.615045e-05
urn:harmonic:company:2247030,1.6149605e-05
urn:harmonic:company:1777914,1.614446e-05
urn:harmonic:company:1370967,1.6130532e-05
urn:harmonic:company:11045111,1.6128764e-05
urn:harmonic:company:1722,1.6122198e-05
urn:harmonic:company:107381,1.6119599e-05
urn:harmonic:company:42323305,1.6118416e-05
urn:harmonic:company:49947344,1.6113067e-05
urn:harmonic:company:679895,1.6105492e-05
urn:harmonic:company:3226145,1.6100472e-05
urn:harmonic:company:11564146,1.6087839e-05
urn:harmonic:company:1838022,1.608514e-05
urn:harmonic:company:34987060,1.6084665e-05
urn:harmonic:company:523477,1.6074957e-05
urn:harmonic:company:4533493,1.6072581e-05
urn:harmonic:company:707549,1.607252e-05
urn:harmonic:company:2136874,1.6058118e-05
urn:harmonic:company:661515,1.6054888e-05
urn:harmonic:company:3482130,1.6053817e-05
urn:harmonic:company:10960555,1.6048412e-05
urn:harmonic:company:441119,1.6040747e-05
urn:harmonic:company:689533,1.6038774e-05
urn:harmonic:company:11056116,1.6029217e-05
urn:harmonic:company:2171328,1.602428e-05
urn:harmonic:company:3294066,1.6021942e-05
urn:harmonic:company:3367516,1.6020933e-05
urn:harmonic:company:1463735,1.6018306e-05
urn:harmonic:company:1826,1.60149e-05
urn:harmonic:company:6477717,1.6010732e-05
urn:harmonic:company:4081150,1.6009128e-05
urn:harmonic:company:10184659,1.6007478e-05
urn:harmonic:company:10884616,1.6006028e-05
urn:harmonic:company:2019168,1.6003038e-05
urn:harmonic:company:767436,1.6001815e-05
urn:harmonic:company:4059871,1.5999482e-05
urn:harmonic:company:674182,1.5999192e-05
urn:harmonic:company:6520032,1.599222e-05
urn:harmonic:company:1534327,1.5987098e-05
urn:harmonic:company:2202465,1.598327e-05
urn:harmonic:company:4360778,1.5982143e-05
urn:harmonic:company:3187457,1.5982127e-05
urn:harmonic:company:6835760,1.5979324e-05
urn:harmonic:company:1562552,1.5975194e-05
urn:harmonic:company:4653189,1.5974494e-05
urn:harmonic:company:3570218,1.5973808e-05
urn:harmonic:company:3310599,1.5973746e-05
urn:harmonic:company:3394230,1.5972788e-05
urn:harmonic:company:1479973,1.5972497e-05
urn:harmonic:company:48217615,1.5970045e-05
urn:harmonic:company:3236691,1.5965752e-05
urn:harmonic:company:3673735,1.5964899e-05
urn:harmonic:company:1840519,1.5964426e-05
urn:harmonic:company:3860479,1.5963224e-05
urn:harmonic:company:4466134,1.596263e-05
urn:harmonic:company:178723,1.5960119e-05
urn:harmonic:company:3173426,1.5957425e-05
urn:harmonic:company:1989416,1.5946365e-05
urn:harmonic:company:107404,1.594609e-05
urn:harmonic:company:12583536,1.5944039e-05
urn:harmonic:company:3146139,1.5935086e-05
urn:harmonic:company:702745,1.593039e-05
urn:harmonic:company:3281578,1.5923024e-05
urn:harmonic:company:10855152,1.5920912e-05
urn:harmonic:company:3184784,1.5917527e-05
urn:harmonic:company:12480255,1.5911184e-05
urn:harmonic:company:732542,1.5905813e-05
urn:harmonic:company:635464,1.5903508e-05
urn:harmonic:company:3553279,1.5896745e-05
urn:harmonic:company:6554903,1.5896532e-05
urn:harmonic:company:714463,1.5892561e-05
urn:harmonic:company:1592600,1.589062e-05
urn:harmonic:company:732612,1.5889e-05
urn:harmonic:company:6262,1.5886728e-05
urn:harmonic:company:36453607,1.5884832e-05
urn:harmonic:company:1454605,1.5883621e-05
urn:harmonic:company:13577850,1.587926e-05
urn:harmonic:company:4218995,1.5877806e-05
urn:harmonic:company:1449344,1.5876776e-05
urn:harmonic:company:608689,1.5871901e-05
urn:harmonic:company:664167,1.586441e-05
urn:harmonic:company:1430502,1.5862111e-05
urn:harmonic:company:6734926,1.5858723e-05
urn:harmonic:company:7487556,1.5856713e-05
urn:harmonic:company:4413182,1.5852054e-05
urn:harmonic:company:1489340,1.5849819e-05
urn:harmonic:company:4426033,1.5844333e-05
urn:harmonic:company:34259425,1.5843849e-05
urn:harmonic:company:648611,1.584338e-05
urn:harmonic:company:37545120,1.5829304e-05
urn:harmonic:company:10329278,1.5823842e-05
urn:harmonic:company:11553771,1.5821819e-05
urn:harmonic:company:939387,1.5821654e-05
urn:harmonic:company:6711709,1.5817986e-05
urn:harmonic:company:12961882,1.5813477e-05
urn:harmonic:company:107332,1.5810854e-05
urn:harmonic:company:10803076,1.5803722e-05
urn:harmonic:company:3578385,1.579893e-05
urn:harmonic:company:4177090,1.5795662e-05
urn:harmonic:company:1429985,1.5793537e-05
urn:harmonic:company:5900030,1.5790556e-05
urn:harmonic:company:12423499,1.579024e-05
urn:harmonic:company:768277,1.5788553e-05
urn:harmonic:company:1697746,1.5781477e-05
urn:harmonic:company:690231,1.5779839e-05
urn:harmonic:company:36407369,1.5776377e-05
urn:harmonic:company:35432989,1.5775022e-05
urn:harmonic:company:4502382,1.5769698e-05
urn:harmonic:company:3145069,1.5766074e-05
urn:harmonic:company:6665998,1.5763308e-05
urn:harmonic:company:11678111,1.5762316e-05
urn:harmonic:company:1502934,1.576224e-05
urn:harmonic:company:4411060,1.575988e-05
urn:harmonic:company:722736,1.5754908e-05
urn:harmonic:company:11683700,1.5752668e-05
urn:harmonic:company:2139499,1.5749889e-05
urn:harmonic:company:697697,1.5739273e-05
urn:harmonic:company:3641733,1.5738358e-05
urn:harmonic:company:11161110,1.573339e-05
urn:harmonic:company:1433774,1.5725065e-05
urn:harmonic:company:792879,1.571697e-05
urn:harmonic:company:607596,1.571601e-05
urn:harmonic:company:11330818,1.5701045e-05
urn:harmonic:company:1968556,1.5698111e-05
urn:harmonic:company:6551072,1.5696463e-05
urn:harmonic:company:641442,1.5691585e-05
urn:harmonic:company:21769411,1.5690164e-05
urn:harmonic:company:795319,1.5686213e-05
urn:harmonic:company:3265134,1.5685062e-05
urn:harmonic:company:17606788,1.5676149e-05
urn:harmonic:company:1430808,1.567419e-05
urn:harmonic:company:4586855,1.567192e-05
urn:harmonic:company:46315568,1.5662983e-05
urn:harmonic:company:4085994,1.5660878e-05
urn:harmonic:company:2178325,1.5657772e-05
urn:harmonic:company:1370084,1.5656651e-05
urn:harmonic:company:2938594,1.5656427e-05
urn:harmonic:company:1432042,1.5654263e-05
urn:harmonic:company:11175685,1.5639327e-05
urn:harmonic:company:1576951,1.562439e-05
urn:harmonic:company:3695494,1.5623182e-05
urn:harmonic:company:9379,1.5622989e-05
urn:harmonic:company:696271,1.5619175e-05
urn:harmonic:company:584101,1.5616792e-05
urn:harmonic:company:1839376,1.561633e-05
urn:harmonic:company:3847325,1.5616255e-05
urn:harmonic:company:11213195,1.5611773e-05
urn:harmonic:company:468552,1.5608648e-05
urn:harmonic:company:1681246,1.5608393e-05
urn:harmonic:company:45090,1.5600612e-05
urn:harmonic:company:1555158,1.5596803e-05
urn:harmonic:company:694675,1.5592832e-05
urn:harmonic:company:21784370,1.5586069e-05
urn:harmonic:company:667604,1.5577138e-05
urn:harmonic:company:18936405,1.5570884e-05
urn:harmonic:company:4270801,1.5568954e-05
urn:harmonic:company:4049939,1.5553609e-05
urn:harmonic:company:6745745,1.5550184e-05
urn:harmonic:company:1816567,1.554959e-05
urn:harmonic:company:802561,1.5547766e-05
urn:harmonic:company:6284779,1.5542475e-05
urn:harmonic:company:1430538,1.5542148e-05
urn:harmonic:company:711194,1.554074e-05
urn:harmonic:company:8974032,1.5531672e-05
urn:harmonic:company:690517,1.5521811e-05
urn:harmonic:company:673704,1.5508198e-05
urn:harmonic:company:47002903,1.5504944e-05
urn:harmonic:company:3294592,1.5499165e-05
urn:harmonic:company:42024081,1.5485499e-05
urn:harmonic:company:34475,1.5479518e-05
urn:harmonic:company:1996316,1.5478663e-05
urn:harmonic:company:516295,1.5474294e-05
urn:harmonic:company:648106,1.5462669e-05
urn:harmonic:company:794953,1.5457877e-05
urn:harmonic:company:708460,1.5455224e-05
urn:harmonic:company:12861299,1.545282e-05
urn:harmonic:company:3272305,1.5448386e-05
urn:harmonic:company:677496,1.5442789e-05
urn:harmonic:company:1429882,1.5442642e-05
urn:harmonic:company:41337170,1.544108e-05
urn:harmonic:company:679257,1.5435324e-05
urn:harmonic:company:672430,1.5434676e-05
urn:harmonic:company:106000,1.5427702e-05
urn:harmonic:company:435145,1.542673e-05
urn:harmonic:company:4424909,1.5425612e-05
urn:harmonic:company:11467070,1.5422273e-05
urn:harmonic:company:3393903,1.541992e-05
urn:harmonic:company:4296336,1.5418082e-05
urn:harmonic:company:10542822,1.5379386e-05
urn:harmonic:company:34782,1.5378682e-05
urn:harmonic:company:1730601,1.537487e-05
urn:harmonic:company:12414015,1.5370912e-05
urn:harmonic:company:3209782,1.536977e-05
urn:harmonic:company:6830494,1.536977e-05
urn:harmonic:company:10212872,1.5363072e-05
urn:harmonic:company:1940727,1.5357535e-05
urn:harmonic:company:4050297,1.535733e-05
urn:harmonic:company:11478623,1.5354093e-05
urn:harmonic:company:11143219,1.5352527e-05
urn:harmonic:company:4020562,1.535178e-05
urn:harmonic:company:10685927,1.534711e-05
urn:harmonic:company:3938104,1.5346393e-05
urn:harmonic:company:4736268,1.5343321e-05
urn:harmonic:company:819977,1.5341418e-05
urn:harmonic:company:794737,1.5337891e-05
urn:harmonic:company:10795611,1.5330976e-05
urn:harmonic:company:21718268,1.5330053e-05
urn:harmonic:company:4537324,1.529737e-05
urn:harmonic:company:3067607,1.529626e-05
urn:harmonic:company:47595867,1.5288912e-05
urn:harmonic:company:1435247,1.528811e-05
urn:harmonic:company:801966,1.5284655e-05
urn:harmonic:company:707110,1.528365e-05
urn:harmonic:company:34754575,1.5282614e-05
urn:harmonic:company:3951339,1.5281434e-05
urn:harmonic:company:36351720,1.5278738e-05
urn:harmonic:company:11056109,1.5276595e-05
urn:harmonic:company:5349282,1.5273275e-05
urn:harmonic:company:780121,1.5267959e-05
urn:harmonic:company:23868315,1.5264348e-05
urn:harmonic:company:11682643,1.5258978e-05
urn:harmonic:company:11678238,1.5245829e-05
urn:harmonic:company:1816008,1.5244883e-05
urn:harmonic:company:6839755,1.52397515e-05
urn:harmonic:company:2251274,1.5239476e-05
urn:harmonic:company:661080,1.5237326e-05
urn:harmonic:company:1421972,1.523641e-05
urn:harmonic:company:4180213,1.5226561e-05
urn:harmonic:company:4414910,1.5223019e-05
urn:harmonic:company:664813,1.5218881e-05
urn:harmonic:company:21336210,1.5216893e-05
urn:harmonic:company:10327325,1.52151815e-05
urn:harmonic:company:6718923,1.5213513e-05
urn:harmonic:company:678525,1.5210815e-05
urn:harmonic:company:47497741,1.520948e-05
urn:harmonic:company:1597779,1.5208755e-05
urn:harmonic:company:1691397,1.520613e-05
urn:harmonic:company:12180687,1.5206116e-05
urn:harmonic:company:3076286,1.5200388e-05
urn:harmonic:company:773482,1.5197532e-05
urn:harmonic:company:609003,1.5194793e-05
urn:harmonic:company:1877690,1.5192882e-05
urn:harmonic:company:1704496,1.5189491e-05
urn:harmonic:company:601664,1.5189203e-05
urn:harmonic:company:3364654,1.5186971e-05
urn:harmonic:company:652729,1.5186943e-05
urn:harmonic:company:10336726,1.5186362e-05
urn:harmonic:company:36312071,1.5183626e-05
urn:harmonic:company:1712263,1.517494e-05
urn:harmonic:company:553581,1.5170859e-05
urn:harmonic:company:11678080,1.5170079e-05
urn:harmonic:company:36903536,1.5167228e-05
urn:harmonic:company:1699732,1.5165449e-05
urn:harmonic:company:644571,1.5161921e-05
urn:harmonic:company:4488063,1.516065e-05
urn:harmonic:company:4419408,1.5157006e-05
urn:harmonic:company:12474365,1.5151196e-05
urn:harmonic:company:770692,1.5150445e-05
urn:harmonic:company:10118812,1.5150055e-05
urn:harmonic:company:4363018,1.514481e-05
urn:harmonic:company:1714755,1.5143641e-05
urn:harmonic:company:19098648,1.5142847e-05
urn:harmonic:company:1555870,1.51407385e-05
urn:harmonic:company:1665691,1.5130057e-05
urn:harmonic:company:56117,1.5128427e-05
urn:harmonic:company:10318168,1.5127214e-05
urn:harmonic:company:1836491,1.5124301e-05
urn:harmonic:company:12858477,1.5123783e-05
urn:harmonic:company:4169604,1.5122037e-05
urn:harmonic:company:11056764,1.5113877e-05
urn:harmonic:company:1842695,1.5108372e-05
urn:harmonic:company:6609983,1.5107595e-05
urn:harmonic:company:35019503,1.5104972e-05
urn:harmonic:company:12847242,1.5103878e-05
urn:harmonic:company:12707254,1.5102854e-05
urn:harmonic:company:106379,1.5098837e-05
urn:harmonic:company:298438,1.5094272e-05
urn:harmonic:company:4150626,1.509043e-05
urn:harmonic:company:1678931,1.508689e-05
urn:harmonic:company:10971591,1.5086357e-05
urn:harmonic:company:2209327,1.5083495e-05
urn:harmonic:company:605608,1.5081351e-05
urn:harmonic:company:687899,1.5072783e-05
urn:harmonic:company:1675198,1.5071302e-05
urn:harmonic:company:34848557,1.5063945e-05
urn:harmonic:company:3375418,1.5063039e-05
urn:harmonic:company:780133,1.5062924e-05
urn:harmonic:company:624669,1.505932e-05
urn:harmonic:company:21600145,1.5058228e-05
urn:harmonic:company:773584,1.5050332e-05
urn:harmonic:company:754185,1.50457245e-05
urn:harmonic:company:3178701,1.5040375e-05
urn:harmonic:company:779050,1.50369315e-05
urn:harmonic:company:44568499,1.5031125e-05
urn:harmonic:company:634659,1.5030725e-05
urn:harmonic:company:819110,1.5028618e-05
urn:harmonic:company:739988,1.5024733e-05
urn:harmonic:company:672881,1.5022728e-05
urn:harmonic:company:3241877,1.5019605e-05
urn:harmonic:company:10195466,1.5011372e-05
urn:harmonic:company:771084,1.50112855e-05
urn:harmonic:company:12401728,1.5004817e-05
urn:harmonic:company:727885,1.50041005e-05
urn:harmonic:company:660220,1.5002126e-05
urn:harmonic:company:740479,1.500141e-05
urn:harmonic:company:12174444,1.499812e-05
urn:harmonic:company:3118628,1.499386e-05
urn:harmonic:company:709148,1.49917e-05
urn:harmonic:company:4159446,1.4991343e-05
urn:harmonic:company:3193242,1.4990671e-05
urn:harmonic:company:12957550,1.4988827e-05
urn:harmonic:company:12852467,1.4988784e-05
urn:harmonic:company:11441149,1.4985253e-05
urn:harmonic:company:1463183,1.4983867e-05
urn:harmonic:company:149152,1.4981252e-05
urn:harmonic:company:17524,1.4980995e-05
urn:harmonic:company:3082982,1.4978738e-05
urn:harmonic:company:4865927,1.4977067e-05
urn:harmonic:company:10548403,1.4974726e-05
urn:harmonic:company:6811834,1.497027e-05
urn:harmonic:company:11191999,1.4967501e-05
urn:harmonic:company:3077620,1.4967343e-05
urn:harmonic:company:11493893,1.4965645e-05
urn:harmonic:company:13227877,1.4964946e-05
urn:harmonic:company:1471466,1.496359e-05
urn:harmonic:company:4148641,1.4962904e-05
urn:harmonic:company:19783442,1.4962464e-05
urn:harmonic:company:2096622,1.4958952e-05
urn:harmonic:company:3135166,1.4953746e-05
urn:harmonic:company:709783,1.4953219e-05
urn:harmonic:company:2059258,1.4952735e-05
urn:harmonic:company:2232366,1.4950695e-05
urn:harmonic:company:553517,1.4943439e-05
urn:harmonic:company:40758288,1.4943369e-05
urn:harmonic:company:10849650,1.4943369e-05
urn:harmonic:company:429408,1.4938495e-05
urn:harmonic:company:692513,1.4936913e-05
urn:harmonic:company:9315949,1.4935005e-05
urn:harmonic:company:4514123,1.4933282e-05
urn:harmonic:company:2048853,1.49270045e-05
urn:harmonic:company:5976875,1.4922648e-05
urn:harmonic:company:1645697,1.49223215e-05
urn:harmonic:company:1997476,1.4921154e-05
urn:harmonic:company:1838902,1.4918394e-05
urn:harmonic:company:12591271,1.4916331e-05
urn:harmonic:company:3207454,1.4914824e-05
urn:harmonic:company:8841,1.4911751e-05
urn:harmonic:company:795090,1.4905865e-05
urn:harmonic:company:35521476,1.4905068e-05
urn:harmonic:company:170169,1.4900975e-05
urn:harmonic:company:1691507,1.4896997e-05
urn:harmonic:company:4118924,1.4896627e-05
urn:harmonic:company:3427510,1.4891755e-05
urn:harmonic:company:1671047,1.4891018e-05
urn:harmonic:company:1428886,1.4887369e-05
urn:harmonic:company:12467309,1.4885551e-05
urn:harmonic:company:780638,1.4885323e-05
urn:harmonic:company:12515177,1.4866555e-05
urn:harmonic:company:6601,1.4865974e-05
urn:harmonic:company:12884169,1.4865676e-05
urn:harmonic:company:11193877,1.4865563e-05
urn:harmonic:company:720062,1.4863196e-05
urn:harmonic:company:692685,1.4858334e-05
urn:harmonic:company:3439543,1.4855387e-05
urn:harmonic:company:708769,1.4855232e-05
urn:harmonic:company:10629700,1.4849934e-05
urn:harmonic:company:1449343,1.4848361e-05
urn:harmonic:company:516355,1.4846733e-05
urn:harmonic:company:129985,1.484672e-05
urn:harmonic:company:12858563,1.4839486e-05
urn:harmonic:company:3371246,1.4838552e-05
urn:harmonic:company:6263,1.4837067e-05
urn:harmonic:company:1691382,1.483667e-05
urn:harmonic:company:2001425,1.4836274e-05
urn:harmonic:company:4024211,1.483493e-05
urn:harmonic:company:3867969,1.4832922e-05
urn:harmonic:company:10532079,1.48310255e-05
urn:harmonic:company:680604,1.4827985e-05
urn:harmonic:company:1442837,1.4827533e-05
urn:harmonic:company:3883638,1.4826726e-05
urn:harmonic:company:731547,1.481217e-05
urn:harmonic:company:1477258,1.4808823e-05
urn:harmonic:company:2263052,1.48087665e-05
urn:harmonic:company:12851496,1.4807156e-05
urn:harmonic:company:7496465,1.4806238e-05
urn:harmonic:company:106180,1.4804022e-05
urn:harmonic:company:12701486,1.47972605e-05
urn:harmonic:company:4181262,1.479379e-05
urn:harmonic:company:18544014,1.4792563e-05
urn:harmonic:company:6770,1.4771995e-05
urn:harmonic:company:1651251,1.4769036e-05
urn:harmonic:company:2142130,1.4766727e-05
urn:harmonic:company:107416,1.4765544e-05
urn:harmonic:company:39518779,1.47651635e-05
urn:harmonic:company:8461859,1.47554365e-05
urn:harmonic:company:742122,1.4753621e-05
urn:harmonic:company:2107016,1.4745703e-05
urn:harmonic:company:3462263,1.4742412e-05
urn:harmonic:company:2124488,1.4741021e-05
urn:harmonic:company:6646069,1.4736298e-05
urn:harmonic:company:794580,1.4733796e-05
urn:harmonic:company:11289077,1.4728457e-05
urn:harmonic:company:3188014,1.47260425e-05
urn:harmonic:company:3145849,1.4723277e-05
urn:harmonic:company:630682,1.4721674e-05
urn:harmonic:company:1991692,1.4720566e-05
urn:harmonic:company:684184,1.471731e-05
urn:harmonic:company:1967818,1.4716537e-05
urn:harmonic:company:615274,1.4713464e-05
urn:harmonic:company:3302912,1.4712203e-05
urn:harmonic:company:686944,1.4711064e-05
urn:harmonic:company:677112,1.4708961e-05
urn:harmonic:company:4026329,1.470854e-05
urn:harmonic:company:33194844,1.4708414e-05
urn:harmonic:company:48483807,1.4705048e-05
urn:harmonic:company:10721631,1.4698612e-05
urn:harmonic:company:653934,1.4697912e-05
urn:harmonic:company:14688306,1.4693006e-05
urn:harmonic:company:616808,1.46821085e-05
urn:harmonic:company:4577864,1.4681367e-05
urn:harmonic:company:3190320,1.4678665e-05
urn:harmonic:company:10782918,1.4677546e-05
urn:harmonic:company:1695809,1.46743405e-05
urn:harmonic:company:1449495,1.4671079e-05
urn:harmonic:company:335968,1.4664771e-05
urn:harmonic:company:637813,1.4664519e-05
urn:harmonic:company:1464596,1.46598495e-05
urn:harmonic:company:12783582,1.4658129e-05
urn:harmonic:company:771816,1.465655e-05
urn:harmonic:company:1515778,1.4656201e-05
urn:harmonic:company:735981,1.4651436e-05
urn:harmonic:company:683340,1.46509465e-05
urn:harmonic:company:734391,1.4646895e-05
urn:harmonic:company:692117,1.464494e-05
urn:harmonic:company:12388354,1.4643096e-05
urn:harmonic:company:7404135,1.464107e-05
urn:harmonic:company:3488918,1.4640275e-05
urn:harmonic:company:1478988,1.4631063e-05
urn:harmonic:company:10683308,1.4627144e-05
urn:harmonic:company:21759334,1.4626223e-05
urn:harmonic:company:11692344,1.461635e-05
urn:harmonic:company:17882224,1.4615723e-05
urn:harmonic:company:711736,1.4615514e-05
urn:harmonic:company:2230817,1.4614621e-05
urn:harmonic:company:3862168,1.4614427e-05
urn:harmonic:company:514758,1.4612393e-05
urn:harmonic:company:2140803,1.4605065e-05
urn:harmonic:company:10115941,1.4603059e-05
urn:harmonic:company:6479679,1.4600998e-05
urn:harmonic:company:744248,1.4599744e-05
urn:harmonic:company:2114532,1.45988115e-05
urn:harmonic:company:763818,1.4593341e-05
urn:harmonic:company:6760392,1.4592201e-05
urn:harmonic:company:465970,1.4590795e-05
urn:harmonic:company:673709,1.4590308e-05
urn:harmonic:company:1841379,1.4585869e-05
urn:harmonic:company:3319123,1.4584172e-05
urn:harmonic:company:3196636,1.457444e-05
urn:harmonic:company:684766,1.4572314e-05
urn:harmonic:company:4786238,1.4567562e-05
urn:harmonic:company:12805601,1.4565825e-05
urn:harmonic:company:663493,1.4561951e-05
urn:harmonic:company:12467431,1.4561936e-05
urn:harmonic:company:3374623,1.4561894e-05
urn:harmonic:company:8482524,1.4559604e-05
urn:harmonic:company:36850769,1.4558688e-05
urn:harmonic:company:2138463,1.45581735e-05
urn:harmonic:company:3650685,1.4557147e-05
urn:harmonic:company:1815529,1.455666e-05
urn:harmonic:company:45341526,1.45563135e-05
urn:harmonic:company:12587868,1.45491385e-05
urn:harmonic:company:5355753,1.4546531e-05
urn:harmonic:company:43964890,1.4545988e-05
urn:harmonic:company:10918733,1.4545587e-05
urn:harmonic:company:2237283,1.4544782e-05
urn:harmonic:company:735707,1.45429785e-05
urn:harmonic:company:4062578,1.4541038e-05
urn:harmonic:company:773793,1.45403155e-05
urn:harmonic:company:793982,1.4537862e-05
urn:harmonic:company:1448825,1.4530045e-05
urn:harmonic:company:11263080,1.4528839e-05
urn:harmonic:company:6840240,1.4527564e-05
urn:harmonic:company:10885132,1.4525985e-05
urn:harmonic:company:36491477,1.45245585e-05
urn:harmonic:company:795145,1.4519947e-05
urn:harmonic:company:1450131,1.4515724e-05
urn:harmonic:company:19590590,1.4508292e-05
urn:harmonic:company:48247778,1.4496109e-05
urn:harmonic:company:37497096,1.4494339e-05
urn:harmonic:company:3069497,1.4493702e-05
urn:harmonic:company:1369140,1.4491837e-05
urn:harmonic:company:3219144,1.44886035e-05
urn:harmonic:company:12696465,1.4483064e-05
urn:harmonic:company:1834438,1.44817795e-05
urn:harmonic:company:10848039,1.4480578e-05
urn:harmonic:company:3347622,1.4480535e-05
urn:harmonic:company:3595144,1.4476021e-05
urn:harmonic:company:105568,1.4475166e-05
urn:harmonic:company:10976747,1.447257e-05
urn:harmonic:company:5017652,1.4464444e-05
urn:harmonic:company:25267360,1.446436e-05
urn:harmonic:company:35585136,1.4462816e-05
urn:harmonic:company:4123272,1.4454018e-05
urn:harmonic:company:1510267,1.445297e-05
urn:harmonic:company:11578632,1.4449058e-05
urn:harmonic:company:6944468,1.4447404e-05
urn:harmonic:company:1795888,1.44455435e-05
urn:harmonic:company:605210,1.4443656e-05
urn:harmonic:company:6515,1.4435642e-05
urn:harmonic:company:7508355,1.4427495e-05
urn:harmonic:company:4015873,1.4424689e-05
urn:harmonic:company:32428561,1.4422048e-05
urn:harmonic:company:3562895,1.4420273e-05
urn:harmonic:company:12404939,1.4419434e-05
urn:harmonic:company:10969521,1.4417303e-05
urn:harmonic:company:3722852,1.4408286e-05
urn:harmonic:company:5927771,1.4407626e-05
urn:harmonic:company:44856586,1.4401362e-05
urn:harmonic:company:12698638,1.4400703e-05
urn:harmonic:company:1464673,1.4399015e-05
urn:harmonic:company:2023680,1.4388691e-05
urn:harmonic:company:11561730,1.4386497e-05
urn:harmonic:company:700523,1.4382874e-05
urn:harmonic:company:774974,1.43822845e-05
urn:harmonic:company:671809,1.4381544e-05
urn:harmonic:company:11305180,1.4381449e-05
urn:harmonic:company:673699,1.43777315e-05
urn:harmonic:company:3493486,1.43752495e-05
urn:harmonic:company:10704654,1.4370975e-05
urn:harmonic:company:169467,1.4369973e-05
urn:harmonic:company:2241258,1.4366302e-05
urn:harmonic:company:50050,1.4366287e-05
urn:harmonic:company:728231,1.4365891e-05
urn:harmonic:company:791632,1.436189e-05
urn:harmonic:company:3823627,1.43597135e-05
urn:harmonic:company:3865533,1.4353744e-05
urn:harmonic:company:10172270,1.4349623e-05
urn:harmonic:company:1743,1.4346477e-05
urn:harmonic:company:802314,1.4345943e-05
urn:harmonic:company:746215,1.4345532e-05
urn:harmonic:company:4393554,1.4343659e-05
urn:harmonic:company:3955425,1.4343111e-05
urn:harmonic:company:620138,1.434177e-05
urn:harmonic:company:499423,1.43387615e-05
urn:harmonic:company:10522466,1.4338379e-05
urn:harmonic:company:4576837,1.4335767e-05
urn:harmonic:company:636499,1.4331093e-05
urn:harmonic:company:2939788,1.4330738e-05
urn:harmonic:company:192316,1.4330027e-05
urn:harmonic:company:4173571,1.4327895e-05
urn:harmonic:company:655739,1.4325655e-05
urn:harmonic:company:1598505,1.4324562e-05
urn:harmonic:company:1610443,1.4324124e-05
urn:harmonic:company:12872484,1.432172e-05
urn:harmonic:company:12176089,1.4321146e-05
urn:harmonic:company:1612896,1.430459e-05
urn:harmonic:company:11684042,1.4303567e-05
urn:harmonic:company:12875336,1.4299708e-05
urn:harmonic:company:2140626,1.4299203e-05
urn:harmonic:company:10557871,1.4298179e-05
urn:harmonic:company:3715890,1.4297974e-05
urn:harmonic:company:3146488,1.4297252e-05
urn:harmonic:company:14372252,1.4291268e-05
urn:harmonic:company:50187,1.4290028e-05
urn:harmonic:company:1430474,1.4287711e-05
urn:harmonic:company:1972104,1.4287371e-05
urn:harmonic:company:18067508,1.4280914e-05
urn:harmonic:company:800948,1.4280069e-05
urn:harmonic:company:12887498,1.42779045e-05
urn:harmonic:company:1842426,1.4277196e-05
urn:harmonic:company:10936297,1.427137e-05
urn:harmonic:company:25840,1.4269926e-05
urn:harmonic:company:11056075,1.4254924e-05
urn:harmonic:company:12816547,1.42547215e-05
urn:harmonic:company:1456460,1.4254626e-05
urn:harmonic:company:15453993,1.4246947e-05
urn:harmonic:company:169392,1.4244746e-05
urn:harmonic:company:2239759,1.4242601e-05
urn:harmonic:company:15335160,1.4241445e-05
urn:harmonic:company:3319015,1.4236964e-05
urn:harmonic:company:3240481,1.4236218e-05
urn:harmonic:company:1836541,1.4235743e-05
urn:harmonic:company:705629,1.4234521e-05
urn:harmonic:company:1893727,1.4232104e-05
urn:harmonic:company:4144212,1.4226432e-05
urn:harmonic:company:678948,1.4221874e-05
urn:harmonic:company:1573904,1.4221522e-05
urn:harmonic:company:2103341,1.4217237e-05
urn:harmonic:company:3190725,1.4216559e-05
urn:harmonic:company:1555080,1.4216355e-05
urn:harmonic:company:6678386,1.4214051e-05
urn:harmonic:company:719005,1.42127365e-05
urn:harmonic:company:1813387,1.4212654e-05
urn:harmonic:company:1730421,1.4208142e-05
urn:harmonic:company:38965860,1.4207871e-05
urn:harmonic:company:6060817,1.4207383e-05
urn:harmonic:company:18277890,1.4203591e-05
urn:harmonic:company:3236161,1.4200475e-05
urn:harmonic:company:4414728,1.4197062e-05
urn:harmonic:company:3613339,1.4193529e-05
urn:harmonic:company:4298162,1.4193394e-05
urn:harmonic:company:5215519,1.41907285e-05
urn:harmonic:company:4138631,1.4186722e-05
urn:harmonic:company:13058285,1.4186019e-05
urn:harmonic:company:699413,1.4184381e-05
urn:harmonic:company:1423163,1.4184031e-05
urn:harmonic:company:1967014,1.4176821e-05
urn:harmonic:company:649483,1.4176296e-05
urn:harmonic:company:10928564,1.4176228e-05
urn:harmonic:company:642977,1.41740775e-05
urn:harmonic:company:41180416,1.41693345e-05
urn:harmonic:company:10634003,1.4165281e-05
urn:harmonic:company:4538294,1.4161716e-05
urn:harmonic:company:3266410,1.415676e-05
urn:harmonic:company:12472870,1.4154275e-05
urn:harmonic:company:735164,1.4147379e-05
urn:harmonic:company:668715,1.41465425e-05
urn:harmonic:company:15451492,1.4139436e-05
urn:harmonic:company:4272778,1.4138208e-05
urn:harmonic:company:6810086,1.4137844e-05
urn:harmonic:company:18190097,1.41372775e-05
urn:harmonic:company:2163081,1.4135863e-05
urn:harmonic:company:1491228,1.4131887e-05
urn:harmonic:company:1448128,1.41305245e-05
urn:harmonic:company:21035340,1.4115548e-05
urn:harmonic:company:1542182,1.4113353e-05
urn:harmonic:company:637872,1.4109128e-05
urn:harmonic:company:736099,1.4107366e-05
urn:harmonic:company:1800823,1.4107177e-05
urn:harmonic:company:3204194,1.410684e-05
urn:harmonic:company:662222,1.4105994e-05
urn:harmonic:company:11467194,1.4100224e-05
urn:harmonic:company:1489493,1.4087012e-05
urn:harmonic:company:6678373,1.4086367e-05
urn:harmonic:company:3579004,1.4079666e-05
urn:harmonic:company:11580090,1.40687125e-05
urn:harmonic:company:11489496,1.4064554e-05
urn:harmonic:company:10622878,1.4062233e-05
urn:harmonic:company:676917,1.4059311e-05
urn:harmonic:company:1245595,1.405911e-05
urn:harmonic:company:4060043,1.4045668e-05
urn:harmonic:company:3578938,1.4044195e-05
urn:harmonic:company:2137229,1.4040874e-05
urn:harmonic:company:11007949,1.4038946e-05
urn:harmonic:company:12584489,1.4036884e-05
urn:harmonic:company:3624365,1.4036066e-05
urn:harmonic:company:699809,1.4034701e-05
urn:harmonic:company:4456598,1.4031235e-05
urn:harmonic:company:694401,1.40301245e-05
urn:harmonic:company:4089360,1.4027851e-05
urn:harmonic:company:3371450,1.402757e-05
urn:harmonic:company:4445993,1.4026767e-05
urn:harmonic:company:649211,1.4025041e-05
urn:harmonic:company:12448696,1.4024895e-05
urn:harmonic:company:6519904,1.4024319e-05
urn:harmonic:company:10958714,1.4019412e-05
urn:harmonic:company:1506320,1.4018289e-05
urn:harmonic:company:4198847,1.401583e-05
urn:harmonic:company:36577921,1.4010364e-05
urn:harmonic:company:12473842,1.4007719e-05
urn:harmonic:company:12737903,1.399546e-05
urn:harmonic:company:3219526,1.3993886e-05
urn:harmonic:company:3411879,1.3991151e-05
urn:harmonic:company:4071525,1.3987148e-05
urn:harmonic:company:10880422,1.3982466e-05
urn:harmonic:company:11381280,1.3979947e-05
urn:harmonic:company:783087,1.3977679e-05
urn:harmonic:company:632635,1.3973296e-05
urn:harmonic:company:10359776,1.3971737e-05
urn:harmonic:company:6645673,1.3967514e-05
urn:harmonic:company:107331,1.3966048e-05
urn:harmonic:company:1711,1.3959177e-05
urn:harmonic:company:4588213,1.3958099e-05
urn:harmonic:company:3295013,1.39569665e-05
urn:harmonic:company:6812113,1.3954651e-05
urn:harmonic:company:4130802,1.3953748e-05
urn:harmonic:company:2200848,1.3953534e-05
urn:harmonic:company:1432455,1.39524955e-05
urn:harmonic:company:1431247,1.3950447e-05
urn:harmonic:company:1790824,1.39503545e-05
urn:harmonic:company:4134784,1.3950035e-05
urn:harmonic:company:12864247,1.3947508e-05
urn:harmonic:company:72555,1.3947427e-05
urn:harmonic:company:1449436,1.3945778e-05
urn:harmonic:company:34478070,1.3945764e-05
urn:harmonic:company:13299810,1.3938399e-05
urn:harmonic:company:719626,1.39382655e-05
urn:harmonic:company:3675467,1.3935076e-05
urn:harmonic:company:602908,1.3926361e-05
urn:harmonic:company:4385579,1.3921726e-05
urn:harmonic:company:4039781,1.3921102e-05
urn:harmonic:company:43262503,1.3919576e-05
urn:harmonic:company:466430,1.3919138e-05
urn:harmonic:company:5333828,1.3910765e-05
urn:harmonic:company:7686704,1.3908642e-05
urn:harmonic:company:4322101,1.3905434e-05
urn:harmonic:company:44439,1.3902926e-05
urn:harmonic:company:15515417,1.389333e-05
urn:harmonic:company:679383,1.3891913e-05
urn:harmonic:company:4152553,1.3885714e-05
urn:harmonic:company:3443472,1.3880537e-05
urn:harmonic:company:1676130,1.3879969e-05
urn:harmonic:company:25842,1.3874001e-05
urn:harmonic:company:4410258,1.3873987e-05
urn:harmonic:company:3764404,1.3868139e-05
urn:harmonic:company:11451095,1.3866248e-05
urn:harmonic:company:677873,1.38526875e-05
urn:harmonic:company:1815583,1.3848659e-05
urn:harmonic:company:466401,1.384652e-05
urn:harmonic:company:15263042,1.3843774e-05
urn:harmonic:company:4756956,1.3842004e-05
urn:harmonic:company:6014415,1.3840103e-05
urn:harmonic:company:12183370,1.3838625e-05
urn:harmonic:company:21348165,1.3834364e-05
urn:harmonic:company:43029867,1.38319765e-05
urn:harmonic:company:10811090,1.38226005e-05
urn:harmonic:company:4465982,1.3821519e-05
urn:harmonic:company:553269,1.3820399e-05
urn:harmonic:company:28649507,1.3815734e-05
urn:harmonic:company:475195,1.3814745e-05
urn:harmonic:company:3064684,1.3812874e-05
urn:harmonic:company:624505,1.3811439e-05
urn:harmonic:company:2158292,1.3805881e-05
urn:harmonic:company:4079921,1.3805842e-05
urn:harmonic:company:16556897,1.3803315e-05
urn:harmonic:company:36961612,1.38028145e-05
urn:harmonic:company:34640,1.38026835e-05
urn:harmonic:company:4142321,1.3802366e-05
urn:harmonic:company:49540,1.3799827e-05
urn:harmonic:company:466622,1.37988e-05
urn:harmonic:company:3866541,1.3797906e-05
urn:harmonic:company:1418564,1.3794604e-05
urn:harmonic:company:36232918,1.3794196e-05
urn:harmonic:company:1579550,1.3785056e-05
urn:harmonic:company:32867316,1.3780389e-05
urn:harmonic:company:32513,1.3777944e-05
urn:harmonic:company:12523840,1.3775358e-05
urn:harmonic:company:10871868,1.37750685e-05
urn:harmonic:company:634741,1.3770051e-05
urn:harmonic:company:3628464,1.3768147e-05
urn:harmonic:company:10718229,1.3762829e-05
urn:harmonic:company:674734,1.3761701e-05
urn:harmonic:company:7981169,1.3761255e-05
urn:harmonic:company:12463806,1.3760913e-05
urn:harmonic:company:774851,1.3755966e-05
urn:harmonic:company:625763,1.375564e-05
urn:harmonic:company:466323,1.3755442e-05
urn:harmonic:company:725297,1.37523075e-05
urn:harmonic:company:30694531,1.3750551e-05
urn:harmonic:company:43396102,1.3748191e-05
urn:harmonic:company:4054855,1.37460665e-05
urn:harmonic:company:4411335,1.37458965e-05
urn:harmonic:company:10609107,1.3744939e-05
urn:harmonic:company:12741304,1.3740326e-05
urn:harmonic:company:1730160,1.3736749e-05
urn:harmonic:company:780804,1.3733082e-05
urn:harmonic:company:10189996,1.3729441e-05
urn:harmonic:company:11574889,1.3726874e-05
urn:harmonic:company:48622679,1.3725213e-05
urn:harmonic:company:4004123,1.3721836e-05
urn:harmonic:company:3645077,1.3719808e-05
urn:harmonic:company:3811317,1.3713778e-05
urn:harmonic:company:11639215,1.3707829e-05
urn:harmonic:company:11328742,1.37030975e-05
urn:harmonic:company:3996674,1.3699516e-05
urn:harmonic:company:10711921,1.3696773e-05
urn:harmonic:company:4148609,1.369676e-05
urn:harmonic:company:17112321,1.3693926e-05
urn:harmonic:company:42112559,1.36885465e-05
urn:harmonic:company:4054318,1.3687215e-05
urn:harmonic:company:1370329,1.3682739e-05
urn:harmonic:company:4395942,1.367816e-05
urn:harmonic:company:11459883,1.3675133e-05
urn:harmonic:company:5344312,1.366774e-05
urn:harmonic:company:682672,1.366211e-05
urn:harmonic:company:36592710,1.3659141e-05
urn:harmonic:company:3121914,1.3654296e-05
urn:harmonic:company:7575645,1.364409e-05
urn:harmonic:company:688260,1.3639576e-05
urn:harmonic:company:4190052,1.363955e-05
urn:harmonic:company:170359,1.3636884e-05
urn:harmonic:company:770188,1.3633958e-05
urn:harmonic:company:800739,1.3633894e-05
urn:harmonic:company:6116652,1.3632307e-05
urn:harmonic:company:11168541,1.3632307e-05
urn:harmonic:company:1450127,1.3631852e-05
urn:harmonic:company:13089781,1.3631606e-05
urn:harmonic:company:735725,1.3629578e-05
urn:harmonic:company:3362924,1.3628732e-05
urn:harmonic:company:3363444,1.36282e-05
urn:harmonic:company:761224,1.362178e-05
urn:harmonic:company:653163,1.3615429e-05
urn:harmonic:company:11314855,1.3613612e-05
urn:harmonic:company:2047381,1.3604709e-05
urn:harmonic:company:695601,1.360454e-05
urn:harmonic:company:42973352,1.360275e-05
urn:harmonic:company:18299296,1.3600896e-05
urn:harmonic:company:21494810,1.3599689e-05
urn:harmonic:company:1529282,1.3596421e-05
urn:harmonic:company:203935,1.3594981e-05
urn:harmonic:company:2254291,1.3594295e-05
urn:harmonic:company:4296245,1.35935425e-05
urn:harmonic:company:36859769,1.3593529e-05
urn:harmonic:company:602440,1.3590846e-05
urn:harmonic:company:3116081,1.3589745e-05
urn:harmonic:company:3848435,1.3586014e-05
urn:harmonic:company:4085694,1.3585948e-05
urn:harmonic:company:689415,1.35845485e-05
urn:harmonic:company:35888539,1.3583758e-05
urn:harmonic:company:2126078,1.3582308e-05
urn:harmonic:company:2110376,1.3580792e-05
urn:harmonic:company:11191786,1.3580481e-05
urn:harmonic:company:617054,1.3580028e-05
urn:harmonic:company:4299317,1.3571276e-05
urn:harmonic:company:780609,1.3571094e-05
urn:harmonic:company:3643597,1.3569452e-05
urn:harmonic:company:6616968,1.3566942e-05
urn:harmonic:company:1369565,1.3555702e-05
urn:harmonic:company:3678088,1.3554759e-05
urn:harmonic:company:134818,1.3554268e-05
urn:harmonic:company:12869150,1.3550623e-05
urn:harmonic:company:10882949,1.3548051e-05
urn:harmonic:company:4295651,1.3546088e-05
urn:harmonic:company:803085,1.3545584e-05
urn:harmonic:company:7135711,1.3540198e-05
urn:harmonic:company:2243769,1.3532569e-05
urn:harmonic:company:9931808,1.3529265e-05
urn:harmonic:company:4014617,1.352835e-05
urn:harmonic:company:11160244,1.3528299e-05
urn:harmonic:company:2105209,1.3524428e-05
urn:harmonic:company:12174750,1.3517954e-05
urn:harmonic:company:4056445,1.3516963e-05
urn:harmonic:company:11057499,1.3512967e-05
urn:harmonic:company:1709255,1.351097e-05
urn:harmonic:company:1906856,1.3510479e-05
urn:harmonic:company:647225,1.3509939e-05
urn:harmonic:company:1448595,1.3507067e-05
urn:harmonic:company:18480635,1.3504349e-05
urn:harmonic:company:11304961,1.3501424e-05
urn:harmonic:company:3840142,1.3500125e-05
urn:harmonic:company:7703620,1.3498606e-05
urn:harmonic:company:18995980,1.3484428e-05
urn:harmonic:company:1304776,1.3482344e-05
urn:harmonic:company:20995186,1.3481135e-05
urn:harmonic:company:466984,1.3479773e-05
urn:harmonic:company:4294842,1.3478847e-05
urn:harmonic:company:775386,1.3477639e-05
urn:harmonic:company:36856973,1.3469389e-05
urn:harmonic:company:19433979,1.3469262e-05
urn:harmonic:company:49212920,1.3456462e-05
urn:harmonic:company:9696581,1.3452637e-05
urn:harmonic:company:11361315,1.3452354e-05
urn:harmonic:company:668930,1.3448533e-05
urn:harmonic:company:8870,1.3441391e-05
urn:harmonic:company:4625749,1.3438391e-05
urn:harmonic:company:6630318,1.34372385e-05
urn:harmonic:company:4214431,1.3436712e-05
urn:harmonic:company:636884,1.3431626e-05
urn:harmonic:company:604933,1.3430371e-05
urn:harmonic:company:1257819,1.3427464e-05
urn:harmonic:company:1776987,1.3415318e-05
urn:harmonic:company:553636,1.341226e-05
urn:harmonic:company:41796780,1.34115435e-05
urn:harmonic:company:10959513,1.3410801e-05
urn:harmonic:company:42932845,1.340492e-05
urn:harmonic:company:656902,1.3403655e-05
urn:harmonic:company:20882920,1.3400153e-05
urn:harmonic:company:12887398,1.3395591e-05
urn:harmonic:company:616739,1.33921685e-05
urn:harmonic:company:3372230,1.3391197e-05
urn:harmonic:company:35652196,1.3390802e-05
urn:harmonic:company:4054292,1.338512e-05
urn:harmonic:company:16748493,1.33835765e-05
urn:harmonic:company:718757,1.33833455e-05
urn:harmonic:company:11057181,1.3377833e-05
urn:harmonic:company:32606,1.3377604e-05
urn:harmonic:company:2008159,1.3375933e-05
urn:harmonic:company:778722,1.3368268e-05
urn:harmonic:company:6019099,1.3365783e-05
urn:harmonic:company:796295,1.3363539e-05
urn:harmonic:company:11675866,1.3361157e-05
urn:harmonic:company:11075396,1.3356366e-05
urn:harmonic:company:10674054,1.3355882e-05
urn:harmonic:company:4140479,1.3353589e-05
urn:harmonic:company:634531,1.3345441e-05
urn:harmonic:company:11559352,1.3344984e-05
urn:harmonic:company:30950235,1.334179e-05
urn:harmonic:company:429255,1.3341166e-05
urn:harmonic:company:2156657,1.3339233e-05
urn:harmonic:company:1730563,1.3338036e-05
urn:harmonic:company:5073746,1.3335963e-05
urn:harmonic:company:1715376,1.3335812e-05
urn:harmonic:company:3345668,1.3332556e-05
urn:harmonic:company:1815650,1.3331602e-05
urn:harmonic:company:3631110,1.3326148e-05
urn:harmonic:company:751282,1.3325527e-05
urn:harmonic:company:1410518,1.3321638e-05
urn:harmonic:company:3935541,1.3319898e-05
urn:harmonic:company:1797138,1.3317523e-05
urn:harmonic:company:41077655,1.3316304e-05
urn:harmonic:company:2140344,1.3302469e-05
urn:harmonic:company:11133333,1.3300514e-05
urn:harmonic:company:642580,1.3299424e-05
urn:harmonic:company:3587121,1.3298942e-05
urn:harmonic:company:685290,1.32980795e-05
urn:harmonic:company:1623922,1.3296456e-05
urn:harmonic:company:47500537,1.3295771e-05
urn:harmonic:company:2178094,1.3294694e-05
urn:harmonic:company:1838001,1.32920695e-05
urn:harmonic:company:2188587,1.3287228e-05
urn:harmonic:company:2072405,1.3285581e-05
urn:harmonic:company:794836,1.328396e-05
urn:harmonic:company:2103702,1.3281351e-05
urn:harmonic:company:4300663,1.3280742e-05
urn:harmonic:company:21344698,1.3279589e-05
urn:harmonic:company:714136,1.3279476e-05
urn:harmonic:company:1846962,1.32775e-05
urn:harmonic:company:106156,1.3276588e-05
urn:harmonic:company:10920632,1.3276259e-05
urn:harmonic:company:19003229,1.3272614e-05
urn:harmonic:company:10800180,1.3268539e-05
urn:harmonic:company:43125488,1.3266692e-05
urn:harmonic:company:10624813,1.3266502e-05
urn:harmonic:company:10727766,1.326473e-05
urn:harmonic:company:15423255,1.326392e-05
urn:harmonic:company:2254577,1.3260088e-05
urn:harmonic:company:12549319,1.3259191e-05
urn:harmonic:company:733645,1.3258584e-05
urn:harmonic:company:802400,1.3253034e-05
urn:harmonic:company:800396,1.3249319e-05
urn:harmonic:company:2008859,1.324568e-05
urn:harmonic:company:2259777,1.3245529e-05
urn:harmonic:company:10311184,1.32454015e-05
urn:harmonic:company:2137952,1.3241197e-05
urn:harmonic:company:3831897,1.3240451e-05
urn:harmonic:company:772963,1.3239113e-05
urn:harmonic:company:2258783,1.3237839e-05
urn:harmonic:company:3270161,1.3232373e-05
urn:harmonic:company:3549101,1.3227957e-05
urn:harmonic:company:3472449,1.32277555e-05
urn:harmonic:company:696629,1.322768e-05
urn:harmonic:company:11162657,1.3225056e-05
urn:harmonic:company:696557,1.3222042e-05
urn:harmonic:company:44838214,1.32203395e-05
urn:harmonic:company:468597,1.3220289e-05
urn:harmonic:company:621397,1.321986e-05
urn:harmonic:company:3966392,1.3217945e-05
urn:harmonic:company:726750,1.3211694e-05
urn:harmonic:company:709781,1.3209198e-05
urn:harmonic:company:3860470,1.3207271e-05
urn:harmonic:company:10746866,1.3203985e-05
urn:harmonic:company:6575266,1.32008e-05
urn:harmonic:company:773723,1.3198723e-05
urn:harmonic:company:174213,1.3198193e-05
urn:harmonic:company:105729,1.3197678e-05
urn:harmonic:company:3294080,1.3195878e-05
urn:harmonic:company:4224585,1.3188379e-05
urn:harmonic:company:1938795,1.318701e-05
urn:harmonic:company:1423857,1.3185286e-05
urn:harmonic:company:12458922,1.3184985e-05
urn:harmonic:company:3678550,1.31849465e-05
urn:harmonic:company:3292360,1.3184859e-05
urn:harmonic:company:11162769,1.3177581e-05
urn:harmonic:company:3185132,1.3174691e-05
urn:harmonic:company:675902,1.3174238e-05
urn:harmonic:company:4083321,1.3173434e-05
urn:harmonic:company:29868971,1.3167832e-05
urn:harmonic:company:4432343,1.3167419e-05
urn:harmonic:company:3125136,1.3166639e-05
urn:harmonic:company:2006442,1.31648185e-05
urn:harmonic:company:3496566,1.3164354e-05
urn:harmonic:company:1986339,1.3157602e-05
urn:harmonic:company:4359445,1.3156096e-05
urn:harmonic:company:19094505,1.3155694e-05
urn:harmonic:company:3976683,1.31492725e-05
urn:harmonic:company:1422026,1.314541e-05
urn:harmonic:company:3171300,1.3138982e-05
urn:harmonic:company:1369748,1.3136713e-05
urn:harmonic:company:1429287,1.3135961e-05
urn:harmonic:company:12832562,1.3135497e-05
urn:harmonic:company:887749,1.31281595e-05
urn:harmonic:company:1431532,1.3127046e-05
urn:harmonic:company:12466510,1.3126782e-05
urn:harmonic:company:4584686,1.31230645e-05
urn:harmonic:company:4216052,1.3111194e-05
urn:harmonic:company:4222606,1.3102243e-05
urn:harmonic:company:3431103,1.3101945e-05
urn:harmonic:company:58398,1.3101807e-05
urn:harmonic:company:44921020,1.3100007e-05
urn:harmonic:company:3181762,1.3095487e-05
urn:harmonic:company:10960116,1.3095386e-05
urn:harmonic:company:22006338,1.3092751e-05
urn:harmonic:company:3355029,1.3092614e-05
urn:harmonic:company:670495,1.3085125e-05
urn:harmonic:company:772592,1.308485e-05
urn:harmonic:company:1813791,1.3076629e-05
urn:harmonic:company:4326229,1.3076417e-05
urn:harmonic:company:10951196,1.3076342e-05
urn:harmonic:company:3377419,1.3076205e-05
urn:harmonic:company:3957136,1.3071992e-05
urn:harmonic:company:9638898,1.3071555e-05
urn:harmonic:company:4007664,1.3065187e-05
urn:harmonic:company:732529,1.3061697e-05
urn:harmonic:company:3299305,1.3054488e-05
urn:harmonic:company:10868826,1.3052397e-05
urn:harmonic:company:1448858,1.3050802e-05
urn:harmonic:company:1603751,1.3048973e-05
urn:harmonic:company:1448985,1.3048439e-05
urn:harmonic:company:11162842,1.3048189e-05
urn:harmonic:company:169952,1.3046547e-05
urn:harmonic:company:613097,1.3042976e-05
urn:harmonic:company:795180,1.30407625e-05
urn:harmonic:company:6547031,1.3040091e-05
urn:harmonic:company:4674080,1.3038848e-05
urn:harmonic:company:4190905,1.3037306e-05
urn:harmonic:company:4482781,1.30367225e-05
urn:harmonic:company:720561,1.3035068e-05
urn:harmonic:company:11349709,1.3033154e-05
urn:harmonic:company:34889338,1.3021116e-05
urn:harmonic:company:12882840,1.3020718e-05
urn:harmonic:company:4030728,1.3020395e-05
urn:harmonic:company:1730130,1.3020358e-05
urn:harmonic:company:1836509,1.3014884e-05
urn:harmonic:company:3637202,1.3012637e-05
urn:harmonic:company:38056375,1.3012364e-05
urn:harmonic:company:4482856,1.3008989e-05
urn:harmonic:company:3244019,1.3008543e-05
urn:harmonic:company:640053,1.3007996e-05
urn:harmonic:company:2155943,1.300678e-05
urn:harmonic:company:800760,1.3005106e-05
urn:harmonic:company:12473575,1.299468e-05
urn:harmonic:company:7640135,1.299224e-05
urn:harmonic:company:1431140,1.298581e-05
urn:harmonic:company:10837722,1.29836935e-05
urn:harmonic:company:777086,1.2980659e-05
urn:harmonic:company:3328306,1.298009e-05
urn:harmonic:company:47373437,1.29769705e-05
urn:harmonic:company:47083963,1.29710825e-05
urn:harmonic:company:665837,1.2971044e-05
urn:harmonic:company:10271258,1.2969647e-05
urn:harmonic:company:1618113,1.2968324e-05
urn:harmonic:company:4169636,1.2968262e-05
urn:harmonic:company:10780071,1.2967643e-05
urn:harmonic:company:4297601,1.2964243e-05
urn:harmonic:company:4057537,1.2963884e-05
urn:harmonic:company:47248091,1.2960918e-05
urn:harmonic:company:6703384,1.2960868e-05
urn:harmonic:company:3273527,1.2958693e-05
urn:harmonic:company:12818959,1.2957729e-05
urn:harmonic:company:9289731,1.2957568e-05
urn:harmonic:company:11553762,1.2954331e-05
urn:harmonic:company:10619624,1.2952899e-05
urn:harmonic:company:1678914,1.2951355e-05
urn:harmonic:company:2008031,1.2949921e-05
urn:harmonic:company:48843661,1.2947711e-05
urn:harmonic:company:802449,1.2946242e-05
urn:harmonic:company:4526363,1.2945958e-05
urn:harmonic:company:3710251,1.2945216e-05
urn:harmonic:company:12892702,1.2944303e-05
urn:harmonic:company:3144828,1.29435875e-05
urn:harmonic:company:12692305,1.2941934e-05
urn:harmonic:company:4414014,1.2939627e-05
urn:harmonic:company:4534841,1.2937047e-05
urn:harmonic:company:630583,1.2935529e-05
urn:harmonic:company:10638471,1.2922892e-05
urn:harmonic:company:2195166,1.2921277e-05
urn:harmonic:company:1503395,1.29188e-05
urn:harmonic:company:3344037,1.2915683e-05
urn:harmonic:company:2151605,1.290992e-05
urn:harmonic:company:10578567,1.2903889e-05
urn:harmonic:company:1997371,1.2895634e-05
urn:harmonic:company:4526329,1.2890642e-05
urn:harmonic:company:2016477,1.2889929e-05
urn:harmonic:company:6646224,1.2889585e-05
urn:harmonic:company:33076104,1.2881303e-05
urn:harmonic:company:1544887,1.2880554e-05
urn:harmonic:company:1435613,1.2878859e-05
urn:harmonic:company:3628912,1.2877655e-05
urn:harmonic:company:635819,1.287154e-05
urn:harmonic:company:12479943,1.286862e-05
urn:harmonic:company:3240335,1.2867159e-05
urn:harmonic:company:47634195,1.28646925e-05
urn:harmonic:company:1830451,1.2864312e-05
urn:harmonic:company:12826349,1.2848668e-05
urn:harmonic:company:4021031,1.28410975e-05
urn:harmonic:company:3226467,1.2840277e-05
urn:harmonic:company:1570128,1.2837301e-05
urn:harmonic:company:16556740,1.283609e-05
urn:harmonic:company:4117270,1.2830949e-05
urn:harmonic:company:4086900,1.2830179e-05
urn:harmonic:company:704850,1.2827659e-05
urn:harmonic:company:4161880,1.2824173e-05
urn:harmonic:company:3613378,1.2818939e-05
urn:harmonic:company:32613,1.28169095e-05
urn:harmonic:company:3333618,1.2815161e-05
urn:harmonic:company:751661,1.2814233e-05
urn:harmonic:company:709933,1.28111415e-05
urn:harmonic:company:3216281,1.2810311e-05
urn:harmonic:company:793275,1.2809235e-05
urn:harmonic:company:429532,1.2799809e-05
urn:harmonic:company:6837969,1.2799686e-05
urn:harmonic:company:2137935,1.2798015e-05
urn:harmonic:company:3207657,1.2796856e-05
urn:harmonic:company:41819610,1.2796464e-05
urn:harmonic:company:15322091,1.2794207e-05
urn:harmonic:company:12591384,1.2790572e-05
urn:harmonic:company:3674094,1.2783352e-05
urn:harmonic:company:420050,1.27795e-05
urn:harmonic:company:195214,1.2769354e-05
urn:harmonic:company:529186,1.2767599e-05
urn:harmonic:company:648379,1.2765445e-05
urn:harmonic:company:2066914,1.2762912e-05
urn:harmonic:company:4916915,1.2762656e-05
urn:harmonic:company:1544143,1.2761671e-05
urn:harmonic:company:12883575,1.27575095e-05
urn:harmonic:company:1695367,1.2750674e-05
urn:harmonic:company:12590946,1.2750419e-05
urn:harmonic:company:43559013,1.2750371e-05
urn:harmonic:company:670478,1.27422745e-05
urn:harmonic:company:661240,1.27353005e-05
urn:harmonic:company:5834292,1.2734098e-05
urn:harmonic:company:673041,1.2733868e-05
urn:harmonic:company:3866249,1.2727956e-05
urn:harmonic:company:3222683,1.2724545e-05
urn:harmonic:company:6808634,1.2723707e-05
urn:harmonic:company:4633498,1.272338e-05
urn:harmonic:company:1987962,1.2719013e-05
urn:harmonic:company:665807,1.2718382e-05
urn:harmonic:company:4262505,1.2717473e-05
urn:harmonic:company:1371192,1.2703776e-05
urn:harmonic:company:36749856,1.27009525e-05
urn:harmonic:company:4575957,1.2698821e-05
urn:harmonic:company:4450419,1.2693287e-05
urn:harmonic:company:1777820,1.26929235e-05
urn:harmonic:company:1432251,1.2691424e-05
urn:harmonic:company:1431107,1.2688676e-05
urn:harmonic:company:678916,1.2688434e-05
urn:harmonic:company:1807711,1.2688108e-05
urn:harmonic:company:36699866,1.2685421e-05
urn:harmonic:company:3488709,1.268489e-05
urn:harmonic:company:3363605,1.26817085e-05
urn:harmonic:company:3675368,1.2680439e-05
urn:harmonic:company:1596552,1.2679253e-05
urn:harmonic:company:4106813,1.2678722e-05
urn:harmonic:company:350606,1.2672049e-05
urn:harmonic:company:1430451,1.267188e-05
urn:harmonic:company:737700,1.2669475e-05
urn:harmonic:company:2057934,1.2667518e-05
urn:harmonic:company:3173835,1.2667216e-05
urn:harmonic:company:34424975,1.2666974e-05
urn:harmonic:company:2125165,1.2665476e-05
urn:harmonic:company:674585,1.26637005e-05
urn:harmonic:company:11018871,1.2661962e-05
urn:harmonic:company:3301291,1.2658473e-05
urn:harmonic:company:772972,1.2655853e-05
urn:harmonic:company:170331,1.2655563e-05
urn:harmonic:company:2008173,1.2655106e-05
urn:harmonic:company:4165956,1.26457435e-05
urn:harmonic:company:774573,1.2645731e-05
urn:harmonic:company:14871590,1.26452e-05
urn:harmonic:company:2130668,1.2642391e-05
urn:harmonic:company:12872327,1.2641896e-05
urn:harmonic:company:624820,1.264139e-05
urn:harmonic:company:4294821,1.2635629e-05
urn:harmonic:company:3247230,1.2630882e-05
urn:harmonic:company:8119677,1.2630027e-05
urn:harmonic:company:694735,1.2625319e-05
urn:harmonic:company:72129,1.2623922e-05
urn:harmonic:company:37500715,1.2613308e-05
urn:harmonic:company:6007936,1.2612611e-05
urn:harmonic:company:4295026,1.261029e-05
urn:harmonic:company:3183531,1.2607583e-05
urn:harmonic:company:3277689,1.2604577e-05
urn:harmonic:company:21564663,1.2603327e-05
urn:harmonic:company:3271546,1.2600215e-05
urn:harmonic:company:3057265,1.2599326e-05
urn:harmonic:company:3212695,1.2598954e-05
urn:harmonic:company:45185124,1.2598449e-05
urn:harmonic:company:11679217,1.2594845e-05
urn:harmonic:company:3466917,1.2591002e-05
urn:harmonic:company:1966415,1.2584952e-05
urn:harmonic:company:11676927,1.2584748e-05
urn:harmonic:company:2085026,1.2584604e-05
urn:harmonic:company:34928299,1.2582588e-05
urn:harmonic:company:11192993,1.2578208e-05
urn:harmonic:company:1839221,1.2577597e-05
urn:harmonic:company:1690812,1.2577021e-05
urn:harmonic:company:1409485,1.257623e-05
urn:harmonic:company:4463797,1.2575499e-05
urn:harmonic:company:702385,1.25752695e-05
urn:harmonic:company:19725388,1.2572501e-05
urn:harmonic:company:11563825,1.2571505e-05
urn:harmonic:company:34694424,1.2569851e-05
urn:harmonic:company:7707541,1.2565523e-05
urn:harmonic:company:784454,1.2560768e-05
urn:harmonic:company:3062895,1.2560133e-05
urn:harmonic:company:13525100,1.2560133e-05
urn:harmonic:company:777132,1.2558948e-05
urn:harmonic:company:1696891,1.2554684e-05
urn:harmonic:company:12789866,1.2550997e-05
urn:harmonic:company:4159823,1.2546221e-05
urn:harmonic:company:1461480,1.254597e-05
urn:harmonic:company:3076457,1.25436845e-05
urn:harmonic:company:4289769,1.2543459e-05
urn:harmonic:company:1577857,1.2542082e-05
urn:harmonic:company:11068660,1.2538889e-05
urn:harmonic:company:12394325,1.2537694e-05
urn:harmonic:company:3241154,1.2537479e-05
urn:harmonic:company:11009579,1.2533689e-05
urn:harmonic:company:781546,1.2531932e-05
urn:harmonic:company:3331300,1.2530486e-05
urn:harmonic:company:714263,1.25288725e-05
urn:harmonic:company:683098,1.2527452e-05
urn:harmonic:company:1813867,1.2527392e-05
urn:harmonic:company:4190830,1.25258985e-05
urn:harmonic:company:800923,1.2524799e-05
urn:harmonic:company:2245634,1.2524345e-05
urn:harmonic:company:2121142,1.2521944e-05
urn:harmonic:company:801495,1.2521096e-05
urn:harmonic:company:777104,1.2506979e-05
urn:harmonic:company:32544559,1.2504069e-05
urn:harmonic:company:4198489,1.2498299e-05
urn:harmonic:company:3321274,1.2497489e-05
urn:harmonic:company:767871,1.2495771e-05
urn:harmonic:company:1838363,1.249066e-05
urn:harmonic:company:3801756,1.2490363e-05
urn:harmonic:company:1677104,1.2486766e-05
urn:harmonic:company:793362,1.2478266e-05
urn:harmonic:company:10947419,1.247578e-05
urn:harmonic:company:12768238,1.2460133e-05
urn:harmonic:company:553530,1.2459752e-05
urn:harmonic:company:11176242,1.2458647e-05
urn:harmonic:company:49583880,1.2458563e-05
urn:harmonic:company:16593721,1.24569715e-05
urn:harmonic:company:631770,1.2455866e-05
urn:harmonic:company:19395883,1.2455154e-05
urn:harmonic:company:775233,1.2453171e-05
urn:harmonic:company:34848346,1.2448896e-05
urn:harmonic:company:11562620,1.2448765e-05
urn:harmonic:company:6617537,1.24481485e-05
urn:harmonic:company:10192215,1.2446807e-05
urn:harmonic:company:11459996,1.24451335e-05
urn:harmonic:company:701128,1.24402795e-05
urn:harmonic:company:48384851,1.2439379e-05
urn:harmonic:company:646055,1.2438346e-05
urn:harmonic:company:11075472,1.2437397e-05
urn:harmonic:company:632915,1.2433342e-05
urn:harmonic:company:18238793,1.24305325e-05
urn:harmonic:company:36864938,1.2428873e-05
urn:harmonic:company:2231783,1.2427651e-05
urn:harmonic:company:14809633,1.2426763e-05
urn:harmonic:company:1670507,1.2426467e-05
urn:harmonic:company:108241,1.2424013e-05
urn:harmonic:company:34871306,1.241745e-05
urn:harmonic:company:1448180,1.2416859e-05
urn:harmonic:company:1780378,1.2416195e-05
urn:harmonic:company:727136,1.2415759e-05
urn:harmonic:company:10689068,1.2414894e-05
urn:harmonic:company:1370375,1.241435e-05
urn:harmonic:company:752244,1.24136495e-05
urn:harmonic:company:792375,1.2413082e-05
urn:harmonic:company:3260978,1.2408171e-05
urn:harmonic:company:728741,1.24069165e-05
urn:harmonic:company:1449072,1.2405543e-05
urn:harmonic:company:3290910,1.2405059e-05
urn:harmonic:company:669202,1.2402479e-05
urn:harmonic:company:4293196,1.2401131e-05
urn:harmonic:company:4407802,1.2398707e-05
urn:harmonic:company:1840835,1.2398471e-05
urn:harmonic:company:12872360,1.2397679e-05
urn:harmonic:company:10462416,1.239652e-05
urn:harmonic:company:11677512,1.2396367e-05
urn:harmonic:company:1832683,1.2389571e-05
urn:harmonic:company:2080323,1.2384256e-05
urn:harmonic:company:7365135,1.2381019e-05
urn:harmonic:company:4424928,1.2376002e-05
urn:harmonic:company:3985486,1.2375577e-05
urn:harmonic:company:6571470,1.2374338e-05
urn:harmonic:company:1704359,1.2374255e-05
urn:harmonic:company:672335,1.2373654e-05
urn:harmonic:company:1817590,1.236496e-05
urn:harmonic:company:3063304,1.23630725e-05
urn:harmonic:company:47638541,1.2362838e-05
urn:harmonic:company:10756973,1.2358701e-05
urn:harmonic:company:553396,1.2355129e-05
urn:harmonic:company:796317,1.2354399e-05
urn:harmonic:company:3848333,1.2351796e-05
urn:harmonic:company:12633132,1.2346119e-05
urn:harmonic:company:3717080,1.2345142e-05
urn:harmonic:company:12179918,1.2343741e-05
urn:harmonic:company:1504143,1.2342022e-05
urn:harmonic:company:4086197,1.2338738e-05
urn:harmonic:company:3304222,1.2327072e-05
urn:harmonic:company:12483786,1.232512e-05
urn:harmonic:company:3853113,1.232438e-05
urn:harmonic:company:4302763,1.2323263e-05
urn:harmonic:company:10936443,1.2311728e-05
urn:harmonic:company:3326708,1.2311669e-05
urn:harmonic:company:3442591,1.2309392e-05
urn:harmonic:company:1449465,1.2309063e-05
urn:harmonic:company:750469,1.230323e-05
urn:harmonic:company:686388,1.2300027e-05
urn:harmonic:company:49784495,1.2298714e-05
urn:harmonic:company:3290443,1.2296322e-05
urn:harmonic:company:2201341,1.2296275e-05
urn:harmonic:company:647389,1.2295032e-05
urn:harmonic:company:711032,1.2292699e-05
urn:harmonic:company:11101561,1.2289569e-05
urn:harmonic:company:3223591,1.22869915e-05
urn:harmonic:company:3540481,1.22866395e-05
urn:harmonic:company:632891,1.2281613e-05
urn:harmonic:company:10728757,1.2281181e-05
urn:harmonic:company:819769,1.2276789e-05
urn:harmonic:company:32690,1.2271721e-05
urn:harmonic:company:436328,1.2271463e-05
urn:harmonic:company:761991,1.2271217e-05
urn:harmonic:company:1561691,1.2268725e-05
urn:harmonic:company:11561331,1.2268338e-05
urn:harmonic:company:3259544,1.2268221e-05
urn:harmonic:company:11160328,1.2262022e-05
urn:harmonic:company:1788880,1.2259391e-05
urn:harmonic:company:21544503,1.2254774e-05
urn:harmonic:company:3358500,1.2254354e-05
urn:harmonic:company:46661747,1.2250673e-05
urn:harmonic:company:75245,1.2250112e-05
urn:harmonic:company:4136735,1.2249096e-05
urn:harmonic:company:34551090,1.2242859e-05
urn:harmonic:company:10275083,1.2242439e-05
urn:harmonic:company:3373566,1.2231026e-05
urn:harmonic:company:793833,1.22278425e-05
urn:harmonic:company:12285334,1.2227609e-05
urn:harmonic:company:9123474,1.22268275e-05
urn:harmonic:company:523788,1.22252195e-05
urn:harmonic:company:3637075,1.2224146e-05
urn:harmonic:company:668212,1.2218726e-05
urn:harmonic:company:10674088,1.2216046e-05
urn:harmonic:company:12806424,1.2213368e-05
urn:harmonic:company:2107809,1.2205671e-05
urn:harmonic:company:710595,1.2199282e-05
urn:harmonic:company:3246735,1.219549e-05
urn:harmonic:company:6827690,1.2191838e-05
urn:harmonic:company:1695396,1.2191595e-05
urn:harmonic:company:1448231,1.2182692e-05
urn:harmonic:company:36234248,1.2182239e-05
urn:harmonic:company:610518,1.2178022e-05
urn:harmonic:company:1449418,1.2176826e-05
urn:harmonic:company:6544,1.217455e-05
urn:harmonic:company:12843237,1.2174422e-05
urn:harmonic:company:2161517,1.21690255e-05
urn:harmonic:company:42875459,1.2168862e-05
urn:harmonic:company:1432821,1.2168513e-05
urn:harmonic:company:6599670,1.2167098e-05
urn:harmonic:company:1575295,1.2162737e-05
urn:harmonic:company:3935530,1.2160069e-05
urn:harmonic:company:6944288,1.2156567e-05
urn:harmonic:company:553677,1.2143671e-05
urn:harmonic:company:1510743,1.2142745e-05
urn:harmonic:company:669147,1.2139746e-05
urn:harmonic:company:13084722,1.213522e-05
urn:harmonic:company:3121330,1.2134155e-05
urn:harmonic:company:795850,1.213279e-05
urn:harmonic:company:12455403,1.2130626e-05
urn:harmonic:company:708400,1.2130245e-05
urn:harmonic:company:3183845,1.2119849e-05
urn:harmonic:company:663630,1.2116256e-05
urn:harmonic:company:2255085,1.2114337e-05
urn:harmonic:company:3241886,1.2113067e-05
urn:harmonic:company:584372,1.2106021e-05
urn:harmonic:company:40980,1.210205e-05
urn:harmonic:company:47342160,1.2097817e-05
urn:harmonic:company:28268727,1.2093467e-05
urn:harmonic:company:3064820,1.209138e-05
urn:harmonic:company:3588397,1.2084371e-05
urn:harmonic:company:107234,1.2075938e-05
urn:harmonic:company:634263,1.2070365e-05
urn:harmonic:company:654444,1.2070078e-05
urn:harmonic:company:711977,1.206834e-05
urn:harmonic:company:749184,1.2067891e-05
urn:harmonic:company:692944,1.2065002e-05
urn:harmonic:company:10697946,1.2063829e-05
urn:harmonic:company:9138037,1.2063299e-05
urn:harmonic:company:10271054,1.2062932e-05
urn:harmonic:company:3075135,1.2061989e-05
urn:harmonic:company:4039374,1.2060838e-05
urn:harmonic:company:10591047,1.2060309e-05
urn:harmonic:company:11075495,1.2058606e-05
urn:harmonic:company:3408361,1.2055939e-05
urn:harmonic:company:12963415,1.2051307e-05
urn:harmonic:company:106354,1.2048124e-05
urn:harmonic:company:4498548,1.2047514e-05
urn:harmonic:company:1697711,1.20464465e-05
urn:harmonic:company:4633975,1.2045481e-05
urn:harmonic:company:1880858,1.204547e-05
urn:harmonic:company:3876361,1.2041507e-05
urn:harmonic:company:651098,1.2040462e-05
urn:harmonic:company:13028193,1.2036226e-05
urn:harmonic:company:765297,1.2035698e-05
urn:harmonic:company:1449435,1.20336545e-05
urn:harmonic:company:772884,1.20336435e-05
urn:harmonic:company:1420993,1.20334025e-05
urn:harmonic:company:1588549,1.2028825e-05
urn:harmonic:company:12477277,1.20235145e-05
urn:harmonic:company:1834,1.2023204e-05
urn:harmonic:company:4047657,1.20221275e-05
urn:harmonic:company:19440444,1.2019399e-05
urn:harmonic:company:105937,1.2018768e-05
urn:harmonic:company:35427315,1.2015559e-05
urn:harmonic:company:34495853,1.2015353e-05
urn:harmonic:company:656857,1.2013943e-05
urn:harmonic:company:3616899,1.20102895e-05
urn:harmonic:company:661137,1.2000042e-05
urn:harmonic:company:3083955,1.1999241e-05
urn:harmonic:company:3321241,1.1996462e-05
urn:harmonic:company:2096984,1.19958895e-05
urn:harmonic:company:793517,1.1994963e-05
urn:harmonic:company:635412,1.1993052e-05
urn:harmonic:company:4170570,1.19873e-05
urn:harmonic:company:635341,1.1985209e-05
urn:harmonic:company:5332520,1.1983037e-05
urn:harmonic:company:795014,1.1980193e-05
urn:harmonic:company:11462803,1.1977257e-05
urn:harmonic:company:767548,1.1972997e-05
urn:harmonic:company:13263908,1.1969172e-05
urn:harmonic:company:8052197,1.1968339e-05
urn:harmonic:company:10332071,1.1968214e-05
urn:harmonic:company:792431,1.1967963e-05
urn:harmonic:company:3210687,1.1967701e-05
urn:harmonic:company:3837048,1.1965714e-05
urn:harmonic:company:31452746,1.1964048e-05
urn:harmonic:company:3849269,1.1962965e-05
urn:harmonic:company:2258857,1.1962929e-05
urn:harmonic:company:1430232,1.1950308e-05
urn:harmonic:company:12475833,1.1949738e-05
urn:harmonic:company:10910432,1.1948473e-05
urn:harmonic:company:1713234,1.1947459e-05
urn:harmonic:company:7499794,1.1946547e-05
urn:harmonic:company:461983,1.1945579e-05
urn:harmonic:company:2138521,1.1944406e-05
urn:harmonic:company:3301349,1.1939326e-05
urn:harmonic:company:5527564,1.1938472e-05
urn:harmonic:company:12469327,1.1935934e-05
urn:harmonic:company:3053104,1.1935251e-05
urn:harmonic:company:710318,1.1934044e-05
urn:harmonic:company:797088,1.1933692e-05
urn:harmonic:company:4214850,1.192823e-05
urn:harmonic:company:4127818,1.1924715e-05
urn:harmonic:company:4414909,1.1924591e-05
urn:harmonic:company:7708933,1.1921964e-05
urn:harmonic:company:642982,1.1921281e-05
urn:harmonic:company:1463965,1.1919906e-05
urn:harmonic:company:4324535,1.1919497e-05
urn:harmonic:company:9295960,1.1918871e-05
urn:harmonic:company:2136645,1.19142005e-05
urn:harmonic:company:198362,1.1910782e-05
urn:harmonic:company:4222680,1.1910259e-05
urn:harmonic:company:767000,1.1908759e-05
urn:harmonic:company:682510,1.1906227e-05
urn:harmonic:company:741811,1.1902981e-05
urn:harmonic:company:1983359,1.1899621e-05
urn:harmonic:company:11133726,1.1899598e-05
urn:harmonic:company:13241318,1.1896625e-05
urn:harmonic:company:33092919,1.1894663e-05
urn:harmonic:company:105849,1.1894379e-05
urn:harmonic:company:1432079,1.1891169e-05
urn:harmonic:company:1600842,1.1889139e-05
urn:harmonic:company:1965881,1.1886872e-05
urn:harmonic:company:814178,1.1882984e-05
urn:harmonic:company:12794932,1.1881432e-05
urn:harmonic:company:11209866,1.1881035e-05
urn:harmonic:company:3187408,1.1880696e-05
urn:harmonic:company:3362500,1.1880628e-05
urn:harmonic:company:12856393,1.1879971e-05
urn:harmonic:company:4501774,1.1879132e-05
urn:harmonic:company:7505675,1.1871001e-05
urn:harmonic:company:6629324,1.18706275e-05
urn:harmonic:company:11431438,1.1867005e-05
urn:harmonic:company:3513141,1.186679e-05
urn:harmonic:company:4577028,1.1859289e-05
urn:harmonic:company:1449192,1.1858204e-05
urn:harmonic:company:2098345,1.1853953e-05
urn:harmonic:company:578678,1.1853455e-05
urn:harmonic:company:3871856,1.1850132e-05
urn:harmonic:company:4289151,1.1848753e-05
urn:harmonic:company:3409588,1.1842597e-05
urn:harmonic:company:19381129,1.1842371e-05
urn:harmonic:company:10871871,1.1831185e-05
urn:harmonic:company:10744245,1.1825567e-05
urn:harmonic:company:553381,1.1824788e-05
urn:harmonic:company:3296129,1.1824225e-05
urn:harmonic:company:6268,1.18234475e-05
urn:harmonic:company:3355884,1.1821913e-05
urn:harmonic:company:2023274,1.1817911e-05
urn:harmonic:company:1945113,1.181612e-05
urn:harmonic:company:2034367,1.1815939e-05
urn:harmonic:company:3309179,1.181541e-05
urn:harmonic:company:3303683,1.1815388e-05
urn:harmonic:company:30868491,1.1813179e-05
urn:harmonic:company:1841732,1.1809822e-05
urn:harmonic:company:802305,1.18089665e-05
urn:harmonic:company:2056348,1.180498e-05
urn:harmonic:company:11287581,1.1801322e-05
urn:harmonic:company:2191728,1.1801087e-05
urn:harmonic:company:8225379,1.1799893e-05
urn:harmonic:company:2095967,1.1797203e-05
urn:harmonic:company:11679044,1.1796495e-05
urn:harmonic:company:3758716,1.1796023e-05
urn:harmonic:company:3273349,1.1793773e-05
urn:harmonic:company:14105266,1.1793052e-05
urn:harmonic:company:6647518,1.1792626e-05
urn:harmonic:company:4163212,1.1785553e-05
urn:harmonic:company:11162358,1.1784161e-05
urn:harmonic:company:12632980,1.17828795e-05
urn:harmonic:company:4536004,1.1779981e-05
urn:harmonic:company:12835573,1.1767855e-05
urn:harmonic:company:1841010,1.1767585e-05
urn:harmonic:company:4088720,1.1766878e-05
urn:harmonic:company:10455292,1.1766855e-05
urn:harmonic:company:435479,1.1766283e-05
urn:harmonic:company:1709796,1.176561e-05
urn:harmonic:company:4294490,1.1762558e-05
urn:harmonic:company:719309,1.175824e-05
urn:harmonic:company:13046121,1.17562e-05
urn:harmonic:company:1729722,1.1752276e-05
urn:harmonic:company:11075300,1.1751615e-05
urn:harmonic:company:554707,1.1750438e-05
urn:harmonic:company:35680497,1.17489035e-05
urn:harmonic:company:11985970,1.1745083e-05
urn:harmonic:company:3354650,1.1743683e-05
urn:harmonic:company:7684544,1.1741477e-05
urn:harmonic:company:662634,1.1738118e-05
urn:harmonic:company:4418639,1.1734726e-05
urn:harmonic:company:43182878,1.1733877e-05
urn:harmonic:company:74,1.1733473e-05
urn:harmonic:company:1974868,1.1732455e-05
urn:harmonic:company:1448919,1.1729346e-05
urn:harmonic:company:3620191,1.1728808e-05
urn:harmonic:company:1448161,1.1727578e-05
urn:harmonic:company:699453,1.17234185e-05
urn:harmonic:company:606725,1.1723363e-05
urn:harmonic:company:726487,1.1718801e-05
urn:harmonic:company:3935500,1.1717505e-05
urn:harmonic:company:10594797,1.1711038e-05
urn:harmonic:company:719829,1.1708022e-05
urn:harmonic:company:5157555,1.1706716e-05
urn:harmonic:company:1528032,1.1706481e-05
urn:harmonic:company:3261114,1.170417e-05
urn:harmonic:company:723804,1.1703947e-05
urn:harmonic:company:11161284,1.1701492e-05
urn:harmonic:company:47852572,1.1700878e-05
urn:harmonic:company:744020,1.1700677e-05
urn:harmonic:company:10884362,1.1699795e-05
urn:harmonic:company:12886000,1.1699428e-05
urn:harmonic:company:778193,1.1692111e-05
urn:harmonic:company:107651,1.1691754e-05
urn:harmonic:company:12692767,1.1684387e-05
urn:harmonic:company:473269,1.1682937e-05
urn:harmonic:company:11564361,1.1678203e-05
urn:harmonic:company:5208748,1.1676188e-05
urn:harmonic:company:4500554,1.1671044e-05
urn:harmonic:company:3373776,1.1670499e-05
urn:harmonic:company:1738398,1.1668206e-05
urn:harmonic:company:468974,1.1667049e-05
urn:harmonic:company:12892819,1.1666692e-05
urn:harmonic:company:40377985,1.1664369e-05
urn:harmonic:company:37474991,1.1662166e-05
urn:harmonic:company:11531670,1.166171e-05
urn:harmonic:company:8762211,1.1660153e-05
urn:harmonic:company:2230987,1.16534275e-05
urn:harmonic:company:2226003,1.1652094e-05
urn:harmonic:company:1969194,1.1650761e-05
urn:harmonic:company:780940,1.1647972e-05
urn:harmonic:company:12838961,1.1646072e-05
urn:harmonic:company:3648489,1.1644784e-05
urn:harmonic:company:3923265,1.1643874e-05
urn:harmonic:company:3436908,1.1637224e-05
urn:harmonic:company:772089,1.1634905e-05
urn:harmonic:company:3595479,1.1628671e-05
urn:harmonic:company:4232009,1.1623515e-05
urn:harmonic:company:3203061,1.1618406e-05
urn:harmonic:company:4634793,1.1617464e-05
urn:harmonic:company:10640341,1.1615758e-05
urn:harmonic:company:1712331,1.1614285e-05
urn:harmonic:company:34555885,1.1613565e-05
urn:harmonic:company:730201,1.1609545e-05
urn:harmonic:company:739326,1.1605173e-05
urn:harmonic:company:1478230,1.1599873e-05
urn:harmonic:company:4107308,1.1583799e-05
urn:harmonic:company:612195,1.1582518e-05
urn:harmonic:company:1896750,1.1581391e-05
urn:harmonic:company:2084428,1.1580155e-05
urn:harmonic:company:13130158,1.1578995e-05
urn:harmonic:company:617906,1.1578686e-05
urn:harmonic:company:3596260,1.1577559e-05
urn:harmonic:company:1490474,1.1576201e-05
urn:harmonic:company:12525056,1.1572791e-05
urn:harmonic:company:1504896,1.1568697e-05
urn:harmonic:company:10638268,1.1558155e-05
urn:harmonic:company:1605966,1.1558044e-05
urn:harmonic:company:3206000,1.1554153e-05
urn:harmonic:company:652244,1.1552831e-05
urn:harmonic:company:12479851,1.1549471e-05
urn:harmonic:company:756506,1.154553e-05
urn:harmonic:company:12983863,1.1537198e-05
urn:harmonic:company:1510341,1.1535151e-05
urn:harmonic:company:12365972,1.1532325e-05
urn:harmonic:company:3234860,1.1528179e-05
urn:harmonic:company:3614261,1.1527762e-05
urn:harmonic:company:681210,1.1519409e-05
urn:harmonic:company:4066974,1.1513709e-05
urn:harmonic:company:3697368,1.1513203e-05
urn:harmonic:company:819937,1.151136e-05
urn:harmonic:company:5528930,1.1510404e-05
urn:harmonic:company:3979519,1.1509899e-05
urn:harmonic:company:10685908,1.1508298e-05
urn:harmonic:company:4130657,1.1507671e-05
urn:harmonic:company:2047180,1.1503106e-05
urn:harmonic:company:763669,1.1501395e-05
urn:harmonic:company:3864324,1.150099e-05
urn:harmonic:company:1423506,1.149839e-05
urn:harmonic:company:3864057,1.1497163e-05
urn:harmonic:company:169995,1.1497107e-05
urn:harmonic:company:34804790,1.1495354e-05
urn:harmonic:company:4109414,1.1494816e-05
urn:harmonic:company:4392093,1.1493578e-05
urn:harmonic:company:11549121,1.1491364e-05
urn:harmonic:company:12524019,1.1490169e-05
urn:harmonic:company:12284615,1.14892055e-05
urn:harmonic:company:4161418,1.1489031e-05
urn:harmonic:company:12477088,1.1486478e-05
urn:harmonic:company:42485581,1.1482633e-05
urn:harmonic:company:4390161,1.1482468e-05
urn:harmonic:company:1589470,1.1480815e-05
urn:harmonic:company:3216299,1.1480739e-05
urn:harmonic:company:4295097,1.1476842e-05
urn:harmonic:company:2044964,1.147439e-05
urn:harmonic:company:35140054,1.147334e-05
urn:harmonic:company:4296864,1.1469817e-05
urn:harmonic:company:15675368,1.1462807e-05
urn:harmonic:company:41779089,1.14606655e-05
urn:harmonic:company:18765592,1.1456677e-05
urn:harmonic:company:762776,1.1454054e-05
urn:harmonic:company:1730170,1.1453344e-05
urn:harmonic:company:11409011,1.1451815e-05
urn:harmonic:company:3263932,1.1451292e-05
urn:harmonic:company:4107025,1.1448048e-05
urn:harmonic:company:691827,1.1447852e-05
urn:harmonic:company:11491176,1.1446848e-05
urn:harmonic:company:3119296,1.1443399e-05
urn:harmonic:company:772957,1.1443245e-05
urn:harmonic:company:3330653,1.1442155e-05
urn:harmonic:company:890827,1.1441991e-05
urn:harmonic:company:12838305,1.1439962e-05
urn:harmonic:company:3481015,1.14378345e-05
urn:harmonic:company:12868944,1.1434814e-05
urn:harmonic:company:10521886,1.143332e-05
urn:harmonic:company:9414002,1.14327195e-05
urn:harmonic:company:47789129,1.1430299e-05
urn:harmonic:company:4388293,1.1430059e-05
urn:harmonic:company:12465227,1.1429677e-05
urn:harmonic:company:2130939,1.1426713e-05
urn:harmonic:company:1430325,1.1421158e-05
urn:harmonic:company:661404,1.1420319e-05
urn:harmonic:company:1839531,1.1418924e-05
urn:harmonic:company:10447087,1.1417956e-05
urn:harmonic:company:10115893,1.14165405e-05
urn:harmonic:company:3139818,1.14161485e-05
urn:harmonic:company:3075442,1.1412676e-05
urn:harmonic:company:767325,1.1412283e-05
urn:harmonic:company:4224830,1.1409063e-05
urn:harmonic:company:2118722,1.1407464e-05
urn:harmonic:company:727661,1.1407072e-05
urn:harmonic:company:767156,1.1406604e-05
urn:harmonic:company:2163608,1.14048635e-05
urn:harmonic:company:1423572,1.1399493e-05
urn:harmonic:company:12483279,1.1394971e-05
urn:harmonic:company:150913,1.1394264e-05
urn:harmonic:company:12786833,1.1393439e-05
urn:harmonic:company:643682,1.1391342e-05
urn:harmonic:company:12802616,1.1386476e-05
urn:harmonic:company:10721641,1.138489e-05
urn:harmonic:company:670952,1.138108e-05
urn:harmonic:company:799578,1.1379724e-05
urn:harmonic:company:4296008,1.13775095e-05
urn:harmonic:company:6499756,1.1376837e-05
urn:harmonic:company:3177709,1.1368637e-05
urn:harmonic:company:3673981,1.1368269e-05
urn:harmonic:company:802568,1.1363836e-05
urn:harmonic:company:6531177,1.1356035e-05
urn:harmonic:company:49878,1.1348111e-05
urn:harmonic:company:694385,1.1346315e-05
urn:harmonic:company:1409094,1.1345839e-05
urn:harmonic:company:4066468,1.1342841e-05
urn:harmonic:company:1815849,1.1341523e-05
urn:harmonic:company:1901319,1.1338743e-05
urn:harmonic:company:21724588,1.1338721e-05
urn:harmonic:company:11143982,1.1322815e-05
urn:harmonic:company:644530,1.1322016e-05
urn:harmonic:company:6837451,1.1318421e-05
urn:harmonic:company:49775764,1.1317968e-05
urn:harmonic:company:10442275,1.1317752e-05
urn:harmonic:company:773095,1.1316921e-05
urn:harmonic:company:11164842,1.1314687e-05
urn:harmonic:company:2138634,1.1314525e-05
urn:harmonic:company:169425,1.1314493e-05
urn:harmonic:company:3629270,1.1314493e-05
urn:harmonic:company:5985184,1.1312637e-05
urn:harmonic:company:11335007,1.1310285e-05
urn:harmonic:company:2138661,1.1308829e-05
urn:harmonic:company:28790674,1.1308203e-05
urn:harmonic:company:49362323,1.1307039e-05
urn:harmonic:company:12433584,1.1305142e-05
urn:harmonic:company:793448,1.12988255e-05
urn:harmonic:company:170078,1.1296767e-05
urn:harmonic:company:34876,1.1292793e-05
urn:harmonic:company:743292,1.1290845e-05
urn:harmonic:company:4306811,1.1290337e-05
urn:harmonic:company:1841557,1.1290058e-05
urn:harmonic:company:4238406,1.1289605e-05
urn:harmonic:company:31231518,1.1288712e-05
urn:harmonic:company:1840388,1.1287635e-05
urn:harmonic:company:3684882,1.1286162e-05
urn:harmonic:company:1679785,1.1282222e-05
urn:harmonic:company:4080160,1.1280351e-05
urn:harmonic:company:6646201,1.1279994e-05
urn:harmonic:company:1709956,1.1278866e-05
urn:harmonic:company:49568181,1.127536e-05
urn:harmonic:company:675775,1.1273586e-05
urn:harmonic:company:1463379,1.1269124e-05
urn:harmonic:company:773200,1.1263442e-05
urn:harmonic:company:105963,1.12623675e-05
urn:harmonic:company:4392022,1.1261013e-05
urn:harmonic:company:12781786,1.1259585e-05
urn:harmonic:company:3156588,1.1254766e-05
urn:harmonic:company:1980992,1.1250398e-05
urn:harmonic:company:1836118,1.1244058e-05
urn:harmonic:company:3219703,1.1243491e-05
urn:harmonic:company:694530,1.124319e-05
urn:harmonic:company:30231205,1.1242687e-05
urn:harmonic:company:10598635,1.124259e-05
urn:harmonic:company:6832097,1.1242118e-05
urn:harmonic:company:10120523,1.1241206e-05
urn:harmonic:company:4509827,1.1240895e-05
urn:harmonic:company:5168850,1.1237048e-05
urn:harmonic:company:12867019,1.1233031e-05
urn:harmonic:company:35015770,1.1228992e-05
urn:harmonic:company:3355474,1.1224442e-05
urn:harmonic:company:801657,1.1222205e-05
urn:harmonic:company:12848691,1.1221916e-05
urn:harmonic:company:1565023,1.1217465e-05
urn:harmonic:company:43299352,1.1216406e-05
urn:harmonic:company:1509778,1.1210631e-05
urn:harmonic:company:792894,1.1208119e-05
urn:harmonic:company:1432999,1.1205842e-05
urn:harmonic:company:553536,1.120441e-05
urn:harmonic:company:1489862,1.1202316e-05
urn:harmonic:company:4420133,1.1202177e-05
urn:harmonic:company:4063414,1.119452e-05
urn:harmonic:company:4115804,1.119404e-05
urn:harmonic:company:1479301,1.119071e-05
urn:harmonic:company:16367820,1.1189514e-05
urn:harmonic:company:36578837,1.11887675e-05
urn:harmonic:company:35545378,1.118833e-05
urn:harmonic:company:10677109,1.1187509e-05
urn:harmonic:company:10746948,1.1187476e-05
urn:harmonic:company:40749485,1.1184767e-05
urn:harmonic:company:3377710,1.11842655e-05
urn:harmonic:company:801798,1.11837435e-05
urn:harmonic:company:699872,1.1183145e-05
urn:harmonic:company:6569977,1.1178806e-05
urn:harmonic:company:3549442,1.1178475e-05
urn:harmonic:company:10562223,1.1176343e-05
urn:harmonic:company:3633936,1.1172688e-05
urn:harmonic:company:5181277,1.1167437e-05
urn:harmonic:company:4294978,1.11611125e-05
urn:harmonic:company:3984974,1.11589525e-05
urn:harmonic:company:10329310,1.1154866e-05
urn:harmonic:company:1559956,1.1150388e-05
urn:harmonic:company:2021213,1.1149836e-05
urn:harmonic:company:1433332,1.1149739e-05
urn:harmonic:company:1473098,1.11485915e-05
urn:harmonic:company:12808039,1.1142777e-05
urn:harmonic:company:664617,1.1142406e-05
urn:harmonic:company:4094160,1.113755e-05
urn:harmonic:company:2107677,1.1134088e-05
urn:harmonic:company:10842605,1.113378e-05
urn:harmonic:company:6495936,1.1133493e-05
urn:harmonic:company:1572157,1.1130414e-05
urn:harmonic:company:12388366,1.1128483e-05
urn:harmonic:company:3627685,1.1122966e-05
urn:harmonic:company:11682389,1.1121842e-05
urn:harmonic:company:3123563,1.1121279e-05
urn:harmonic:company:516417,1.1120453e-05
urn:harmonic:company:512142,1.1118808e-05
urn:harmonic:company:44299,1.1115596e-05
urn:harmonic:company:7558331,1.1105297e-05
urn:harmonic:company:625698,1.1102279e-05
urn:harmonic:company:3821154,1.1100268e-05
urn:harmonic:company:12516505,1.109814e-05
urn:harmonic:company:10213827,1.1090353e-05
urn:harmonic:company:794981,1.1090311e-05
urn:harmonic:company:3767347,1.1088883e-05
urn:harmonic:company:10122881,1.1087731e-05
urn:harmonic:company:1763454,1.1081219e-05
urn:harmonic:company:16134117,1.1074552e-05
urn:harmonic:company:743313,1.1070931e-05
urn:harmonic:company:12773454,1.10686615e-05
urn:harmonic:company:3753963,1.1063163e-05
urn:harmonic:company:776368,1.106311e-05
urn:harmonic:company:879753,1.1058447e-05
urn:harmonic:company:341874,1.10563915e-05
urn:harmonic:company:8755777,1.10531655e-05
urn:harmonic:company:6812280,1.1052175e-05
urn:harmonic:company:10466667,1.1046537e-05
urn:harmonic:company:4178344,1.1044745e-05
urn:harmonic:company:3106340,1.1041671e-05
urn:harmonic:company:3954147,1.1041492e-05
urn:harmonic:company:6547406,1.1040397e-05
urn:harmonic:company:6658526,1.1039102e-05
urn:harmonic:company:39457130,1.1038838e-05
urn:harmonic:company:11377390,1.1037922e-05
urn:harmonic:company:1610203,1.1037565e-05
urn:harmonic:company:3066408,1.1034439e-05
urn:harmonic:company:4071062,1.1025183e-05
urn:harmonic:company:4534685,1.102165e-05
urn:harmonic:company:1842721,1.1020336e-05
urn:harmonic:company:423958,1.1020326e-05
urn:harmonic:company:633016,1.1014758e-05
urn:harmonic:company:11574210,1.1014264e-05
urn:harmonic:company:1431304,1.1013413e-05
urn:harmonic:company:11052840,1.1010168e-05
urn:harmonic:company:746412,1.1007942e-05
urn:harmonic:company:4079768,1.1007922e-05
urn:harmonic:company:614942,1.1005119e-05
urn:harmonic:company:11105587,1.1003387e-05
urn:harmonic:company:3847091,1.1002653e-05
urn:harmonic:company:1408799,1.10018445e-05
urn:harmonic:company:1671045,1.0996202e-05
urn:harmonic:company:669807,1.0995981e-05
urn:harmonic:company:4295638,1.0994618e-05
urn:harmonic:company:50518,1.0990047e-05
urn:harmonic:company:553256,1.0989398e-05
urn:harmonic:company:3152275,1.0984557e-05
urn:harmonic:company:4155080,1.0981561e-05
urn:harmonic:company:3211939,1.0980546e-05
urn:harmonic:company:4158403,1.0977739e-05
urn:harmonic:company:15579654,1.097576e-05
urn:harmonic:company:8775625,1.0972475e-05
urn:harmonic:company:6540,1.0972202e-05
urn:harmonic:company:37220103,1.0970571e-05
urn:harmonic:company:35102856,1.0966867e-05
urn:harmonic:company:619418,1.0964285e-05
urn:harmonic:company:3258041,1.0964222e-05
urn:harmonic:company:12523824,1.0962789e-05
urn:harmonic:company:1598264,1.0960782e-05
urn:harmonic:company:1983358,1.09595285e-05
urn:harmonic:company:4235423,1.0958316e-05
urn:harmonic:company:44553281,1.0958284e-05
urn:harmonic:company:1464600,1.0957751e-05
urn:harmonic:company:6520735,1.0946627e-05
urn:harmonic:company:1896936,1.094431e-05
urn:harmonic:company:4434883,1.0943235e-05
urn:harmonic:company:34877937,1.0936558e-05
urn:harmonic:company:3942641,1.0923862e-05
urn:harmonic:company:10933545,1.0923435e-05
urn:harmonic:company:1521212,1.0922154e-05
urn:harmonic:company:3066758,1.0918404e-05
urn:harmonic:company:56302,1.0918019e-05
urn:harmonic:company:1969663,1.0916708e-05
urn:harmonic:company:12475825,1.0915052e-05
urn:harmonic:company:6809029,1.0914625e-05
urn:harmonic:company:3599327,1.0913523e-05
urn:harmonic:company:691204,1.091271e-05
urn:harmonic:company:12963068,1.0911119e-05
urn:harmonic:company:25012415,1.0904368e-05
urn:harmonic:company:4202310,1.0900926e-05
urn:harmonic:company:1842702,1.0893941e-05
urn:harmonic:company:1535322,1.0893329e-05
urn:harmonic:company:3860514,1.0891054e-05
urn:harmonic:company:12550459,1.0882094e-05
urn:harmonic:company:1841078,1.0881306e-05
urn:harmonic:company:3249793,1.0878037e-05
urn:harmonic:company:3261447,1.0874614e-05
urn:harmonic:company:19445830,1.087083e-05
urn:harmonic:company:1552270,1.086999e-05
urn:harmonic:company:4112351,1.0863337e-05
urn:harmonic:company:34449149,1.0861596e-05
urn:harmonic:company:7276095,1.0861307e-05
urn:harmonic:company:3192968,1.0859287e-05
urn:harmonic:company:625264,1.08583245e-05
urn:harmonic:company:11576474,1.08576405e-05
urn:harmonic:company:626507,1.0857237e-05
urn:harmonic:company:635441,1.0851833e-05
urn:harmonic:company:1842440,1.0851067e-05
urn:harmonic:company:37467183,1.084726e-05
urn:harmonic:company:11147292,1.0847125e-05
urn:harmonic:company:4296850,1.0845191e-05
urn:harmonic:company:34668037,1.0841737e-05
urn:harmonic:company:3330857,1.08401355e-05
urn:harmonic:company:19013770,1.0839731e-05
urn:harmonic:company:699706,1.0835142e-05
urn:harmonic:company:35082159,1.0833045e-05
urn:harmonic:company:33485543,1.0832839e-05
urn:harmonic:company:10457029,1.0832291e-05
urn:harmonic:company:674548,1.0831712e-05
urn:harmonic:company:21599786,1.0829317e-05
urn:harmonic:company:1907462,1.0828336e-05
urn:harmonic:company:12412906,1.0827695e-05
urn:harmonic:company:21519059,1.0826673e-05
urn:harmonic:company:1804367,1.0824701e-05
urn:harmonic:company:3258370,1.0821832e-05
urn:harmonic:company:783853,1.082177e-05
urn:harmonic:company:12789927,1.0821666e-05
urn:harmonic:company:2138689,1.0821006e-05
urn:harmonic:company:4058415,1.0817827e-05
urn:harmonic:company:34807652,1.0813414e-05
urn:harmonic:company:3334781,1.0811877e-05
urn:harmonic:company:740113,1.0811753e-05
urn:harmonic:company:605215,1.0811588e-05
urn:harmonic:company:3251881,1.0811001e-05
urn:harmonic:company:766292,1.0810784e-05
urn:harmonic:company:678909,1.0809702e-05
urn:harmonic:company:3173651,1.0806218e-05
urn:harmonic:company:34706470,1.0806156e-05
urn:harmonic:company:11030465,1.08009735e-05
urn:harmonic:company:766861,1.0800468e-05
urn:harmonic:company:3390848,1.0800262e-05
urn:harmonic:company:10442243,1.0799656e-05
urn:harmonic:company:654890,1.07993255e-05
urn:harmonic:company:1837780,1.0797122e-05
urn:harmonic:company:2163506,1.0792365e-05
urn:harmonic:company:3893296,1.0787972e-05
urn:harmonic:company:169973,1.0787601e-05
urn:harmonic:company:11679625,1.07866545e-05
urn:harmonic:company:35140994,1.0785976e-05
urn:harmonic:company:170355,1.07839505e-05
urn:harmonic:company:2094262,1.0783076e-05
urn:harmonic:company:3641057,1.0782551e-05
urn:harmonic:company:774269,1.0780536e-05
urn:harmonic:company:486233,1.077811e-05
urn:harmonic:company:10774883,1.0777627e-05
urn:harmonic:company:4087602,1.0776826e-05
urn:harmonic:company:6175458,1.077661e-05
urn:harmonic:company:3428351,1.0771328e-05
urn:harmonic:company:1551641,1.0770074e-05
urn:harmonic:company:2130635,1.0768576e-05
urn:harmonic:company:2036807,1.0766933e-05
urn:harmonic:company:929,1.0753982e-05
urn:harmonic:company:651873,1.0749942e-05
urn:harmonic:company:3858523,1.0747687e-05
urn:harmonic:company:11472504,1.0740955e-05
urn:harmonic:company:2214549,1.0736173e-05
urn:harmonic:company:9594695,1.0733583e-05
urn:harmonic:company:3845513,1.0732528e-05
urn:harmonic:company:40675,1.0731136e-05
urn:harmonic:company:3345736,1.0725499e-05
urn:harmonic:company:17233,1.0724466e-05
urn:harmonic:company:683539,1.072375e-05
urn:harmonic:company:6571830,1.0720611e-05
urn:harmonic:company:654026,1.0720416e-05
urn:harmonic:company:3334733,1.0719588e-05
urn:harmonic:company:11225353,1.0718761e-05
urn:harmonic:company:1573370,1.0715275e-05
urn:harmonic:company:3636977,1.0709839e-05
urn:harmonic:company:1567594,1.0708022e-05
urn:harmonic:company:36812030,1.0706174e-05
urn:harmonic:company:1891969,1.070448e-05
urn:harmonic:company:11688107,1.0700091e-05
urn:harmonic:company:721387,1.0698468e-05
urn:harmonic:company:10642253,1.0692542e-05
urn:harmonic:company:777900,1.0688128e-05
urn:harmonic:company:2127006,1.0687221e-05
urn:harmonic:company:766245,1.0682676e-05
urn:harmonic:company:2107648,1.0681412e-05
urn:harmonic:company:641693,1.0680343e-05
urn:harmonic:company:1804388,1.0677084e-05
urn:harmonic:company:752832,1.0675068e-05
urn:harmonic:company:1647361,1.0671903e-05
urn:harmonic:company:718648,1.0671852e-05
urn:harmonic:company:4215280,1.0662381e-05
urn:harmonic:company:3068054,1.066052e-05
urn:harmonic:company:1840702,1.06594525e-05
urn:harmonic:company:11004418,1.0657613e-05
urn:harmonic:company:4142286,1.0656221e-05
urn:harmonic:company:601571,1.06531315e-05
urn:harmonic:company:752088,1.0647932e-05
urn:harmonic:company:3105932,1.0646743e-05
urn:harmonic:company:9451963,1.0645272e-05
urn:harmonic:company:2168330,1.0641617e-05
urn:harmonic:company:739668,1.0640856e-05
urn:harmonic:company:12884267,1.0634566e-05
urn:harmonic:company:769039,1.0634496e-05
urn:harmonic:company:31063595,1.0633167e-05
urn:harmonic:company:6385496,1.0628584e-05
urn:harmonic:company:10842627,1.0624814e-05
urn:harmonic:company:3973521,1.0621461e-05
urn:harmonic:company:2167278,1.0621156e-05
urn:harmonic:company:1464656,1.061899e-05
urn:harmonic:company:676180,1.0618038e-05
urn:harmonic:company:1433024,1.0612834e-05
urn:harmonic:company:106019,1.0612409e-05
urn:harmonic:company:12481424,1.0608787e-05
urn:harmonic:company:651225,1.0607654e-05
urn:harmonic:company:16063571,1.0602445e-05
urn:harmonic:company:46293396,1.06006155e-05
urn:harmonic:company:28418955,1.0594369e-05
urn:harmonic:company:2028024,1.0594369e-05
urn:harmonic:company:105802,1.059045e-05
urn:harmonic:company:3299942,1.0589006e-05
urn:harmonic:company:6473251,1.0587007e-05
urn:harmonic:company:41053635,1.0585018e-05
urn:harmonic:company:11265120,1.058421e-05
urn:harmonic:company:3404401,1.0581424e-05
urn:harmonic:company:3304054,1.0580143e-05
urn:harmonic:company:1519,1.0579628e-05
urn:harmonic:company:1632512,1.0578902e-05
urn:harmonic:company:3641278,1.057757e-05
urn:harmonic:company:659922,1.0577541e-05
urn:harmonic:company:726590,1.0575009e-05
urn:harmonic:company:35140922,1.057157e-05
urn:harmonic:company:11265106,1.0571107e-05
urn:harmonic:company:43284364,1.0570521e-05
urn:harmonic:company:4220104,1.0569998e-05
urn:harmonic:company:1775458,1.0569936e-05
urn:harmonic:company:6644640,1.056901e-05
urn:harmonic:company:4228452,1.0567014e-05
urn:harmonic:company:1464716,1.0564515e-05
urn:harmonic:company:2140523,1.0560557e-05
urn:harmonic:company:733340,1.0560365e-05
urn:harmonic:company:3717107,1.0555603e-05
urn:harmonic:company:12367127,1.055532e-05
urn:harmonic:company:801749,1.0553891e-05
urn:harmonic:company:12820418,1.0550762e-05
urn:harmonic:company:3130577,1.0549022e-05
urn:harmonic:company:3539968,1.0547593e-05
urn:harmonic:company:32689,1.0547442e-05
urn:harmonic:company:4416739,1.0547e-05
urn:harmonic:company:10948628,1.054192e-05
urn:harmonic:company:1775285,1.0538493e-05
urn:harmonic:company:3344057,1.0535921e-05
urn:harmonic:company:1815809,1.0533318e-05
urn:harmonic:company:814240,1.0529833e-05
urn:harmonic:company:25703,1.0529262e-05
urn:harmonic:company:12838616,1.0521291e-05
urn:harmonic:company:12455884,1.0515974e-05
urn:harmonic:company:5702380,1.0513378e-05
urn:harmonic:company:4301804,1.0513057e-05
urn:harmonic:company:3624230,1.0512345e-05
urn:harmonic:company:289855,1.0506472e-05
urn:harmonic:company:1817798,1.0504829e-05
urn:harmonic:company:106319,1.0504788e-05
urn:harmonic:company:3438426,1.0504488e-05
urn:harmonic:company:12525567,1.0501373e-05
urn:harmonic:company:4220989,1.0493654e-05
urn:harmonic:company:6809021,1.0493154e-05
urn:harmonic:company:3982035,1.0491954e-05
urn:harmonic:company:10969592,1.0491603e-05
urn:harmonic:company:1449224,1.0491302e-05
urn:harmonic:company:1431318,1.0490963e-05
urn:harmonic:company:800615,1.0488042e-05
urn:harmonic:company:3614568,1.0487242e-05
urn:harmonic:company:3067334,1.0486531e-05
urn:harmonic:company:30373057,1.04832125e-05
urn:harmonic:company:773034,1.0481843e-05
urn:harmonic:company:4117689,1.0480363e-05
urn:harmonic:company:5196604,1.0479654e-05
urn:harmonic:company:1422626,1.0476177e-05
urn:harmonic:company:1813792,1.04759065e-05
urn:harmonic:company:4634478,1.0474698e-05
urn:harmonic:company:37328167,1.04742985e-05
urn:harmonic:company:13041197,1.0471253e-05
urn:harmonic:company:3113934,1.0471253e-05
urn:harmonic:company:8941,1.0469615e-05
urn:harmonic:company:3320795,1.0463915e-05
urn:harmonic:company:2216675,1.0463096e-05
urn:harmonic:company:12631973,1.0461361e-05
urn:harmonic:company:2178489,1.0460862e-05
urn:harmonic:company:4535382,1.0458368e-05
urn:harmonic:company:14478726,1.0458159e-05
urn:harmonic:company:4051249,1.04567225e-05
urn:harmonic:company:11271145,1.0455047e-05
urn:harmonic:company:3665530,1.0452186e-05
urn:harmonic:company:10311379,1.0450581e-05
urn:harmonic:company:12474677,1.04423625e-05
urn:harmonic:company:687059,1.0438837e-05
urn:harmonic:company:11253091,1.0436528e-05
urn:harmonic:company:2242532,1.0434488e-05
urn:harmonic:company:3524699,1.0434111e-05
urn:harmonic:company:1529145,1.0432597e-05
urn:harmonic:company:8816,1.0430399e-05
urn:harmonic:company:2254408,1.042483e-05
urn:harmonic:company:12550720,1.0423389e-05
urn:harmonic:company:654466,1.0417406e-05
urn:harmonic:company:7708289,1.0417367e-05
urn:harmonic:company:4077043,1.0416473e-05
urn:harmonic:company:3304995,1.0414019e-05
urn:harmonic:company:1982848,1.040689e-05
urn:harmonic:company:10286641,1.0403894e-05
urn:harmonic:company:11238359,1.0403388e-05
urn:harmonic:company:36417813,1.0394552e-05
urn:harmonic:company:4185722,1.0394106e-05
urn:harmonic:company:3387206,1.03875855e-05
urn:harmonic:company:1448989,1.0385941e-05
urn:harmonic:company:4385050,1.0383227e-05
urn:harmonic:company:6516060,1.0382386e-05
urn:harmonic:company:1958758,1.038099e-05
urn:harmonic:company:11102921,1.0378614e-05
urn:harmonic:company:683968,1.0378288e-05
urn:harmonic:company:671906,1.0375912e-05
urn:harmonic:company:106632,1.0375893e-05
urn:harmonic:company:1725031,1.0375299e-05
urn:harmonic:company:10167089,1.0372835e-05
urn:harmonic:company:774518,1.037152e-05
urn:harmonic:company:5134170,1.0367535e-05
urn:harmonic:company:57069,1.0367168e-05
urn:harmonic:company:616662,1.03645e-05
urn:harmonic:company:10265294,1.0362364e-05
urn:harmonic:company:38544436,1.0361564e-05
urn:harmonic:company:32164167,1.0360784e-05
urn:harmonic:company:21808467,1.0355618e-05
urn:harmonic:company:1696387,1.035461e-05
urn:harmonic:company:635899,1.0354333e-05
urn:harmonic:company:1834413,1.0353672e-05
urn:harmonic:company:1776,1.0352566e-05
urn:harmonic:company:1479297,1.0350197e-05
urn:harmonic:company:10776688,1.034772e-05
urn:harmonic:company:6675185,1.0347177e-05
urn:harmonic:company:672801,1.0346299e-05
urn:harmonic:company:4359048,1.0345904e-05
urn:harmonic:company:1943912,1.0343458e-05
urn:harmonic:company:4924803,1.034256e-05
urn:harmonic:company:3192028,1.034256e-05
urn:harmonic:company:29751055,1.0341929e-05
urn:harmonic:company:749467,1.0340548e-05
urn:harmonic:company:625041,1.0334594e-05
urn:harmonic:company:4883973,1.03288685e-05
urn:harmonic:company:49427915,1.0325994e-05
urn:harmonic:company:9124663,1.0323886e-05
urn:harmonic:company:2220923,1.0323403e-05
urn:harmonic:company:170101,1.0323128e-05
urn:harmonic:company:1576343,1.0320362e-05
urn:harmonic:company:4110393,1.0318955e-05
urn:harmonic:company:781570,1.0318521e-05
urn:harmonic:company:12418432,1.0316023e-05
urn:harmonic:company:10909920,1.0315845e-05
urn:harmonic:company:4482576,1.0315019e-05
urn:harmonic:company:1429774,1.0308479e-05
urn:harmonic:company:666843,1.0306178e-05
urn:harmonic:company:3628421,1.0306061e-05
urn:harmonic:company:793913,1.03000975e-05
urn:harmonic:company:13192575,1.0299764e-05
urn:harmonic:company:3209185,1.0292536e-05
urn:harmonic:company:47467530,1.0292203e-05
urn:harmonic:company:2224845,1.0291378e-05
urn:harmonic:company:615682,1.0289485e-05
urn:harmonic:company:10630255,1.0286266e-05
urn:harmonic:company:302373,1.0280588e-05
urn:harmonic:company:791519,1.0274021e-05
urn:harmonic:company:739115,1.027309e-05
urn:harmonic:company:752835,1.02678405e-05
urn:harmonic:company:1665521,1.0267537e-05
urn:harmonic:company:1681917,1.0264766e-05
urn:harmonic:company:49696841,1.0263503e-05
urn:harmonic:company:3270892,1.0262153e-05
urn:harmonic:company:1478815,1.0261761e-05
urn:harmonic:company:822724,1.0261194e-05
urn:harmonic:company:1448589,1.0259882e-05
urn:harmonic:company:774669,1.0259403e-05
urn:harmonic:company:2140492,1.02540525e-05
urn:harmonic:company:43607117,1.0253818e-05
urn:harmonic:company:12588068,1.0247747e-05
urn:harmonic:company:1448538,1.0247327e-05
urn:harmonic:company:11577439,1.0246848e-05
urn:harmonic:company:814117,1.0245421e-05
urn:harmonic:company:11162711,1.0242461e-05
urn:harmonic:company:663152,1.0241602e-05
urn:harmonic:company:10745652,1.0241494e-05
urn:harmonic:company:1943934,1.0241455e-05
urn:harmonic:company:1578821,1.0239649e-05
urn:harmonic:company:689974,1.0235987e-05
urn:harmonic:company:16033327,1.02354015e-05
urn:harmonic:company:8399397,1.02354015e-05
urn:harmonic:company:3796063,1.02354015e-05
urn:harmonic:company:17653665,1.02354015e-05
urn:harmonic:company:769159,1.0231937e-05
urn:harmonic:company:4309735,1.0231449e-05
urn:harmonic:company:2225275,1.0231372e-05
urn:harmonic:company:612396,1.0231176e-05
urn:harmonic:company:3540803,1.0229362e-05
urn:harmonic:company:3281369,1.0227195e-05
urn:harmonic:company:1966438,1.0226172e-05
urn:harmonic:company:3271316,1.0222954e-05
urn:harmonic:company:1537324,1.02204585e-05
urn:harmonic:company:761149,1.0220068e-05
urn:harmonic:company:4294497,1.0216016e-05
urn:harmonic:company:1409001,1.0214758e-05
urn:harmonic:company:23447951,1.02124495e-05
urn:harmonic:company:42061530,1.0211992e-05
urn:harmonic:company:10579201,1.0209022e-05
urn:harmonic:company:676752,1.0207309e-05
urn:harmonic:company:687210,1.0204583e-05
urn:harmonic:company:770002,1.02037175e-05
urn:harmonic:company:6678348,1.0201411e-05
urn:harmonic:company:3631100,1.0199641e-05
urn:harmonic:company:3409268,1.01982405e-05
urn:harmonic:company:1730069,1.0197472e-05
urn:harmonic:company:461732,1.0196071e-05
urn:harmonic:company:2229452,1.0194691e-05
urn:harmonic:company:4574378,1.0192912e-05
urn:harmonic:company:2107661,1.0191065e-05
urn:harmonic:company:41784161,1.0190356e-05
urn:harmonic:company:3251615,1.0188625e-05
urn:harmonic:company:1967299,1.01851965e-05
urn:harmonic:company:3276642,1.0184837e-05
urn:harmonic:company:2110322,1.01843425e-05
urn:harmonic:company:6704783,1.0180186e-05
urn:harmonic:company:12590287,1.0176604e-05
urn:harmonic:company:1937216,1.0175605e-05
urn:harmonic:company:4385066,1.0168834e-05
urn:harmonic:company:47248795,1.0166632e-05
urn:harmonic:company:1756125,1.0165381e-05
urn:harmonic:company:12458747,1.0160613e-05
urn:harmonic:company:3698977,1.0160148e-05
urn:harmonic:company:554497,1.0158801e-05
urn:harmonic:company:1796398,1.015482e-05
urn:harmonic:company:660568,1.0153454e-05
urn:harmonic:company:12884281,1.0151519e-05
urn:harmonic:company:11196562,1.0150444e-05
urn:harmonic:company:1490462,1.0147492e-05
urn:harmonic:company:11439717,1.0144976e-05
urn:harmonic:company:1836888,1.0143883e-05
urn:harmonic:company:10998746,1.0141967e-05
urn:harmonic:company:12330171,1.01381775e-05
urn:harmonic:company:9380218,1.0136514e-05
urn:harmonic:company:37108319,1.0135277e-05
urn:harmonic:company:3060082,1.0134156e-05
urn:harmonic:company:13008610,1.0133044e-05
urn:harmonic:company:24164178,1.0132832e-05
urn:harmonic:company:3271450,1.0132281e-05
urn:harmonic:company:169974,1.0130861e-05
urn:harmonic:company:794844,1.0126408e-05
urn:harmonic:company:10240063,1.0123463e-05
urn:harmonic:company:1543329,1.0121869e-05
urn:harmonic:company:3272545,1.0121551e-05
urn:harmonic:company:12633149,1.0121135e-05
urn:harmonic:company:775439,1.0121126e-05
urn:harmonic:company:680004,1.012075e-05
urn:harmonic:company:179149,1.012047e-05
urn:harmonic:company:12479929,1.0119544e-05
urn:harmonic:company:6818,1.0117131e-05
urn:harmonic:company:36995265,1.0116649e-05
urn:harmonic:company:4538903,1.0115346e-05
urn:harmonic:company:39007264,1.0113571e-05
urn:harmonic:company:6590199,1.0109744e-05
urn:harmonic:company:3242035,1.0108519e-05
urn:harmonic:company:1998973,1.0108297e-05
urn:harmonic:company:1514175,1.0105734e-05
urn:harmonic:company:3249927,1.0101889e-05
urn:harmonic:company:34779693,1.0098767e-05
urn:harmonic:company:10860883,1.0098662e-05
urn:harmonic:company:756166,1.00974485e-05
urn:harmonic:company:1828994,1.0096678e-05
urn:harmonic:company:584796,1.0094031e-05
urn:harmonic:company:1811626,1.0092759e-05
urn:harmonic:company:621273,1.0089892e-05
urn:harmonic:company:11937560,1.0089787e-05
urn:harmonic:company:7920541,1.0089027e-05
urn:harmonic:company:3186160,1.0087525e-05
urn:harmonic:company:10273945,1.0086034e-05
urn:harmonic:company:12971223,1.0084043e-05
urn:harmonic:company:12818411,1.0079852e-05
urn:harmonic:company:3270610,1.0079111e-05
urn:harmonic:company:601778,1.00752095e-05
urn:harmonic:company:1529677,1.0073125e-05
urn:harmonic:company:4295768,1.007226e-05
urn:harmonic:company:3212558,1.0068639e-05
urn:harmonic:company:3929867,1.0067737e-05
urn:harmonic:company:617312,1.0066364e-05
urn:harmonic:company:669244,1.00663065e-05
urn:harmonic:company:10857355,1.0061776e-05
urn:harmonic:company:2189870,1.0060644e-05
urn:harmonic:company:6751734,1.0059522e-05
urn:harmonic:company:1828215,1.0053681e-05
urn:harmonic:company:1565520,1.0049482e-05
urn:harmonic:company:10594069,1.0049204e-05
urn:harmonic:company:12839568,1.0046521e-05
urn:harmonic:company:1410516,1.0040975e-05
urn:harmonic:company:47834519,1.0040497e-05
urn:harmonic:company:1605163,1.0040468e-05
urn:harmonic:company:4517331,1.0034208e-05
urn:harmonic:company:2231504,1.0033107e-05
urn:harmonic:company:705275,1.0032351e-05
urn:harmonic:company:691270,1.0031462e-05
urn:harmonic:company:4138328,1.00289935e-05
urn:harmonic:company:1891475,1.00270145e-05
urn:harmonic:company:3965894,1.0021469e-05
urn:harmonic:company:1482455,1.0020763e-05
urn:harmonic:company:1929,1.00205525e-05
urn:harmonic:company:521499,1.00199695e-05
urn:harmonic:company:10170893,1.0018517e-05
urn:harmonic:company:697985,1.00162715e-05
urn:harmonic:company:4106284,1.0015718e-05
urn:harmonic:company:3248349,1.0012585e-05
urn:harmonic:company:10238059,1.0012137e-05
urn:harmonic:company:10912909,1.0010141e-05
urn:harmonic:company:4432547,1.0008881e-05
urn:harmonic:company:12968901,1.00085945e-05
urn:harmonic:company:2121134,1.0008556e-05
urn:harmonic:company:13230282,1.0006113e-05
urn:harmonic:company:3702726,1.0006037e-05
urn:harmonic:company:694765,1.0006018e-05
urn:harmonic:company:5115270,1.000534e-05
urn:harmonic:company:25404432,1.0000075e-05
urn:harmonic:company:626483,9.9999215e-06
urn:harmonic:company:7354924,9.999398e-06
urn:harmonic:company:1796784,9.996795e-06
urn:harmonic:company:36305595,9.994984e-06
urn:harmonic:company:4115672,9.9908e-06
urn:harmonic:company:1997558,9.9886465e-06
urn:harmonic:company:3623535,9.986476e-06
urn:harmonic:company:3861468,9.98497e-06
urn:harmonic:company:3404903,9.980791e-06
urn:harmonic:company:6506138,9.98021e-06
urn:harmonic:company:763926,9.979621e-06
urn:harmonic:company:4639090,9.978184e-06
urn:harmonic:company:2068884,9.972999e-06
urn:harmonic:company:3219453,9.969879e-06
urn:harmonic:company:496799,9.968121e-06
urn:harmonic:company:1938873,9.964528e-06
urn:harmonic:company:2202889,9.964424e-06
urn:harmonic:company:711330,9.963207e-06
urn:harmonic:company:2253762,9.961222e-06
urn:harmonic:company:1617971,9.9567205e-06
urn:harmonic:company:3138944,9.956587e-06
urn:harmonic:company:20141728,9.955875e-06
urn:harmonic:company:4076993,9.955257e-06
urn:harmonic:company:580356,9.955182e-06
urn:harmonic:company:16186210,9.954897e-06
urn:harmonic:company:1792320,9.950673e-06
urn:harmonic:company:755365,9.950436e-06
urn:harmonic:company:1840746,9.947713e-06
urn:harmonic:company:12578089,9.944127e-06
urn:harmonic:company:2235466,9.943615e-06
urn:harmonic:company:36630172,9.942298e-06
urn:harmonic:company:105921,9.942269e-06
urn:harmonic:company:2241211,9.939918e-06
urn:harmonic:company:553444,9.937994e-06
urn:harmonic:company:2220726,9.936942e-06
urn:harmonic:company:1793649,9.936762e-06
urn:harmonic:company:1886818,9.934857e-06
urn:harmonic:company:761982,9.931892e-06
urn:harmonic:company:3965100,9.930169e-06
urn:harmonic:company:1547145,9.9284825e-06
urn:harmonic:company:3648410,9.927366e-06
urn:harmonic:company:3933330,9.926106e-06
urn:harmonic:company:16203599,9.926041e-06
urn:harmonic:company:4414953,9.922756e-06
urn:harmonic:company:4294811,9.922226e-06
urn:harmonic:company:36546966,9.921526e-06
urn:harmonic:company:18906447,9.919841e-06
urn:harmonic:company:4096486,9.912532e-06
urn:harmonic:company:1987914,9.912427e-06
urn:harmonic:company:635651,9.910811e-06
urn:harmonic:company:25693,9.907306e-06
urn:harmonic:company:4287627,9.906512e-06
urn:harmonic:company:681387,9.905076e-06
urn:harmonic:company:34891493,9.904812e-06
urn:harmonic:company:12173003,9.903829e-06
urn:harmonic:company:624902,9.901941e-06
urn:harmonic:company:10329876,9.901903e-06
urn:harmonic:company:1589697,9.9018935e-06
urn:harmonic:company:19642191,9.900873e-06
urn:harmonic:company:2130669,9.9003255e-06
urn:harmonic:company:2001966,9.899259e-06
urn:harmonic:company:2098974,9.897654e-06
urn:harmonic:company:7490081,9.893096e-06
urn:harmonic:company:6547817,9.889247e-06
urn:harmonic:company:4461184,9.887286e-06
urn:harmonic:company:10860859,9.886626e-06
urn:harmonic:company:160402,9.88409e-06
urn:harmonic:company:44200,9.872032e-06
urn:harmonic:company:1835571,9.8695755e-06
urn:harmonic:company:814085,9.869566e-06
urn:harmonic:company:3309309,9.867881e-06
urn:harmonic:company:1904519,9.867721e-06
urn:harmonic:company:1449353,9.866027e-06
urn:harmonic:company:18971941,9.864428e-06
urn:harmonic:company:12694902,9.864259e-06
urn:harmonic:company:4130670,9.863431e-06
urn:harmonic:company:1477249,9.861663e-06
urn:harmonic:company:1734523,9.861418e-06
urn:harmonic:company:3340965,9.857346e-06
urn:harmonic:company:593186,9.853869e-06
urn:harmonic:company:752808,9.846298e-06
urn:harmonic:company:3330788,9.8445325e-06
urn:harmonic:company:4462265,9.843585e-06
urn:harmonic:company:11550732,9.8412465e-06
urn:harmonic:company:47954164,9.839811e-06
urn:harmonic:company:12460267,9.837579e-06
urn:harmonic:company:6702762,9.834933e-06
urn:harmonic:company:13499332,9.830986e-06
urn:harmonic:company:197393,9.830947e-06
urn:harmonic:company:3321124,9.8301225e-06
urn:harmonic:company:601507,9.829626e-06
urn:harmonic:company:3954132,9.824536e-06
urn:harmonic:company:12179894,9.820546e-06
urn:harmonic:company:36892240,9.819694e-06
urn:harmonic:company:1982367,9.819151e-06
urn:harmonic:company:2156729,9.81902e-06
urn:harmonic:company:1572152,9.817054e-06
urn:harmonic:company:4056431,9.816642e-06
urn:harmonic:company:37389916,9.816033e-06
urn:harmonic:company:11194758,9.813132e-06
urn:harmonic:company:48128337,9.81127e-06
urn:harmonic:company:106321,9.808753e-06
urn:harmonic:company:4813203,9.806939e-06
urn:harmonic:company:47155120,9.806031e-06
urn:harmonic:company:1598504,9.8048995e-06
urn:harmonic:company:9535241,9.804731e-06
urn:harmonic:company:1430956,9.801843e-06
urn:harmonic:company:48187608,9.7975435e-06
urn:harmonic:company:623346,9.796852e-06
urn:harmonic:company:10960408,9.779797e-06
urn:harmonic:company:12479706,9.777988e-06
urn:harmonic:company:10499033,9.777969e-06
urn:harmonic:company:22432224,9.777084e-06
urn:harmonic:company:3241835,9.775061e-06
urn:harmonic:company:4816986,9.773672e-06
urn:harmonic:company:1458787,9.771258e-06
urn:harmonic:company:10860856,9.771025e-06
urn:harmonic:company:1439620,9.769404e-06
urn:harmonic:company:698036,9.76755e-06
urn:harmonic:company:4694900,9.763619e-06
urn:harmonic:company:1842268,9.762744e-06
urn:harmonic:company:2161960,9.760902e-06
urn:harmonic:company:105657,9.760762e-06
urn:harmonic:company:733372,9.759152e-06
urn:harmonic:company:1763,9.757644e-06
urn:harmonic:company:36583351,9.7463635e-06
urn:harmonic:company:4168738,9.745694e-06
urn:harmonic:company:668081,9.742014e-06
urn:harmonic:company:3578459,9.741986e-06
urn:harmonic:company:2259732,9.739237e-06
urn:harmonic:company:4244909,9.739181e-06
urn:harmonic:company:3174971,9.736988e-06
urn:harmonic:company:36851456,9.735122e-06
urn:harmonic:company:6703787,9.735002e-06
urn:harmonic:company:11449178,9.734537e-06
urn:harmonic:company:663296,9.728338e-06
urn:harmonic:company:2230486,9.728106e-06
urn:harmonic:company:3973414,9.7278935e-06
urn:harmonic:company:6638,9.722792e-06
urn:harmonic:company:748661,9.722125e-06
urn:harmonic:company:1669496,9.7217535e-06
urn:harmonic:company:6755919,9.721216e-06
urn:harmonic:company:2136836,9.720446e-06
urn:harmonic:company:1492308,9.717786e-06
urn:harmonic:company:12856580,9.716526e-06
urn:harmonic:company:4219743,9.7151915e-06
urn:harmonic:company:4091357,9.71295e-06
urn:harmonic:company:13415068,9.709365e-06
urn:harmonic:company:768683,9.707476e-06
urn:harmonic:company:2232277,9.706671e-06
urn:harmonic:company:12455397,9.705255e-06
urn:harmonic:company:1848,9.703951e-06
urn:harmonic:company:3576787,9.703617e-06
urn:harmonic:company:38437892,9.7035345e-06
urn:harmonic:company:1574924,9.700943e-06
urn:harmonic:company:42615967,9.699305e-06
urn:harmonic:company:613089,9.697965e-06
urn:harmonic:company:6665140,9.695755e-06
urn:harmonic:company:3264853,9.692898e-06
urn:harmonic:company:4463114,9.691668e-06
urn:harmonic:company:740134,9.689404e-06
urn:harmonic:company:12483711,9.68655e-06
urn:harmonic:company:1389615,9.683317e-06
urn:harmonic:company:1581064,9.681997e-06
urn:harmonic:company:18940546,9.679587e-06
urn:harmonic:company:1706981,9.677713e-06
urn:harmonic:company:3949096,9.670028e-06
urn:harmonic:company:4295570,9.66917e-06
urn:harmonic:company:3319653,9.669142e-06
urn:harmonic:company:10681387,9.666893e-06
urn:harmonic:company:12412304,9.664183e-06
urn:harmonic:company:6304944,9.663907e-06
urn:harmonic:company:4123581,9.663676e-06
urn:harmonic:company:674479,9.661548e-06
urn:harmonic:company:3929256,9.659678e-06
urn:harmonic:company:1479310,9.659235e-06
urn:harmonic:company:1510302,9.659097e-06
urn:harmonic:company:801602,9.65871e-06
urn:harmonic:company:12479942,9.658333e-06
urn:harmonic:company:745563,9.6583235e-06
urn:harmonic:company:679076,9.657642e-06
urn:harmonic:company:3248464,9.657181e-06
urn:harmonic:company:636984,9.657172e-06
urn:harmonic:company:169999,9.650773e-06
urn:harmonic:company:32227508,9.650304e-06
urn:harmonic:company:3143623,9.649356e-06
urn:harmonic:company:655872,9.648703e-06
urn:harmonic:company:12524678,9.648491e-06
urn:harmonic:company:10553119,9.645777e-06
urn:harmonic:company:794581,9.645602e-06
urn:harmonic:company:49740,9.644158e-06
urn:harmonic:company:34899,9.642475e-06
urn:harmonic:company:43019545,9.6423555e-06
urn:harmonic:company:41906161,9.642071e-06
urn:harmonic:company:4019881,9.640232e-06
urn:harmonic:company:1429959,9.639386e-06
urn:harmonic:company:746249,9.638522e-06
urn:harmonic:company:4067922,9.638328e-06
urn:harmonic:company:1431207,9.637134e-06
urn:harmonic:company:4406088,9.634028e-06
urn:harmonic:company:3210631,9.632751e-06
urn:harmonic:company:4175060,9.632503e-06
urn:harmonic:company:4521034,9.630042e-06
urn:harmonic:company:148716,9.6267995e-06
urn:harmonic:company:6647244,9.626727e-06
urn:harmonic:company:627342,9.625827e-06
urn:harmonic:company:11463226,9.625699e-06
urn:harmonic:company:6509609,9.625588e-06
urn:harmonic:company:3270413,9.624927e-06
urn:harmonic:company:1775549,9.624431e-06
urn:harmonic:company:44312,9.624377e-06
urn:harmonic:company:11463558,9.6238355e-06
urn:harmonic:company:774412,9.6234135e-06
urn:harmonic:company:2151315,9.619688e-06
urn:harmonic:company:35619938,9.618605e-06
urn:harmonic:company:4365002,9.617524e-06
urn:harmonic:company:3678524,9.614057e-06
urn:harmonic:company:10170051,9.613515e-06
urn:harmonic:company:1400475,9.609299e-06
urn:harmonic:company:1676136,9.602181e-06
urn:harmonic:company:770937,9.5997e-06
urn:harmonic:company:4300558,9.595133e-06
urn:harmonic:company:3153266,9.590733e-06
urn:harmonic:company:1886457,9.590595e-06
urn:harmonic:company:1505159,9.590266e-06
urn:harmonic:company:3123100,9.589077e-06
urn:harmonic:company:6599695,9.588263e-06
urn:harmonic:company:746233,9.585969e-06
urn:harmonic:company:2087184,9.585877e-06
urn:harmonic:company:10349299,9.5833175e-06
urn:harmonic:company:1576137,9.579261e-06
urn:harmonic:company:9996573,9.577315e-06
urn:harmonic:company:1784173,9.574813e-06
urn:harmonic:company:1431237,9.566571e-06
urn:harmonic:company:3292109,9.566398e-06
urn:harmonic:company:105863,9.565421e-06
urn:harmonic:company:802516,9.561227e-06
urn:harmonic:company:4032482,9.5601135e-06
urn:harmonic:company:817069,9.559384e-06
urn:harmonic:company:4142545,9.555191e-06
urn:harmonic:company:11582956,9.55428e-06
urn:harmonic:company:3257808,9.553898e-06
urn:harmonic:company:2162132,9.54969e-06
urn:harmonic:company:1645070,9.549334e-06
urn:harmonic:company:11560850,9.545473e-06
urn:harmonic:company:630147,9.5442265e-06
urn:harmonic:company:1448892,9.541442e-06
urn:harmonic:company:601439,9.537084e-06
urn:harmonic:company:3211141,9.535274e-06
urn:harmonic:company:2152149,9.533511e-06
urn:harmonic:company:4590543,9.532765e-06
urn:harmonic:company:793435,9.532338e-06
urn:harmonic:company:1988396,9.529265e-06
urn:harmonic:company:2188985,9.527548e-06
urn:harmonic:company:672505,9.527239e-06
urn:harmonic:company:1430573,9.523478e-06
urn:harmonic:company:1678550,9.519819e-06
urn:harmonic:company:756708,9.512949e-06
urn:harmonic:company:3203310,9.512586e-06
urn:harmonic:company:673584,9.510609e-06
urn:harmonic:company:1790098,9.508749e-06
urn:harmonic:company:1448769,9.504706e-06
urn:harmonic:company:1499309,9.504506e-06
urn:harmonic:company:736272,9.501344e-06
urn:harmonic:company:1837923,9.499578e-06
urn:harmonic:company:10658279,9.498815e-06
urn:harmonic:company:1925026,9.498599e-06
urn:harmonic:company:1722707,9.496117e-06
urn:harmonic:company:652278,9.493346e-06
urn:harmonic:company:34781194,9.48978e-06
urn:harmonic:company:10995277,9.481475e-06
urn:harmonic:company:1731554,9.478392e-06
urn:harmonic:company:18393599,9.47804e-06
urn:harmonic:company:40757985,9.477551e-06
urn:harmonic:company:4892645,9.476729e-06
urn:harmonic:company:554593,9.474118e-06
urn:harmonic:company:684707,9.473287e-06
urn:harmonic:company:6702719,9.472925e-06
urn:harmonic:company:681655,9.467967e-06
urn:harmonic:company:666774,9.4674615e-06
urn:harmonic:company:2106927,9.467371e-06
urn:harmonic:company:4255358,9.46534e-06
urn:harmonic:company:1983304,9.463697e-06
urn:harmonic:company:1498679,9.462678e-06
urn:harmonic:company:4495698,9.453532e-06
urn:harmonic:company:1589160,9.452152e-06
urn:harmonic:company:106014,9.4510515e-06
urn:harmonic:company:1601863,9.450782e-06
urn:harmonic:company:10323173,9.447078e-06
urn:harmonic:company:1835751,9.4456545e-06
urn:harmonic:company:1841119,9.444403e-06
urn:harmonic:company:2240562,9.4426105e-06
urn:harmonic:company:3304053,9.437543e-06
urn:harmonic:company:680990,9.437525e-06
urn:harmonic:company:719555,9.432962e-06
urn:harmonic:company:607074,9.430848e-06
urn:harmonic:company:3716151,9.429661e-06
urn:harmonic:company:773041,9.428619e-06
urn:harmonic:company:822958,9.428195e-06
urn:harmonic:company:2225667,9.427836e-06
urn:harmonic:company:3567486,9.424572e-06
urn:harmonic:company:9333591,9.423486e-06
urn:harmonic:company:34587711,9.422901e-06
urn:harmonic:company:3786025,9.422694e-06
urn:harmonic:company:6522,9.422613e-06
urn:harmonic:company:1271530,9.420736e-06
urn:harmonic:company:4955701,9.4162e-06
urn:harmonic:company:637940,9.415024e-06
urn:harmonic:company:795813,9.414889e-06
urn:harmonic:company:4297441,9.409835e-06
urn:harmonic:company:12456506,9.406587e-06
urn:harmonic:company:11134533,9.404955e-06
urn:harmonic:company:725136,9.404569e-06
urn:harmonic:company:4141070,9.403888e-06
urn:harmonic:company:772462,9.402408e-06
urn:harmonic:company:3309753,9.4011075e-06
urn:harmonic:company:1747291,9.401e-06
urn:harmonic:company:4393709,9.399511e-06
urn:harmonic:company:1618153,9.398302e-06
urn:harmonic:company:10318897,9.394636e-06
urn:harmonic:company:26041539,9.394108e-06
urn:harmonic:company:1449248,9.394027e-06
urn:harmonic:company:3178117,9.394001e-06
urn:harmonic:company:15594092,9.393535e-06
urn:harmonic:company:11397380,9.392164e-06
urn:harmonic:company:606256,9.3910085e-06
urn:harmonic:company:2107123,9.3907665e-06
urn:harmonic:company:3320552,9.389083e-06
urn:harmonic:company:608056,9.38484e-06
urn:harmonic:company:3101606,9.384419e-06
urn:harmonic:company:635287,9.3840345e-06
urn:harmonic:company:13385737,9.383444e-06
urn:harmonic:company:16367109,9.3810195e-06
urn:harmonic:company:4258293,9.379695e-06
urn:harmonic:company:41413533,9.377343e-06
urn:harmonic:company:10175901,9.374786e-06
urn:harmonic:company:792413,9.373168e-06
urn:harmonic:company:3442708,9.371943e-06
urn:harmonic:company:4413238,9.369111e-06
urn:harmonic:company:11560634,9.368065e-06
urn:harmonic:company:1229088,9.364251e-06
urn:harmonic:company:10567740,9.358162e-06
urn:harmonic:company:49755153,9.357546e-06
urn:harmonic:company:31562793,9.355575e-06
urn:harmonic:company:647025,9.351596e-06
urn:harmonic:company:2151218,9.345454e-06
urn:harmonic:company:6824350,9.343858e-06
urn:harmonic:company:4532116,9.343145e-06
urn:harmonic:company:1429763,9.341988e-06
urn:harmonic:company:10823285,9.341613e-06
urn:harmonic:company:1422122,9.338433e-06
urn:harmonic:company:3052896,9.338033e-06
urn:harmonic:company:12882273,9.3352455e-06
urn:harmonic:company:3669373,9.333252e-06
urn:harmonic:company:768422,9.332895e-06
urn:harmonic:company:10869376,9.332629e-06
urn:harmonic:company:669621,9.332139e-06
urn:harmonic:company:7442911,9.330991e-06
urn:harmonic:company:760941,9.328837e-06
urn:harmonic:company:3294487,9.328055e-06
urn:harmonic:company:1785521,9.327343e-06
urn:harmonic:company:4116770,9.325902e-06
urn:harmonic:company:9579409,9.324746e-06
urn:harmonic:company:675651,9.324035e-06
urn:harmonic:company:11280857,9.323181e-06
urn:harmonic:company:3724872,9.318665e-06
urn:harmonic:company:107188,9.318391e-06
urn:harmonic:company:37035465,9.317786e-06
urn:harmonic:company:3637843,9.317048e-06
urn:harmonic:company:12457684,9.3129e-06
urn:harmonic:company:1423416,9.310591e-06
urn:harmonic:company:1619326,9.310334e-06
urn:harmonic:company:1546632,9.307395e-06
urn:harmonic:company:6836908,9.305771e-06
urn:harmonic:company:12185999,9.302408e-06
urn:harmonic:company:603804,9.302159e-06
urn:harmonic:company:2057794,9.301148e-06
urn:harmonic:company:1942451,9.298594e-06
urn:harmonic:company:12889278,9.291175e-06
urn:harmonic:company:654251,9.28888e-06
urn:harmonic:company:3236165,9.284576e-06
urn:harmonic:company:2081822,9.283124e-06
urn:harmonic:company:4088880,9.279193e-06
urn:harmonic:company:2171311,9.278522e-06
urn:harmonic:company:1423292,9.276964e-06
urn:harmonic:company:4488834,9.273488e-06
urn:harmonic:company:483557,9.271826e-06
urn:harmonic:company:12585315,9.268042e-06
urn:harmonic:company:647789,9.26517e-06
urn:harmonic:company:2128834,9.265108e-06
urn:harmonic:company:2735030,9.264842e-06
urn:harmonic:company:3625879,9.260443e-06
urn:harmonic:company:16208436,9.259932e-06
urn:harmonic:company:1795761,9.258986e-06
urn:harmonic:company:1581185,9.258404e-06
urn:harmonic:company:18862613,9.257133e-06
urn:harmonic:company:707559,9.256461e-06
urn:harmonic:company:43467614,9.256038e-06
urn:harmonic:company:4047803,9.254572e-06
urn:harmonic:company:3182976,9.253548e-06
urn:harmonic:company:630023,9.253002e-06
urn:harmonic:company:36890384,9.251696e-06
urn:harmonic:company:3361545,9.24927e-06
urn:harmonic:company:792733,9.248837e-06
urn:harmonic:company:637970,9.248829e-06
urn:harmonic:company:1838190,9.246597e-06
urn:harmonic:company:4136969,9.246007e-06
urn:harmonic:company:3330585,9.243961e-06
urn:harmonic:company:6491241,9.242815e-06
urn:harmonic:company:42278215,9.241467e-06
urn:harmonic:company:4234504,9.240929e-06
urn:harmonic:company:10319764,9.240066e-06
urn:harmonic:company:3864270,9.236542e-06
urn:harmonic:company:49416701,9.231637e-06
urn:harmonic:company:4640158,9.226646e-06
urn:harmonic:company:2174944,9.2242535e-06
urn:harmonic:company:731364,9.223725e-06
urn:harmonic:company:4533503,9.221596e-06
urn:harmonic:company:11963752,9.218888e-06
urn:harmonic:company:11531685,9.216752e-06
urn:harmonic:company:754128,9.21619e-06
urn:harmonic:company:44112593,9.2121745e-06
urn:harmonic:company:27222261,9.2095215e-06
urn:harmonic:company:2026502,9.207115e-06
urn:harmonic:company:4295903,9.20657e-06
urn:harmonic:company:10278428,9.206483e-06
urn:harmonic:company:1776020,9.205833e-06
urn:harmonic:company:4487243,9.204464e-06
urn:harmonic:company:7560401,9.203875e-06
urn:harmonic:company:34702871,9.202945e-06
urn:harmonic:company:11291460,9.2023665e-06
urn:harmonic:company:1430233,9.196742e-06
urn:harmonic:company:631948,9.196532e-06
urn:harmonic:company:11823751,9.196374e-06
urn:harmonic:company:34838159,9.194428e-06
urn:harmonic:company:738360,9.193954e-06
urn:harmonic:company:3633013,9.193304e-06
urn:harmonic:company:3211488,9.190149e-06
urn:harmonic:company:4430955,9.18858e-06
urn:harmonic:company:1430778,9.185023e-06
urn:harmonic:company:3245921,9.18378e-06
urn:harmonic:company:2137954,9.1835345e-06
urn:harmonic:company:3483410,9.182598e-06
urn:harmonic:company:3369757,9.179524e-06
urn:harmonic:company:3270196,9.175437e-06
urn:harmonic:company:11056620,9.174326e-06
urn:harmonic:company:478143,9.173556e-06
urn:harmonic:company:48065019,9.1729435e-06
urn:harmonic:company:47005330,9.166149e-06
urn:harmonic:company:794768,9.162723e-06
urn:harmonic:company:6439423,9.161691e-06
urn:harmonic:company:3934398,9.161124e-06
urn:harmonic:company:737017,9.1611155e-06
urn:harmonic:company:4049923,9.158704e-06
urn:harmonic:company:1432986,9.15501e-06
urn:harmonic:company:615273,9.154809e-06
urn:harmonic:company:802508,9.153849e-06
urn:harmonic:company:105656,9.153037e-06
urn:harmonic:company:7490201,9.1522425e-06
urn:harmonic:company:1586913,9.149302e-06
urn:harmonic:company:601038,9.147391e-06
urn:harmonic:company:4532036,9.14624e-06
urn:harmonic:company:4158442,9.145926e-06
urn:harmonic:company:10622417,9.142455e-06
urn:harmonic:company:3573436,9.142054e-06
urn:harmonic:company:18188838,9.140895e-06
urn:harmonic:company:532829,9.140467e-06
urn:harmonic:company:1491142,9.136711e-06
urn:harmonic:company:9647493,9.136336e-06
urn:harmonic:company:438021,9.133183e-06
urn:harmonic:company:48406335,9.132835e-06
urn:harmonic:company:602110,9.132495e-06
urn:harmonic:company:12882454,9.130527e-06
urn:harmonic:company:634558,9.129743e-06
urn:harmonic:company:1842887,9.127359e-06
urn:harmonic:company:767168,9.126496e-06
urn:harmonic:company:1431289,9.125591e-06
urn:harmonic:company:1842230,9.122894e-06
urn:harmonic:company:23929507,9.121432e-06
urn:harmonic:company:44000725,9.119441e-06
urn:harmonic:company:770456,9.113703e-06
urn:harmonic:company:666858,9.112738e-06
urn:harmonic:company:745700,9.110773e-06
urn:harmonic:company:2231521,9.1099655e-06
urn:harmonic:company:47685003,9.107673e-06
urn:harmonic:company:3213593,9.104303e-06
urn:harmonic:company:3187410,9.10412e-06
urn:harmonic:company:708570,9.10044e-06
urn:harmonic:company:796781,9.094749e-06
urn:harmonic:company:3657151,9.092572e-06
urn:harmonic:company:1533001,9.088497e-06
urn:harmonic:company:2240775,9.088462e-06
urn:harmonic:company:12747040,9.0879685e-06
urn:harmonic:company:638296,9.087552e-06
urn:harmonic:company:3075765,9.08361e-06
urn:harmonic:company:10340553,9.082969e-06
urn:harmonic:company:3346473,9.0811245e-06
urn:harmonic:company:4109945,9.080163e-06
urn:harmonic:company:3197666,9.078847e-06
urn:harmonic:company:11551465,9.078527e-06
urn:harmonic:company:4298980,9.074519e-06
urn:harmonic:company:3644427,9.072865e-06
urn:harmonic:company:10349105,9.068117e-06
urn:harmonic:company:8954826,9.0681e-06
urn:harmonic:company:2106745,9.065851e-06
urn:harmonic:company:1546967,9.065826e-06
urn:harmonic:company:654708,9.06541e-06
urn:harmonic:company:12857968,9.06299e-06
urn:harmonic:company:4122122,9.060717e-06
urn:harmonic:company:1697995,9.059715e-06
urn:harmonic:company:12391708,9.059585e-06
urn:harmonic:company:791234,9.059154e-06
urn:harmonic:company:772824,9.058488e-06
urn:harmonic:company:3206777,9.05411e-06
urn:harmonic:company:49463,9.0536005e-06
urn:harmonic:company:3682732,9.050242e-06
urn:harmonic:company:1967615,9.049319e-06
urn:harmonic:company:4869329,9.047705e-06
urn:harmonic:company:785741,9.047411e-06
urn:harmonic:company:11064073,9.047377e-06
urn:harmonic:company:764670,9.047127e-06
urn:harmonic:company:1790582,9.045557e-06
urn:harmonic:company:170093,9.043167e-06
urn:harmonic:company:1718,9.040882e-06
urn:harmonic:company:601511,9.037952e-06
urn:harmonic:company:3862654,9.0353315e-06
urn:harmonic:company:3218778,9.035262e-06
urn:harmonic:company:11578421,9.034651e-06
urn:harmonic:company:3111864,9.034246e-06
urn:harmonic:company:10672256,9.028708e-06
urn:harmonic:company:12839571,9.022734e-06
urn:harmonic:company:3368552,9.0224075e-06
urn:harmonic:company:640078,9.016688e-06
urn:harmonic:company:10798610,9.013669e-06
urn:harmonic:company:793398,9.013549e-06
urn:harmonic:company:12524585,9.012071e-06
urn:harmonic:company:9006520,9.011521e-06
urn:harmonic:company:1448556,9.007362e-06
urn:harmonic:company:3676161,9.007044e-06
urn:harmonic:company:34965070,9.003824e-06
urn:harmonic:company:11293301,9.002459e-06
urn:harmonic:company:6600652,8.997069e-06
urn:harmonic:company:3964930,8.994495e-06
urn:harmonic:company:4393656,8.991665e-06
urn:harmonic:company:34852,8.990858e-06
urn:harmonic:company:4161915,8.989736e-06
urn:harmonic:company:21485709,8.9870955e-06
urn:harmonic:company:1499843,8.986187e-06
urn:harmonic:company:3333868,8.985972e-06
urn:harmonic:company:3363324,8.982914e-06
urn:harmonic:company:3644398,8.9805835e-06
urn:harmonic:company:613031,8.979273e-06
urn:harmonic:company:709786,8.979094e-06
urn:harmonic:company:12886217,8.978067e-06
urn:harmonic:company:757399,8.9758405e-06
urn:harmonic:company:4054310,8.975831e-06
urn:harmonic:company:738449,8.974599e-06
urn:harmonic:company:10990770,8.971117e-06
urn:harmonic:company:756671,8.970868e-06
urn:harmonic:company:704444,8.968097e-06
urn:harmonic:company:11677956,8.965822e-06
urn:harmonic:company:730666,8.962472e-06
urn:harmonic:company:5133451,8.961779e-06
urn:harmonic:company:3940110,8.960497e-06
urn:harmonic:company:12473777,8.957968e-06
urn:harmonic:company:3608274,8.956747e-06
urn:harmonic:company:3716514,8.956653e-06
urn:harmonic:company:7504746,8.955491e-06
urn:harmonic:company:2122446,8.954074e-06
urn:harmonic:company:3664627,8.952229e-06
urn:harmonic:company:2242782,8.9480045e-06
urn:harmonic:company:3201095,8.944054e-06
urn:harmonic:company:3536509,8.943525e-06
urn:harmonic:company:667492,8.940251e-06
urn:harmonic:company:663951,8.938145e-06
urn:harmonic:company:8079553,8.934182e-06
urn:harmonic:company:11574181,8.931056e-06
urn:harmonic:company:703756,8.930877e-06
urn:harmonic:company:35909749,8.930869e-06
urn:harmonic:company:765290,8.9305195e-06
urn:harmonic:company:12841164,8.928867e-06
urn:harmonic:company:4486893,8.92782e-06
urn:harmonic:company:8217426,8.927062e-06
urn:harmonic:company:1868441,8.9205005e-06
urn:harmonic:company:1785341,8.920441e-06
urn:harmonic:company:3216157,8.919046e-06
urn:harmonic:company:11458097,8.913145e-06
urn:harmonic:company:3377035,8.912252e-06
urn:harmonic:company:4214080,8.908106e-06
urn:harmonic:company:1777133,8.90791e-06
urn:harmonic:company:2007936,8.905056e-06
urn:harmonic:company:6628216,8.904089e-06
urn:harmonic:company:11119833,8.902967e-06
urn:harmonic:company:4116655,8.902331e-06
urn:harmonic:company:4629902,8.902127e-06
urn:harmonic:company:2094685,8.901592e-06
urn:harmonic:company:1464711,8.898163e-06
urn:harmonic:company:9344438,8.894473e-06
urn:harmonic:company:768464,8.893862e-06
urn:harmonic:company:739516,8.8900115e-06
urn:harmonic:company:39359130,8.889597e-06
urn:harmonic:company:3215549,8.887494e-06
urn:harmonic:company:3539291,8.88713e-06
urn:harmonic:company:735973,8.880928e-06
urn:harmonic:company:33020621,8.880615e-06
urn:harmonic:company:2238102,8.876153e-06
urn:harmonic:company:1837910,8.873537e-06
urn:harmonic:company:2162015,8.867201e-06
urn:harmonic:company:12466360,8.866719e-06
urn:harmonic:company:763882,8.866507e-06
urn:harmonic:company:3874653,8.865772e-06
urn:harmonic:company:4102470,8.8641655e-06
urn:harmonic:company:3233392,8.862788e-06
urn:harmonic:company:4150343,8.860456e-06
urn:harmonic:company:1569315,8.859044e-06
urn:harmonic:company:10506454,8.858428e-06
urn:harmonic:company:43677446,8.852634e-06
urn:harmonic:company:3186084,8.851883e-06
urn:harmonic:company:4344150,8.851267e-06
urn:harmonic:company:19330857,8.851072e-06
urn:harmonic:company:2104845,8.850625e-06
urn:harmonic:company:11251769,8.850077e-06
urn:harmonic:company:1585328,8.849242e-06
urn:harmonic:company:1620,8.848609e-06
urn:harmonic:company:741822,8.847275e-06
urn:harmonic:company:4083882,8.845892e-06
urn:harmonic:company:9909,8.843555e-06
urn:harmonic:company:41182743,8.842931e-06
urn:harmonic:company:3938900,8.841877e-06
urn:harmonic:company:1678490,8.83998e-06
urn:harmonic:company:1400470,8.839635e-06
urn:harmonic:company:42915588,8.838935e-06
urn:harmonic:company:11467059,8.83875e-06
urn:harmonic:company:553584,8.8366005e-06
urn:harmonic:company:608749,8.8288e-06
urn:harmonic:company:659692,8.82646e-06
urn:harmonic:company:11291523,8.823506e-06
urn:harmonic:company:1569486,8.823203e-06
urn:harmonic:company:1982894,8.821545e-06
urn:harmonic:company:3667176,8.821317e-06
urn:harmonic:company:23472391,8.819862e-06
urn:harmonic:company:1450489,8.816826e-06
urn:harmonic:company:41858288,8.814128e-06
urn:harmonic:company:773052,8.812229e-06
urn:harmonic:company:12200454,8.812128e-06
urn:harmonic:company:1789482,8.811968e-06
urn:harmonic:company:1842637,8.811909e-06
urn:harmonic:company:783351,8.810976e-06
urn:harmonic:company:6726204,8.806852e-06
urn:harmonic:company:702962,8.805441e-06
urn:harmonic:company:4224714,8.804114e-06
urn:harmonic:company:4118383,8.797836e-06
urn:harmonic:company:3934118,8.7969465e-06
urn:harmonic:company:3529039,8.795856e-06
urn:harmonic:company:7847418,8.795856e-06
urn:harmonic:company:3209455,8.795336e-06
urn:harmonic:company:1906031,8.788797e-06
urn:harmonic:company:4161873,8.784154e-06
urn:harmonic:company:1895619,8.783861e-06
urn:harmonic:company:3522405,8.781884e-06
urn:harmonic:company:12849882,8.77907e-06
urn:harmonic:company:169610,8.7757135e-06
urn:harmonic:company:16619088,8.775078e-06
urn:harmonic:company:1618480,8.774835e-06
urn:harmonic:company:4059878,8.768745e-06
urn:harmonic:company:735951,8.7633025e-06
urn:harmonic:company:17444693,8.761514e-06
urn:harmonic:company:12807217,8.759718e-06
urn:harmonic:company:40039205,8.757788e-06
urn:harmonic:company:4371487,8.757187e-06
urn:harmonic:company:628253,8.7569615e-06
urn:harmonic:company:780087,8.7563185e-06
urn:harmonic:company:170076,8.755543e-06
urn:harmonic:company:10978953,8.755275e-06
urn:harmonic:company:3631130,8.754991e-06
urn:harmonic:company:11364676,8.7525705e-06
urn:harmonic:company:4115800,8.7516355e-06
urn:harmonic:company:1961307,8.751594e-06
urn:harmonic:company:678407,8.75101e-06
urn:harmonic:company:1836353,8.745186e-06
urn:harmonic:company:1400465,8.742059e-06
urn:harmonic:company:3220188,8.741259e-06
urn:harmonic:company:4039365,8.7383005e-06
urn:harmonic:company:4523206,8.7372255e-06
urn:harmonic:company:1817783,8.736867e-06
urn:harmonic:company:1535249,8.731487e-06
urn:harmonic:company:1684409,8.730395e-06
urn:harmonic:company:1676148,8.729846e-06
urn:harmonic:company:21718854,8.729647e-06
urn:harmonic:company:2110750,8.729237e-06
urn:harmonic:company:1496017,8.727198e-06
urn:harmonic:company:1486809,8.724561e-06
urn:harmonic:company:3914843,8.718888e-06
urn:harmonic:company:4001982,8.7175495e-06
urn:harmonic:company:10594351,8.71681e-06
urn:harmonic:company:1810392,8.711682e-06
urn:harmonic:company:170426,8.711566e-06
urn:harmonic:company:801612,8.711566e-06
urn:harmonic:company:1732093,8.710303e-06
urn:harmonic:company:1448915,8.709239e-06
urn:harmonic:company:3310518,8.7089575e-06
urn:harmonic:company:11366628,8.7080025e-06
urn:harmonic:company:1696289,8.705163e-06
urn:harmonic:company:1546665,8.7000835e-06
urn:harmonic:company:4038580,8.688194e-06
urn:harmonic:company:3225312,8.686702e-06
urn:harmonic:company:796238,8.685153e-06
urn:harmonic:company:3220318,8.683687e-06
urn:harmonic:company:4414922,8.683555e-06
urn:harmonic:company:3558009,8.682752e-06
urn:harmonic:company:31494705,8.679954e-06
urn:harmonic:company:4174322,8.67944e-06
urn:harmonic:company:8558486,8.675965e-06
urn:harmonic:company:794387,8.672862e-06
urn:harmonic:company:3727350,8.671341e-06
urn:harmonic:company:1410520,8.6707205e-06
urn:harmonic:company:38046773,8.670522e-06
urn:harmonic:company:3626426,8.668819e-06
urn:harmonic:company:3717143,8.667695e-06
urn:harmonic:company:12790115,8.666645e-06
urn:harmonic:company:4037433,8.660093e-06
urn:harmonic:company:11058204,8.657648e-06
urn:harmonic:company:1547034,8.657277e-06
urn:harmonic:company:34840,8.6558985e-06
urn:harmonic:company:2222909,8.65509e-06
urn:harmonic:company:2035156,8.65457e-06
urn:harmonic:company:671052,8.653059e-06
urn:harmonic:company:11056581,8.649594e-06
urn:harmonic:company:13373086,8.644918e-06
urn:harmonic:company:140370,8.643929e-06
urn:harmonic:company:3673479,8.6435e-06
urn:harmonic:company:11431177,8.639907e-06
urn:harmonic:company:3971046,8.6394375e-06
urn:harmonic:company:1448549,8.638029e-06
urn:harmonic:company:728255,8.635739e-06
urn:harmonic:company:44802578,8.633384e-06
urn:harmonic:company:619910,8.632421e-06
urn:harmonic:company:12576470,8.62926e-06
urn:harmonic:company:3470173,8.627491e-06
urn:harmonic:company:1839789,8.6267755e-06
urn:harmonic:company:1830436,8.625788e-06
urn:harmonic:company:1803530,8.624562e-06
urn:harmonic:company:41825927,8.6235505e-06
urn:harmonic:company:553570,8.622901e-06
urn:harmonic:company:42603455,8.621511e-06
urn:harmonic:company:4294669,8.619711e-06
urn:harmonic:company:2247014,8.619234e-06
urn:harmonic:company:3114824,8.618856e-06
urn:harmonic:company:3492393,8.618363e-06
urn:harmonic:company:12696868,8.618281e-06
urn:harmonic:company:3173193,8.616284e-06
urn:harmonic:company:106296,8.615495e-06
urn:harmonic:company:3333180,8.61354e-06
urn:harmonic:company:3626845,8.612735e-06
urn:harmonic:company:4236498,8.611109e-06
urn:harmonic:company:762870,8.6109685e-06
urn:harmonic:company:604987,8.610131e-06
urn:harmonic:company:769817,8.607209e-06
urn:harmonic:company:34505551,8.606905e-06
urn:harmonic:company:1421878,8.605731e-06
urn:harmonic:company:10680998,8.605009e-06
urn:harmonic:company:3222403,8.6040245e-06
urn:harmonic:company:709295,8.603984e-06
urn:harmonic:company:704505,8.603868e-06
urn:harmonic:company:12489889,8.603835e-06
urn:harmonic:company:3362559,8.603089e-06
urn:harmonic:company:105359,8.6027285e-06
urn:harmonic:company:2124817,8.600382e-06
urn:harmonic:company:13001015,8.5963475e-06
urn:harmonic:company:22351058,8.596315e-06
urn:harmonic:company:3212787,8.594962e-06
urn:harmonic:company:2240905,8.593782e-06
urn:harmonic:company:4537454,8.590258e-06
urn:harmonic:company:3184454,8.589619e-06
urn:harmonic:company:756039,8.589366e-06
urn:harmonic:company:1467386,8.588735e-06
urn:harmonic:company:7506006,8.588539e-06
urn:harmonic:company:783043,8.58776e-06
urn:harmonic:company:12460763,8.5874735e-06
urn:harmonic:company:10399981,8.5871625e-06
urn:harmonic:company:33019485,8.586614e-06
urn:harmonic:company:18476694,8.583282e-06
urn:harmonic:company:17502227,8.582103e-06
urn:harmonic:company:40476908,8.581203e-06
urn:harmonic:company:12848493,8.5802285e-06
urn:harmonic:company:1671584,8.580033e-06
urn:harmonic:company:8674115,8.579501e-06
urn:harmonic:company:12831697,8.579108e-06
urn:harmonic:company:2142,8.5791e-06
urn:harmonic:company:12841053,8.574912e-06
urn:harmonic:company:704942,8.574601e-06
urn:harmonic:company:1430634,8.574225e-06
urn:harmonic:company:3670207,8.5699985e-06
urn:harmonic:company:638153,8.568225e-06
urn:harmonic:company:1603241,8.568095e-06
urn:harmonic:company:666852,8.566918e-06
urn:harmonic:company:1989956,8.566526e-06
urn:harmonic:company:1676243,8.565129e-06
urn:harmonic:company:692480,8.562956e-06
urn:harmonic:company:11255889,8.558858e-06
urn:harmonic:company:3675514,8.55774e-06
urn:harmonic:company:4464533,8.554427e-06
urn:harmonic:company:6394174,8.551189e-06
urn:harmonic:company:4124560,8.5497295e-06
urn:harmonic:company:12591097,8.549721e-06
urn:harmonic:company:42185187,8.54911e-06
urn:harmonic:company:3319708,8.548294e-06
urn:harmonic:company:10691452,8.54774e-06
urn:harmonic:company:4463220,8.54774e-06
urn:harmonic:company:3250552,8.546435e-06
urn:harmonic:company:11273559,8.546256e-06
urn:harmonic:company:762793,8.540569e-06
urn:harmonic:company:11192112,8.540228e-06
urn:harmonic:company:34715,8.538851e-06
urn:harmonic:company:7448865,8.537443e-06
urn:harmonic:company:10553066,8.535448e-06
urn:harmonic:company:3333856,8.534707e-06
urn:harmonic:company:3222363,8.533226e-06
urn:harmonic:company:11085453,8.5326965e-06
urn:harmonic:company:627468,8.531428e-06
urn:harmonic:company:3710289,8.530549e-06
urn:harmonic:company:38596324,8.528394e-06
urn:harmonic:company:3099580,8.526962e-06
urn:harmonic:company:3501499,8.526385e-06
urn:harmonic:company:75699,8.522142e-06
urn:harmonic:company:1390646,8.521824e-06
urn:harmonic:company:4228549,8.521564e-06
urn:harmonic:company:1836953,8.521037e-06
urn:harmonic:company:4007788,8.520744e-06
urn:harmonic:company:6670555,8.520175e-06
urn:harmonic:company:4103497,8.515999e-06
urn:harmonic:company:12776015,8.515398e-06
urn:harmonic:company:34680513,8.513791e-06
urn:harmonic:company:32862878,8.513621e-06
urn:harmonic:company:4122127,8.511972e-06
urn:harmonic:company:795687,8.508109e-06
urn:harmonic:company:3189059,8.507014e-06
urn:harmonic:company:3674063,8.504378e-06
urn:harmonic:company:1815986,8.498046e-06
urn:harmonic:company:3244469,8.49137e-06
urn:harmonic:company:6646006,8.491087e-06
urn:harmonic:company:1837101,8.490536e-06
urn:harmonic:company:11138960,8.485259e-06
urn:harmonic:company:13103723,8.484207e-06
urn:harmonic:company:4410856,8.483422e-06
urn:harmonic:company:169587,8.481569e-06
urn:harmonic:company:8183234,8.477146e-06
urn:harmonic:company:738864,8.470826e-06
urn:harmonic:company:12863824,8.470309e-06
urn:harmonic:company:1825257,8.469897e-06
urn:harmonic:company:10627424,8.469865e-06
urn:harmonic:company:36364318,8.467628e-06
urn:harmonic:company:757754,8.466902e-06
urn:harmonic:company:1842416,8.4592575e-06
urn:harmonic:company:719920,8.45167e-06
urn:harmonic:company:8665524,8.449542e-06
urn:harmonic:company:6506072,8.447931e-06
urn:harmonic:company:3856796,8.447504e-06
urn:harmonic:company:742200,8.447488e-06
urn:harmonic:company:1430300,8.447423e-06
urn:harmonic:company:47603549,8.444774e-06
urn:harmonic:company:2178978,8.444653e-06
urn:harmonic:company:10845219,8.442591e-06
urn:harmonic:company:33809076,8.437963e-06
urn:harmonic:company:3496855,8.437311e-06
urn:harmonic:company:746980,8.43649e-06
urn:harmonic:company:3053595,8.436216e-06
urn:harmonic:company:4435932,8.436008e-06
urn:harmonic:company:2039488,8.432943e-06
urn:harmonic:company:3186952,8.431005e-06
urn:harmonic:company:3602767,8.430933e-06
urn:harmonic:company:3863015,8.430498e-06
urn:harmonic:company:12399341,8.429711e-06
urn:harmonic:company:4497323,8.429116e-06
urn:harmonic:company:1816960,8.428682e-06
urn:harmonic:company:1430567,8.424912e-06
urn:harmonic:company:625546,8.423997e-06
urn:harmonic:company:12740940,8.4232415e-06
urn:harmonic:company:608539,8.421909e-06
urn:harmonic:company:12599650,8.4164485e-06
urn:harmonic:company:3186089,8.415614e-06
urn:harmonic:company:7543767,8.415036e-06
urn:harmonic:company:3666446,8.413495e-06
urn:harmonic:company:3402787,8.411016e-06
urn:harmonic:company:696438,8.409629e-06
urn:harmonic:company:618490,8.403312e-06
urn:harmonic:company:3205164,8.399882e-06
urn:harmonic:company:638965,8.398585e-06
urn:harmonic:company:1676144,8.39828e-06
urn:harmonic:company:10845360,8.396278e-06
urn:harmonic:company:3438608,8.395037e-06
urn:harmonic:company:11017231,8.39266e-06
urn:harmonic:company:489727,8.391899e-06
urn:harmonic:company:4912447,8.385963e-06
urn:harmonic:company:302291,8.383972e-06
urn:harmonic:company:1675717,8.3831965e-06
urn:harmonic:company:3362914,8.380519e-06
urn:harmonic:company:4669199,8.380503e-06
urn:harmonic:company:765300,8.3797995e-06
urn:harmonic:company:3915636,8.37817e-06
urn:harmonic:company:4411415,8.376811e-06
urn:harmonic:company:12464546,8.376515e-06
urn:harmonic:company:646738,8.375286e-06
urn:harmonic:company:612055,8.373712e-06
urn:harmonic:company:1430501,8.373273e-06
urn:harmonic:company:2151436,8.37273e-06
urn:harmonic:company:2018465,8.372491e-06
urn:harmonic:company:48438486,8.371245e-06
urn:harmonic:company:210076,8.370263e-06
urn:harmonic:company:683511,8.369816e-06
urn:harmonic:company:2065560,8.367645e-06
urn:harmonic:company:1806736,8.366911e-06
urn:harmonic:company:679488,8.36486e-06
urn:harmonic:company:3192961,8.361535e-06
urn:harmonic:company:12483151,8.356505e-06
urn:harmonic:company:36916958,8.356361e-06
urn:harmonic:company:12862383,8.353947e-06
urn:harmonic:company:36729415,8.353892e-06
urn:harmonic:company:646306,8.352035e-06
urn:harmonic:company:3055616,8.351835e-06
urn:harmonic:company:1516228,8.350602e-06
urn:harmonic:company:10476732,8.349129e-06
urn:harmonic:company:12433956,8.344782e-06
urn:harmonic:company:672249,8.344424e-06
urn:harmonic:company:687409,8.336033e-06
urn:harmonic:company:11268116,8.335842e-06
urn:harmonic:company:11677000,8.33387e-06
urn:harmonic:company:1565075,8.332337e-06
urn:harmonic:company:12785151,8.331709e-06
urn:harmonic:company:21506319,8.331431e-06
urn:harmonic:company:34567023,8.330971e-06
urn:harmonic:company:4158483,8.330001e-06
urn:harmonic:company:10885166,8.328611e-06
urn:harmonic:company:642686,8.32688e-06
urn:harmonic:company:1535682,8.325649e-06
urn:harmonic:company:1651588,8.324196e-06
urn:harmonic:company:12809445,8.321418e-06
urn:harmonic:company:20695068,8.3175855e-06
urn:harmonic:company:3156601,8.314128e-06
urn:harmonic:company:1724069,8.313517e-06
urn:harmonic:company:2163188,8.308413e-06
urn:harmonic:company:1679878,8.305078e-06
urn:harmonic:company:21594790,8.304405e-06
urn:harmonic:company:3182636,8.303327e-06
urn:harmonic:company:1777987,8.302679e-06
urn:harmonic:company:613838,8.296078e-06
urn:harmonic:company:21565026,8.295477e-06
urn:harmonic:company:12577022,8.29429e-06
urn:harmonic:company:10889816,8.292083e-06
urn:harmonic:company:10967929,8.2866045e-06
urn:harmonic:company:3710681,8.285419e-06
urn:harmonic:company:895198,8.284843e-06
urn:harmonic:company:8795008,8.283176e-06
urn:harmonic:company:4514134,8.2829865e-06
urn:harmonic:company:11017473,8.281257e-06
urn:harmonic:company:3212698,8.280783e-06
urn:harmonic:company:4527118,8.280656e-06
urn:harmonic:company:3355367,8.275493e-06
urn:harmonic:company:2238099,8.272116e-06
urn:harmonic:company:694353,8.271296e-06
urn:harmonic:company:1671370,8.266146e-06
urn:harmonic:company:1830457,8.265871e-06
urn:harmonic:company:10662163,8.265634e-06
urn:harmonic:company:4021579,8.265618e-06
urn:harmonic:company:3424671,8.263719e-06
urn:harmonic:company:3866111,8.26271e-06
urn:harmonic:company:3076807,8.258291e-06
urn:harmonic:company:4623280,8.258055e-06
urn:harmonic:company:683375,8.252725e-06
urn:harmonic:company:780928,8.252607e-06
urn:harmonic:company:3560020,8.252559e-06
urn:harmonic:company:15843390,8.2513625e-06
urn:harmonic:company:1708219,8.250679e-06
urn:harmonic:company:802342,8.246305e-06
urn:harmonic:company:4107812,8.245141e-06
urn:harmonic:company:2094880,8.242657e-06
urn:harmonic:company:4411034,8.242547e-06
urn:harmonic:company:1570497,8.242397e-06
urn:harmonic:company:1400336,8.240629e-06
urn:harmonic:company:3101624,8.238728e-06
urn:harmonic:company:12477068,8.237337e-06
urn:harmonic:company:4495943,8.235365e-06
urn:harmonic:company:7702806,8.231195e-06
urn:harmonic:company:3400925,8.228755e-06
urn:harmonic:company:478927,8.228488e-06
urn:harmonic:company:5101661,8.22775e-06
urn:harmonic:company:1839685,8.227703e-06
urn:harmonic:company:4537142,8.224e-06
urn:harmonic:company:2076205,8.222589e-06
urn:harmonic:company:800493,8.219641e-06
urn:harmonic:company:3280243,8.217509e-06
urn:harmonic:company:3663042,8.217024e-06
urn:harmonic:company:1430948,8.216381e-06
urn:harmonic:company:2140792,8.215848e-06
urn:harmonic:company:6275,8.214022e-06
urn:harmonic:company:12523768,8.2136385e-06
urn:harmonic:company:793852,8.212871e-06
urn:harmonic:company:1815927,8.211869e-06
urn:harmonic:company:3321268,8.209794e-06
urn:harmonic:company:795861,8.209089e-06
urn:harmonic:company:3574059,8.207633e-06
urn:harmonic:company:1983620,8.206593e-06
urn:harmonic:company:800507,8.2010765e-06
urn:harmonic:company:12692798,8.198136e-06
urn:harmonic:company:12817339,8.196736e-06
urn:harmonic:company:3475163,8.196479e-06
urn:harmonic:company:11459659,8.192181e-06
urn:harmonic:company:11680458,8.191095e-06
urn:harmonic:company:2094253,8.189275e-06
urn:harmonic:company:7640086,8.187916e-06
urn:harmonic:company:6752337,8.186698e-06
urn:harmonic:company:3354456,8.185535e-06
urn:harmonic:company:3934389,8.184591e-06
urn:harmonic:company:744835,8.183912e-06
urn:harmonic:company:4197441,8.182225e-06
urn:harmonic:company:726128,8.17834e-06
urn:harmonic:company:1791582,8.177179e-06
urn:harmonic:company:12816916,8.1768585e-06
urn:harmonic:company:1967129,8.1745975e-06
urn:harmonic:company:1433326,8.171223e-06
urn:harmonic:company:5197093,8.170678e-06
urn:harmonic:company:4534969,8.170599e-06
urn:harmonic:company:36732380,8.168932e-06
urn:harmonic:company:10868834,8.162936e-06
urn:harmonic:company:3208149,8.159114e-06
urn:harmonic:company:20346894,8.157698e-06
urn:harmonic:company:3132749,8.155754e-06
urn:harmonic:company:765859,8.155637e-06
urn:harmonic:company:47152082,8.1554035e-06
urn:harmonic:company:11057475,8.15493e-06
urn:harmonic:company:4265677,8.151221e-06
urn:harmonic:company:10895572,8.147497e-06
urn:harmonic:company:3619585,8.144833e-06
urn:harmonic:company:10415783,8.144243e-06
urn:harmonic:company:1462934,8.143754e-06
urn:harmonic:company:737429,8.143528e-06
urn:harmonic:company:11743637,8.142456e-06
urn:harmonic:company:49624422,8.142177e-06
urn:harmonic:company:213225,8.1414e-06
urn:harmonic:company:673503,8.140717e-06
urn:harmonic:company:3674684,8.137108e-06
urn:harmonic:company:4461753,8.136666e-06
urn:harmonic:company:6561647,8.135377e-06
urn:harmonic:company:36827995,8.133578e-06
urn:harmonic:company:10937787,8.128685e-06
urn:harmonic:company:289635,8.127809e-06
urn:harmonic:company:11494035,8.12546e-06
urn:harmonic:company:1706738,8.124314e-06
urn:harmonic:company:1449236,8.121099e-06
urn:harmonic:company:12824319,8.121061e-06
urn:harmonic:company:3624554,8.120735e-06
urn:harmonic:company:778056,8.120294e-06
urn:harmonic:company:34739937,8.119542e-06
urn:harmonic:company:654481,8.116508e-06
urn:harmonic:company:12773817,8.11318e-06
urn:harmonic:company:10329219,8.108345e-06
urn:harmonic:company:34864133,8.101953e-06
urn:harmonic:company:1839541,8.098477e-06
urn:harmonic:company:1691674,8.09596e-06
urn:harmonic:company:10844756,8.09579e-06
urn:harmonic:company:4120501,8.095265e-06
urn:harmonic:company:11965993,8.094293e-06
urn:harmonic:company:579716,8.091568e-06
urn:harmonic:company:12466745,8.089431e-06
urn:harmonic:company:1828737,8.087487e-06
urn:harmonic:company:4180683,8.086708e-06
urn:harmonic:company:4033646,8.086415e-06
urn:harmonic:company:820278,8.084048e-06
urn:harmonic:company:12481603,8.083432e-06
urn:harmonic:company:23822255,8.082838e-06
urn:harmonic:company:4290084,8.082282e-06
urn:harmonic:company:6607156,8.082028e-06
urn:harmonic:company:4120183,8.077759e-06
urn:harmonic:company:4953008,8.077752e-06
urn:harmonic:company:3675871,8.076927e-06
urn:harmonic:company:3495432,8.075163e-06
urn:harmonic:company:47383123,8.07464e-06
urn:harmonic:company:706532,8.0724685e-06
urn:harmonic:company:4392036,8.070537e-06
urn:harmonic:company:3334988,8.068912e-06
urn:harmonic:company:40349857,8.068543e-06
urn:harmonic:company:4869442,8.067459e-06
urn:harmonic:company:685281,8.066274e-06
urn:harmonic:company:2086744,8.065782e-06
urn:harmonic:company:4911604,8.064428e-06
urn:harmonic:company:4060096,8.060852e-06
urn:harmonic:company:12464643,8.0584e-06
urn:harmonic:company:10640451,8.0582695e-06
urn:harmonic:company:650232,8.0561795e-06
urn:harmonic:company:1839973,8.054137e-06
urn:harmonic:company:2189953,8.053092e-06
urn:harmonic:company:12885039,8.05187e-06
urn:harmonic:company:1430310,8.051088e-06
urn:harmonic:company:3582441,8.050696e-06
urn:harmonic:company:40970902,8.0489e-06
urn:harmonic:company:487308,8.047918e-06
urn:harmonic:company:1835842,8.047448e-06
urn:harmonic:company:1991883,8.04494e-06
urn:harmonic:company:2112063,8.044755e-06
urn:harmonic:company:4165413,8.044027e-06
urn:harmonic:company:3988465,8.0426535e-06
urn:harmonic:company:2198428,8.041051e-06
urn:harmonic:company:3629269,8.039019e-06
urn:harmonic:company:4233855,8.034773e-06
urn:harmonic:company:3388983,8.033072e-06
urn:harmonic:company:7704698,8.030314e-06
urn:harmonic:company:1593856,8.029671e-06
urn:harmonic:company:1790730,8.028363e-06
urn:harmonic:company:11679871,8.025843e-06
urn:harmonic:company:4106343,8.0203035e-06
urn:harmonic:company:6568806,8.020281e-06
urn:harmonic:company:1902,8.015242e-06
urn:harmonic:company:696038,8.014845e-06
urn:harmonic:company:464303,8.014317e-06
urn:harmonic:company:743685,8.011841e-06
urn:harmonic:company:11294171,8.011795e-06
urn:harmonic:company:775609,8.011146e-06
urn:harmonic:company:12790094,8.010672e-06
urn:harmonic:company:800553,8.006113e-06
urn:harmonic:company:3127461,8.004594e-06
urn:harmonic:company:2041722,8.001007e-06
urn:harmonic:company:748140,7.999237e-06
urn:harmonic:company:16535782,7.998199e-06
urn:harmonic:company:4518968,7.994714e-06
urn:harmonic:company:105769,7.994691e-06
urn:harmonic:company:2183618,7.9945385e-06
urn:harmonic:company:7491189,7.994211e-06
urn:harmonic:company:47857141,7.992786e-06
urn:harmonic:company:1886364,7.9915735e-06
urn:harmonic:company:3133797,7.991474e-06
urn:harmonic:company:6510083,7.991071e-06
urn:harmonic:company:794094,7.989341e-06
urn:harmonic:company:47098311,7.9883575e-06
urn:harmonic:company:12840415,7.986111e-06
urn:harmonic:company:12389058,7.985456e-06
urn:harmonic:company:2142109,7.982121e-06
urn:harmonic:company:42494226,7.981778e-06
urn:harmonic:company:3633933,7.981588e-06
urn:harmonic:company:774146,7.979579e-06
urn:harmonic:company:4823208,7.976414e-06
urn:harmonic:company:2106227,7.97601e-06
urn:harmonic:company:13228213,7.975037e-06
urn:harmonic:company:1887022,7.974877e-06
urn:harmonic:company:3201399,7.974292e-06
urn:harmonic:company:4282135,7.973083e-06
urn:harmonic:company:34874531,7.967732e-06
urn:harmonic:company:1549831,7.966227e-06
urn:harmonic:company:170486,7.964731e-06
urn:harmonic:company:12885503,7.963379e-06
urn:harmonic:company:4006164,7.962756e-06
urn:harmonic:company:12973065,7.961571e-06
urn:harmonic:company:1523594,7.959818e-06
urn:harmonic:company:753041,7.958406e-06
urn:harmonic:company:633636,7.953907e-06
urn:harmonic:company:34582525,7.953504e-06
urn:harmonic:company:3966620,7.95339e-06
urn:harmonic:company:10922728,7.952905e-06
urn:harmonic:company:1974133,7.950888e-06
urn:harmonic:company:1403833,7.950456e-06
urn:harmonic:company:4297357,7.948985e-06
urn:harmonic:company:12858394,7.9464835e-06
urn:harmonic:company:3248069,7.945423e-06
urn:harmonic:company:6739325,7.94381e-06
urn:harmonic:company:1789500,7.9425745e-06
urn:harmonic:company:2159161,7.939818e-06
urn:harmonic:company:12789604,7.938939e-06
urn:harmonic:company:4309924,7.938561e-06
urn:harmonic:company:683489,7.937342e-06
urn:harmonic:company:3333924,7.937115e-06
urn:harmonic:company:1839625,7.936782e-06
urn:harmonic:company:690943,7.936426e-06
urn:harmonic:company:778865,7.935783e-06
urn:harmonic:company:5189270,7.934156e-06
urn:harmonic:company:3262852,7.930517e-06
urn:harmonic:company:21,7.9300635e-06
urn:harmonic:company:19402575,7.929511e-06
urn:harmonic:company:105220,7.9292095e-06
urn:harmonic:company:689298,7.928604e-06
urn:harmonic:company:1972318,7.926563e-06
urn:harmonic:company:12693073,7.926207e-06
urn:harmonic:company:633093,7.9253605e-06
urn:harmonic:company:4133632,7.925248e-06
urn:harmonic:company:4413432,7.923252e-06
urn:harmonic:company:44123782,7.915533e-06
urn:harmonic:company:11134579,7.914809e-06
urn:harmonic:company:637292,7.911594e-06
urn:harmonic:company:10121892,7.91115e-06
urn:harmonic:company:6837335,7.905907e-06
urn:harmonic:company:3235130,7.90541e-06
urn:harmonic:company:793533,7.90538e-06
urn:harmonic:company:1840778,7.904166e-06
urn:harmonic:company:34770,7.904007e-06
urn:harmonic:company:12822144,7.903789e-06
urn:harmonic:company:3557629,7.90348e-06
urn:harmonic:company:11431180,7.902319e-06
urn:harmonic:company:3792148,7.900594e-06
urn:harmonic:company:7276077,7.900263e-06
urn:harmonic:company:850899,7.899713e-06
urn:harmonic:company:3064445,7.8996745e-06
urn:harmonic:company:638118,7.898575e-06
urn:harmonic:company:37500235,7.897219e-06
urn:harmonic:company:2114463,7.890105e-06
urn:harmonic:company:3524444,7.888879e-06
urn:harmonic:company:3353129,7.883855e-06
urn:harmonic:company:12587446,7.882584e-06
urn:harmonic:company:1520379,7.881209e-06
urn:harmonic:company:46856122,7.880825e-06
urn:harmonic:company:651797,7.880788e-06
urn:harmonic:company:6009137,7.880097e-06
urn:harmonic:company:554591,7.879623e-06
urn:harmonic:company:30251824,7.878158e-06
urn:harmonic:company:10673573,7.876438e-06
urn:harmonic:company:669130,7.876257e-06
urn:harmonic:company:19444868,7.875131e-06
urn:harmonic:company:34514977,7.874492e-06
urn:harmonic:company:1853409,7.872968e-06
urn:harmonic:company:719756,7.872871e-06
urn:harmonic:company:107316,7.871759e-06
urn:harmonic:company:3359210,7.870655e-06
urn:harmonic:company:1415601,7.870558e-06
urn:harmonic:company:15623635,7.868659e-06
urn:harmonic:company:1480907,7.867046e-06
urn:harmonic:company:2018143,7.866776e-06
urn:harmonic:company:626691,7.866559e-06
urn:harmonic:company:5892215,7.866393e-06
urn:harmonic:company:11326444,7.865696e-06
urn:harmonic:company:608990,7.865238e-06
urn:harmonic:company:2048266,7.864721e-06
urn:harmonic:company:34929032,7.861676e-06
urn:harmonic:company:11022323,7.861308e-06
urn:harmonic:company:4287940,7.860889e-06
urn:harmonic:company:629865,7.8591875e-06
urn:harmonic:company:923237,7.858685e-06
urn:harmonic:company:802039,7.856414e-06
urn:harmonic:company:107409,7.856393e-06
urn:harmonic:company:1972624,7.856325e-06
urn:harmonic:company:2235679,7.852909e-06
urn:harmonic:company:3188126,7.851045e-06
urn:harmonic:company:1432393,7.850835e-06
urn:harmonic:company:11964106,7.84975e-06
urn:harmonic:company:7641858,7.8480425e-06
urn:harmonic:company:3877167,7.847249e-06
urn:harmonic:company:41401,7.846688e-06
urn:harmonic:company:601863,7.844862e-06
urn:harmonic:company:739955,7.842716e-06
urn:harmonic:company:12818957,7.841497e-06
urn:harmonic:company:2258526,7.840944e-06
urn:harmonic:company:794252,7.83805e-06
urn:harmonic:company:12822914,7.837953e-06
urn:harmonic:company:644227,7.83728e-06
urn:harmonic:company:1962586,7.835853e-06
urn:harmonic:company:10720858,7.835009e-06
urn:harmonic:company:3304795,7.834798e-06
urn:harmonic:company:3317687,7.833357e-06
urn:harmonic:company:148754,7.832521e-06
urn:harmonic:company:2051163,7.826846e-06
urn:harmonic:company:10342545,7.826711e-06
urn:harmonic:company:31031713,7.825458e-06
urn:harmonic:company:3183764,7.82442e-06
urn:harmonic:company:2241029,7.824376e-06
urn:harmonic:company:3736033,7.8243675e-06
urn:harmonic:company:4215285,7.824301e-06
urn:harmonic:company:10265268,7.824159e-06
urn:harmonic:company:8527557,7.82248e-06
urn:harmonic:company:3055428,7.821779e-06
urn:harmonic:company:3227778,7.82063e-06
urn:harmonic:company:15117973,7.817625e-06
urn:harmonic:company:1430599,7.814488e-06
urn:harmonic:company:2213127,7.814383e-06
urn:harmonic:company:12786749,7.809474e-06
urn:harmonic:company:12482110,7.805884e-06
urn:harmonic:company:2031795,7.805855e-06
urn:harmonic:company:1802505,7.805758e-06
urn:harmonic:company:710051,7.80104e-06
urn:harmonic:company:6675997,7.797819e-06
urn:harmonic:company:3194395,7.7946215e-06
urn:harmonic:company:1665700,7.792742e-06
urn:harmonic:company:602964,7.792474e-06
urn:harmonic:company:105935,7.791761e-06
urn:harmonic:company:47378524,7.787422e-06
urn:harmonic:company:1810902,7.786011e-06
urn:harmonic:company:198218,7.7858995e-06
urn:harmonic:company:774071,7.7857885e-06
urn:harmonic:company:4429973,7.785321e-06
urn:harmonic:company:2011423,7.783391e-06
urn:harmonic:company:6828385,7.783354e-06
urn:harmonic:company:1842629,7.782708e-06
urn:harmonic:company:10827147,7.78227e-06
urn:harmonic:company:1858,7.779168e-06
urn:harmonic:company:653145,7.7783525e-06
urn:harmonic:company:4790768,7.77796e-06
urn:harmonic:company:34444280,7.777225e-06
urn:harmonic:company:10347822,7.776483e-06
urn:harmonic:company:748660,7.775497e-06
urn:harmonic:company:1579033,7.774948e-06
urn:harmonic:company:1837332,7.77483e-06
urn:harmonic:company:6658801,7.773984e-06
urn:harmonic:company:1815168,7.766707e-06
urn:harmonic:company:694312,7.7667e-06
urn:harmonic:company:12967609,7.766248e-06
urn:harmonic:company:721655,7.7651e-06
urn:harmonic:company:12706518,7.763509e-06
urn:harmonic:company:2130760,7.762524e-06
urn:harmonic:company:1433695,7.762487e-06
urn:harmonic:company:36991285,7.762294e-06
urn:harmonic:company:9149204,7.76054e-06
urn:harmonic:company:1899936,7.753158e-06
urn:harmonic:company:4298163,7.744903e-06
urn:harmonic:company:1836628,7.74381e-06
urn:harmonic:company:11198351,7.742909e-06
urn:harmonic:company:3391079,7.741565e-06
urn:harmonic:company:4189750,7.738693e-06
urn:harmonic:company:1498707,7.73831e-06
urn:harmonic:company:11013783,7.736251e-06
urn:harmonic:company:11190921,7.736244e-06
urn:harmonic:company:3358284,7.732799e-06
urn:harmonic:company:10230606,7.732098e-06
urn:harmonic:company:3755748,7.727808e-06
urn:harmonic:company:190514,7.726725e-06
urn:harmonic:company:4297479,7.724522e-06
urn:harmonic:company:1840218,7.724095e-06
urn:harmonic:company:106428,7.72391e-06
urn:harmonic:company:638481,7.720626e-06
urn:harmonic:company:4087358,7.720353e-06
urn:harmonic:company:1956975,7.720302e-06
urn:harmonic:company:4080724,7.719646e-06
urn:harmonic:company:44434,7.718491e-06
urn:harmonic:company:749890,7.717262e-06
urn:harmonic:company:1442447,7.713642e-06
urn:harmonic:company:201450,7.712348e-06
urn:harmonic:company:795531,7.706362e-06
urn:harmonic:company:1730496,7.7061495e-06
urn:harmonic:company:772659,7.706032e-06
urn:harmonic:company:4037394,7.705018e-06
urn:harmonic:company:649513,7.700705e-06
urn:harmonic:company:2177027,7.700662e-06
urn:harmonic:company:4073954,7.6985325e-06
urn:harmonic:company:12549623,7.697453e-06
urn:harmonic:company:10594374,7.696205e-06
urn:harmonic:company:606576,7.695464e-06
urn:harmonic:company:6751736,7.694774e-06
urn:harmonic:company:1947266,7.693996e-06
urn:harmonic:company:4446958,7.692045e-06
urn:harmonic:company:4039990,7.689279e-06
urn:harmonic:company:3367557,7.687519e-06
urn:harmonic:company:3364422,7.687124e-06
urn:harmonic:company:2219941,7.684955e-06
urn:harmonic:company:2175497,7.684236e-06
urn:harmonic:company:739723,7.679943e-06
urn:harmonic:company:6729439,7.6782735e-06
urn:harmonic:company:1497248,7.676685e-06
urn:harmonic:company:691371,7.674869e-06
urn:harmonic:company:46506987,7.672703e-06
urn:harmonic:company:1816054,7.669126e-06
urn:harmonic:company:4414535,7.66789e-06
urn:harmonic:company:11198204,7.666361e-06
urn:harmonic:company:3235023,7.658031e-06
urn:harmonic:company:40611720,7.657052e-06
urn:harmonic:company:10782887,7.655943e-06
urn:harmonic:company:4709174,7.655943e-06
urn:harmonic:company:3609713,7.655424e-06
urn:harmonic:company:1729737,7.649425e-06
urn:harmonic:company:2179057,7.648135e-06
urn:harmonic:company:1369044,7.647522e-06
urn:harmonic:company:776020,7.646793e-06
urn:harmonic:company:4297720,7.646195e-06
urn:harmonic:company:37254199,7.64158e-06
urn:harmonic:company:12473639,7.641267e-06
urn:harmonic:company:4176256,7.6411e-06
urn:harmonic:company:12976835,7.640968e-06
urn:harmonic:company:4466511,7.640181e-06
urn:harmonic:company:4816966,7.638017e-06
urn:harmonic:company:3329324,7.631865e-06
urn:harmonic:company:736302,7.631821e-06
urn:harmonic:company:3236326,7.631785e-06
urn:harmonic:company:12816946,7.631712e-06
urn:harmonic:company:26278670,7.62579e-06
urn:harmonic:company:706197,7.623994e-06
urn:harmonic:company:4293781,7.6236806e-06
urn:harmonic:company:3314176,7.6233973e-06
urn:harmonic:company:2135913,7.618557e-06
urn:harmonic:company:3241876,7.6179103e-06
urn:harmonic:company:4109539,7.6177726e-06
urn:harmonic:company:1430376,7.615796e-06
urn:harmonic:company:3112539,7.615463e-06
urn:harmonic:company:10440610,7.6138576e-06
urn:harmonic:company:888354,7.6127108e-06
urn:harmonic:company:1593854,7.612304e-06
urn:harmonic:company:621108,7.611636e-06
urn:harmonic:company:792801,7.6105257e-06
urn:harmonic:company:4383110,7.6088563e-06
urn:harmonic:company:1823573,7.6075357e-06
urn:harmonic:company:4753252,7.605171e-06
urn:harmonic:company:1607285,7.6040983e-06
urn:harmonic:company:11162681,7.6036486e-06
urn:harmonic:company:11056318,7.6034307e-06
urn:harmonic:company:749572,7.602959e-06
urn:harmonic:company:10898696,7.599226e-06
urn:harmonic:company:3465218,7.599104e-06
urn:harmonic:company:12839924,7.5988564e-06
urn:harmonic:company:661905,7.5967555e-06
urn:harmonic:company:641058,7.594575e-06
urn:harmonic:company:3362877,7.594307e-06
urn:harmonic:company:43865557,7.5922144e-06
urn:harmonic:company:3610270,7.589977e-06
urn:harmonic:company:31130571,7.589456e-06
urn:harmonic:company:1534478,7.586909e-06
urn:harmonic:company:1958964,7.5843413e-06
urn:harmonic:company:106152,7.5840303e-06
urn:harmonic:company:1959011,7.5819034e-06
urn:harmonic:company:3262506,7.57907e-06
urn:harmonic:company:3884233,7.579034e-06
urn:harmonic:company:3235367,7.5774224e-06
urn:harmonic:company:423774,7.5766134e-06
urn:harmonic:company:1573845,7.575363e-06
urn:harmonic:company:8291512,7.5732178e-06
urn:harmonic:company:2131021,7.5716725e-06
urn:harmonic:company:3269261,7.5710223e-06
urn:harmonic:company:767051,7.570604e-06
urn:harmonic:company:3216532,7.570235e-06
urn:harmonic:company:712439,7.5702064e-06
urn:harmonic:company:6632698,7.570069e-06
urn:harmonic:company:3143005,7.566222e-06
urn:harmonic:company:870954,7.56387e-06
urn:harmonic:company:4463273,7.5633366e-06
urn:harmonic:company:12822667,7.5619523e-06
urn:harmonic:company:41990603,7.560993e-06
urn:harmonic:company:5077816,7.5605462e-06
urn:harmonic:company:772505,7.55617e-06
urn:harmonic:company:6574045,7.5557023e-06
urn:harmonic:company:664952,7.5548155e-06
urn:harmonic:company:4488612,7.553094e-06
urn:harmonic:company:1443456,7.550451e-06
urn:harmonic:company:7625975,7.5498174e-06
urn:harmonic:company:425122,7.5477583e-06
urn:harmonic:company:3675551,7.544772e-06
urn:harmonic:company:1429748,7.5435055e-06
urn:harmonic:company:10803005,7.543383e-06
urn:harmonic:company:1958236,7.543052e-06
urn:harmonic:company:107415,7.5422895e-06
urn:harmonic:company:751838,7.5396224e-06
urn:harmonic:company:751231,7.5395574e-06
urn:harmonic:company:11473513,7.5393123e-06
urn:harmonic:company:1841452,7.5385287e-06
urn:harmonic:company:13415206,7.537738e-06
urn:harmonic:company:9747707,7.5368184e-06
urn:harmonic:company:4605093,7.534921e-06
urn:harmonic:company:6704827,7.52962e-06
urn:harmonic:company:4091101,7.526604e-06
urn:harmonic:company:10265444,7.521782e-06
urn:harmonic:company:11246798,7.520527e-06
urn:harmonic:company:4050165,7.5200965e-06
urn:harmonic:company:516237,7.5191715e-06
urn:harmonic:company:2140247,7.518447e-06
urn:harmonic:company:3666313,7.5169273e-06
urn:harmonic:company:1505901,7.5167763e-06
urn:harmonic:company:1906910,7.513731e-06
urn:harmonic:company:2057897,7.5103135e-06
urn:harmonic:company:1538120,7.5102853e-06
urn:harmonic:company:905362,7.5092253e-06
urn:harmonic:company:795049,7.5082226e-06
urn:harmonic:company:9672266,7.503784e-06
urn:harmonic:company:186263,7.503663e-06
urn:harmonic:company:3943820,7.5036414e-06
urn:harmonic:company:36929448,7.5028975e-06
urn:harmonic:company:3210943,7.498548e-06
urn:harmonic:company:1819151,7.49734e-06
urn:harmonic:company:14460798,7.496096e-06
urn:harmonic:company:3955701,7.4957093e-06
urn:harmonic:company:3342569,7.495331e-06
urn:harmonic:company:2175102,7.495045e-06
urn:harmonic:company:723148,7.4940303e-06
urn:harmonic:company:7573409,7.49358e-06
urn:harmonic:company:38513532,7.49353e-06
urn:harmonic:company:75802,7.4895147e-06
urn:harmonic:company:553622,7.489336e-06
urn:harmonic:company:2029221,7.488408e-06
urn:harmonic:company:178118,7.485502e-06
urn:harmonic:company:1815590,7.482675e-06
urn:harmonic:company:43202921,7.4818045e-06
urn:harmonic:company:4171675,7.4773106e-06
urn:harmonic:company:4080632,7.4768686e-06
urn:harmonic:company:3837180,7.476747e-06
urn:harmonic:company:19087142,7.4762843e-06
urn:harmonic:company:10172138,7.475208e-06
urn:harmonic:company:732071,7.4746795e-06
urn:harmonic:company:553481,7.4737245e-06
urn:harmonic:company:745995,7.4729905e-06
urn:harmonic:company:668175,7.4722143e-06
urn:harmonic:company:8278981,7.469236e-06
urn:harmonic:company:2262801,7.467591e-06
urn:harmonic:company:1670595,7.46727e-06
urn:harmonic:company:3158029,7.465426e-06
urn:harmonic:company:1460883,7.4630484e-06
urn:harmonic:company:777314,7.4628206e-06
urn:harmonic:company:767728,7.4626214e-06
urn:harmonic:company:4028669,7.46223e-06
urn:harmonic:company:441104,7.461668e-06
urn:harmonic:company:3533451,7.460515e-06
urn:harmonic:company:1962206,7.4596405e-06
urn:harmonic:company:745164,7.457947e-06
urn:harmonic:company:11718744,7.4576124e-06
urn:harmonic:company:1787137,7.4568306e-06
urn:harmonic:company:212503,7.4549534e-06
urn:harmonic:company:41723506,7.454925e-06
urn:harmonic:company:10627419,7.454882e-06
urn:harmonic:company:36785938,7.4519753e-06
urn:harmonic:company:697650,7.4496584e-06
urn:harmonic:company:779765,7.4464338e-06
urn:harmonic:company:3177064,7.4434593e-06
urn:harmonic:company:12756318,7.443246e-06
urn:harmonic:company:192399,7.442217e-06
urn:harmonic:company:76087,7.4415707e-06
urn:harmonic:company:3898964,7.440138e-06
urn:harmonic:company:643951,7.4399745e-06
urn:harmonic:company:3332517,7.438605e-06
urn:harmonic:company:721670,7.438385e-06
urn:harmonic:company:9889998,7.436279e-06
urn:harmonic:company:609244,7.435307e-06
urn:harmonic:company:719874,7.4346617e-06
urn:harmonic:company:11550719,7.4330032e-06
urn:harmonic:company:2216791,7.431238e-06
urn:harmonic:company:2070415,7.4305435e-06
urn:harmonic:company:11178465,7.4303666e-06
urn:harmonic:company:1424287,7.4301115e-06
urn:harmonic:company:638730,7.4289064e-06
urn:harmonic:company:43103250,7.428893e-06
urn:harmonic:company:4134764,7.42839e-06
urn:harmonic:company:1487856,7.4271643e-06
urn:harmonic:company:11209848,7.4255922e-06
urn:harmonic:company:47099787,7.420913e-06
urn:harmonic:company:4367263,7.4197806e-06
urn:harmonic:company:7686148,7.4191225e-06
urn:harmonic:company:673785,7.4168724e-06
urn:harmonic:company:12180411,7.415946e-06
urn:harmonic:company:4297089,7.4148006e-06
urn:harmonic:company:1529676,7.4147156e-06
urn:harmonic:company:4407450,7.414157e-06
urn:harmonic:company:1712037,7.4133013e-06
urn:harmonic:company:44445,7.413174e-06
urn:harmonic:company:1730582,7.412262e-06
urn:harmonic:company:796565,7.4120785e-06
urn:harmonic:company:41525721,7.411831e-06
urn:harmonic:company:12172286,7.411648e-06
urn:harmonic:company:13450693,7.4107147e-06
urn:harmonic:company:11580218,7.408785e-06
urn:harmonic:company:10784494,7.406546e-06
urn:harmonic:company:3654994,7.4050204e-06
urn:harmonic:company:23588368,7.4047944e-06
urn:harmonic:company:3251464,7.4043214e-06
urn:harmonic:company:3695519,7.4009677e-06
urn:harmonic:company:12524074,7.4005516e-06
urn:harmonic:company:1816238,7.397539e-06
urn:harmonic:company:13247441,7.397398e-06
urn:harmonic:company:2240391,7.3950628e-06
urn:harmonic:company:40953922,7.3939837e-06
urn:harmonic:company:10591628,7.3920382e-06
urn:harmonic:company:41829660,7.391262e-06
urn:harmonic:company:4202685,7.3901697e-06
urn:harmonic:company:12883297,7.388859e-06
urn:harmonic:company:37182130,7.387196e-06
urn:harmonic:company:4456209,7.38559e-06
urn:harmonic:company:659860,7.3841534e-06
urn:harmonic:company:3813005,7.381231e-06
urn:harmonic:company:2092787,7.3793735e-06
urn:harmonic:company:34781615,7.3772912e-06
urn:harmonic:company:4258537,7.3770166e-06
urn:harmonic:company:1802280,7.3743086e-06
urn:harmonic:company:4413433,7.372543e-06
urn:harmonic:company:796243,7.372122e-06
urn:harmonic:company:1649997,7.371278e-06
urn:harmonic:company:796038,7.370659e-06
urn:harmonic:company:11493979,7.3659585e-06
urn:harmonic:company:4296771,7.3651227e-06
urn:harmonic:company:4445926,7.3624046e-06
urn:harmonic:company:1972577,7.3613655e-06
urn:harmonic:company:3064696,7.359871e-06
urn:harmonic:company:12789361,7.3593365e-06
urn:harmonic:company:751795,7.358846e-06
urn:harmonic:company:7707860,7.355878e-06
urn:harmonic:company:4812760,7.3542997e-06
urn:harmonic:company:12460020,7.3492656e-06
urn:harmonic:company:35451121,7.3483966e-06
urn:harmonic:company:4801950,7.3473243e-06
urn:harmonic:company:465381,7.3468477e-06
urn:harmonic:company:697099,7.3467354e-06
urn:harmonic:company:36825779,7.342512e-06
urn:harmonic:company:11115620,7.3403066e-06
urn:harmonic:company:12783046,7.3400824e-06
urn:harmonic:company:16495463,7.339894e-06
urn:harmonic:company:20505632,7.3398032e-06
urn:harmonic:company:1837884,7.3375704e-06
urn:harmonic:company:9631054,7.336339e-06
urn:harmonic:company:729783,7.3357514e-06
urn:harmonic:company:7700303,7.334989e-06
urn:harmonic:company:743350,7.334135e-06
urn:harmonic:company:4417238,7.3313313e-06
urn:harmonic:company:1622279,7.3310375e-06
urn:harmonic:company:4093889,7.3279552e-06
urn:harmonic:company:3310424,7.326753e-06
urn:harmonic:company:6778817,7.3258934e-06
urn:harmonic:company:1430740,7.3200204e-06
urn:harmonic:company:1777895,7.3184083e-06
urn:harmonic:company:3422154,7.3179403e-06
urn:harmonic:company:1730793,7.3179194e-06
urn:harmonic:company:6603952,7.317682e-06
urn:harmonic:company:3215659,7.3175634e-06
urn:harmonic:company:12857784,7.3156166e-06
urn:harmonic:company:4719539,7.314438e-06
urn:harmonic:company:4443465,7.3134265e-06
urn:harmonic:company:1775306,7.3129727e-06
urn:harmonic:company:770500,7.3124156e-06
urn:harmonic:company:751759,7.3118154e-06
urn:harmonic:company:285545,7.3097654e-06
urn:harmonic:company:11559796,7.3092847e-06
urn:harmonic:company:11426535,7.308943e-06
urn:harmonic:company:4636855,7.3068104e-06
urn:harmonic:company:1469035,7.3066226e-06
urn:harmonic:company:4109540,7.300688e-06
urn:harmonic:company:12747893,7.2988573e-06
urn:harmonic:company:793695,7.2980706e-06
urn:harmonic:company:1018902,7.2963517e-06
urn:harmonic:company:6824643,7.294369e-06
urn:harmonic:company:12836191,7.2926164e-06
urn:harmonic:company:6676903,7.292039e-06
urn:harmonic:company:49098101,7.2915036e-06
urn:harmonic:company:606915,7.2914895e-06
urn:harmonic:company:1911015,7.2882353e-06
urn:harmonic:company:1775314,7.287666e-06
urn:harmonic:company:34396783,7.2871167e-06
urn:harmonic:company:10116109,7.2859702e-06
urn:harmonic:company:12482799,7.2850944e-06
urn:harmonic:company:635167,7.28449e-06
urn:harmonic:company:3310260,7.2824832e-06
urn:harmonic:company:34620,7.2817325e-06
urn:harmonic:company:10194965,7.280386e-06
urn:harmonic:company:729096,7.279323e-06
urn:harmonic:company:3302374,7.2790317e-06
urn:harmonic:company:4079786,7.273758e-06
urn:harmonic:company:1752767,7.273238e-06
urn:harmonic:company:4463262,7.2724406e-06
urn:harmonic:company:47675897,7.2696666e-06
urn:harmonic:company:5399430,7.2681005e-06
urn:harmonic:company:1865781,7.2673174e-06
urn:harmonic:company:4105623,7.2665266e-06
urn:harmonic:company:1899385,7.2642547e-06
urn:harmonic:company:3122503,7.26361e-06
urn:harmonic:company:3270208,7.263534e-06
urn:harmonic:company:9945193,7.2633056e-06
urn:harmonic:company:4414743,7.2617677e-06
urn:harmonic:company:776197,7.259794e-06
urn:harmonic:company:4530341,7.2572193e-06
urn:harmonic:company:34651478,7.2555717e-06
urn:harmonic:company:2051291,7.250696e-06
urn:harmonic:company:4294485,7.248096e-06
urn:harmonic:company:9647632,7.2476128e-06
urn:harmonic:company:2018869,7.245394e-06
urn:harmonic:company:1429762,7.24471e-06
urn:harmonic:company:12464302,7.2444614e-06
urn:harmonic:company:7559066,7.2437565e-06
urn:harmonic:company:774103,7.243466e-06
urn:harmonic:company:3323924,7.2421612e-06
urn:harmonic:company:4419860,7.240794e-06
urn:harmonic:company:2204134,7.2369135e-06
urn:harmonic:company:4061907,7.2339813e-06
urn:harmonic:company:3294014,7.232319e-06
urn:harmonic:company:1801143,7.232112e-06
urn:harmonic:company:2185262,7.2288294e-06
urn:harmonic:company:34641554,7.2278985e-06
urn:harmonic:company:10330991,7.222807e-06
urn:harmonic:company:10937403,7.2223042e-06
urn:harmonic:company:554602,7.2220287e-06
urn:harmonic:company:1388082,7.2203275e-06
urn:harmonic:company:11416647,7.219811e-06
urn:harmonic:company:11531873,7.218785e-06
urn:harmonic:company:1813845,7.2176567e-06
urn:harmonic:company:18790766,7.216094e-06
urn:harmonic:company:4411205,7.214986e-06
urn:harmonic:company:12847893,7.2119933e-06
urn:harmonic:company:3110037,7.211224e-06
urn:harmonic:company:9851366,7.2087555e-06
urn:harmonic:company:1822741,7.205916e-06
urn:harmonic:company:4511579,7.2055996e-06
urn:harmonic:company:511324,7.2045696e-06
urn:harmonic:company:3379645,7.2036833e-06
urn:harmonic:company:3466808,7.200366e-06
urn:harmonic:company:1842711,7.1984914e-06
urn:harmonic:company:7544922,7.1960753e-06
urn:harmonic:company:3328953,7.1955405e-06
urn:harmonic:company:767174,7.192227e-06
urn:harmonic:company:1566914,7.1880713e-06
urn:harmonic:company:4092229,7.1878517e-06
urn:harmonic:company:644615,7.187461e-06
urn:harmonic:company:3218990,7.186611e-06
urn:harmonic:company:3693261,7.184288e-06
urn:harmonic:company:4586403,7.1837812e-06
urn:harmonic:company:4305916,7.1833083e-06
urn:harmonic:company:1968303,7.182514e-06
urn:harmonic:company:678060,7.177912e-06
urn:harmonic:company:3470498,7.1777004e-06
urn:harmonic:company:3211373,7.1764134e-06
urn:harmonic:company:12841159,7.176304e-06
urn:harmonic:company:1984887,7.175414e-06
urn:harmonic:company:10632353,7.1735876e-06
urn:harmonic:company:2021800,7.172007e-06
urn:harmonic:company:3531300,7.1716654e-06
urn:harmonic:company:697025,7.1689437e-06
urn:harmonic:company:56536,7.1682734e-06
urn:harmonic:company:11376842,7.1651634e-06
urn:harmonic:company:2033678,7.1634145e-06
urn:harmonic:company:615715,7.1634145e-06
urn:harmonic:company:3403113,7.160594e-06
urn:harmonic:company:1456414,7.159494e-06
urn:harmonic:company:4066953,7.1555764e-06
urn:harmonic:company:12886368,7.1550785e-06
urn:harmonic:company:12802436,7.1541913e-06
urn:harmonic:company:523909,7.1538707e-06
urn:harmonic:company:106055,7.1520285e-06
urn:harmonic:company:3439508,7.149608e-06
urn:harmonic:company:1839474,7.1495806e-06
urn:harmonic:company:10270022,7.149349e-06
urn:harmonic:company:4249123,7.149233e-06
urn:harmonic:company:29359185,7.1441823e-06
urn:harmonic:company:1529315,7.142173e-06
urn:harmonic:company:2002245,7.1417435e-06
urn:harmonic:company:3272293,7.1403547e-06
urn:harmonic:company:3405491,7.1376244e-06
urn:harmonic:company:2004932,7.1373793e-06
urn:harmonic:company:736545,7.136331e-06
urn:harmonic:company:4013563,7.133677e-06
urn:harmonic:company:1633736,7.1324603e-06
urn:harmonic:company:3259618,7.1306104e-06
urn:harmonic:company:4589522,7.1304266e-06
urn:harmonic:company:12841990,7.1295426e-06
urn:harmonic:company:4184264,7.129012e-06
urn:harmonic:company:611077,7.12838e-06
urn:harmonic:company:3629038,7.1279583e-06
urn:harmonic:company:4499417,7.125192e-06
urn:harmonic:company:2111546,7.1244926e-06
urn:harmonic:company:4031542,7.1235004e-06
urn:harmonic:company:674759,7.123222e-06
urn:harmonic:company:5084399,7.1222707e-06
urn:harmonic:company:773480,7.120987e-06
urn:harmonic:company:4907436,7.1207155e-06
urn:harmonic:company:4462284,7.120281e-06
urn:harmonic:company:1562732,7.1195273e-06
urn:harmonic:company:11425106,7.119188e-06
urn:harmonic:company:3309426,7.118203e-06
urn:harmonic:company:4651561,7.1171585e-06
urn:harmonic:company:3928866,7.117131e-06
urn:harmonic:company:759600,7.116208e-06
urn:harmonic:company:4107577,7.1159634e-06
urn:harmonic:company:4414965,7.114383e-06
urn:harmonic:company:169943,7.1140644e-06
urn:harmonic:company:1442845,7.112307e-06
urn:harmonic:company:1731521,7.112246e-06
urn:harmonic:company:3443708,7.1120626e-06
urn:harmonic:company:12172348,7.109621e-06
urn:harmonic:company:3222594,7.108225e-06
urn:harmonic:company:11453303,7.1055883e-06
urn:harmonic:company:19796092,7.105277e-06
urn:harmonic:company:1449041,7.1051545e-06
urn:harmonic:company:3213973,7.104694e-06
urn:harmonic:company:8233453,7.103955e-06
urn:harmonic:company:6674074,7.103176e-06
urn:harmonic:company:796661,7.0969872e-06
urn:harmonic:company:4085523,7.0969336e-06
urn:harmonic:company:18914810,7.0954648e-06
urn:harmonic:company:4823410,7.0932324e-06
urn:harmonic:company:4308811,7.0930632e-06
urn:harmonic:company:1506357,7.092245e-06
urn:harmonic:company:3053966,7.0922306e-06
urn:harmonic:company:1448843,7.089087e-06
urn:harmonic:company:3226487,7.0883902e-06
urn:harmonic:company:734672,7.0858555e-06
urn:harmonic:company:1561898,7.0854844e-06
urn:harmonic:company:4185774,7.084754e-06
urn:harmonic:company:34690963,7.084295e-06
urn:harmonic:company:1543306,7.084255e-06
urn:harmonic:company:2169762,7.0829037e-06
urn:harmonic:company:669744,7.0810597e-06
urn:harmonic:company:10871908,7.080499e-06
urn:harmonic:company:3210763,7.078075e-06
urn:harmonic:company:620900,7.077704e-06
urn:harmonic:company:12882567,7.0738506e-06
urn:harmonic:company:4105537,7.0731426e-06
urn:harmonic:company:12467563,7.0729207e-06
urn:harmonic:company:3611947,7.0698047e-06
urn:harmonic:company:10978992,7.068059e-06
urn:harmonic:company:655724,7.0665556e-06
urn:harmonic:company:607121,7.0658075e-06
urn:harmonic:company:1973591,7.065248e-06
urn:harmonic:company:12886501,7.064143e-06
urn:harmonic:company:37440496,7.053998e-06
urn:harmonic:company:11365037,7.0528686e-06
urn:harmonic:company:5001335,7.0527603e-06
urn:harmonic:company:1589928,7.0518995e-06
urn:harmonic:company:12177885,7.050306e-06
urn:harmonic:company:6638288,7.0502524e-06
urn:harmonic:company:13369715,7.0480405e-06
urn:harmonic:company:3654027,7.0470255e-06
urn:harmonic:company:726291,7.0462597e-06
urn:harmonic:company:746690,7.0462124e-06
urn:harmonic:company:7358108,7.04591e-06
urn:harmonic:company:10342901,7.045742e-06
urn:harmonic:company:3693486,7.045588e-06
urn:harmonic:company:4104740,7.045218e-06
urn:harmonic:company:3318787,7.0449496e-06
urn:harmonic:company:3959185,7.0398655e-06
urn:harmonic:company:1855193,7.0395495e-06
urn:harmonic:company:4653878,7.038281e-06
urn:harmonic:company:2160220,7.038221e-06
urn:harmonic:company:1956190,7.0361675e-06
urn:harmonic:company:12433858,7.0349593e-06
urn:harmonic:company:684905,7.0345563e-06
urn:harmonic:company:553409,7.033926e-06
urn:harmonic:company:4413184,7.032725e-06
urn:harmonic:company:40764023,7.0319943e-06
urn:harmonic:company:1566750,7.0315923e-06
urn:harmonic:company:4323769,7.0310352e-06
urn:harmonic:company:11560675,7.0285755e-06
urn:harmonic:company:1478158,7.028454e-06
urn:harmonic:company:796487,7.026511e-06
urn:harmonic:company:8258435,7.026317e-06
urn:harmonic:company:680058,7.025459e-06
urn:harmonic:company:3129082,7.024943e-06
urn:harmonic:company:3102393,7.024742e-06
urn:harmonic:company:1408416,7.0216947e-06
urn:harmonic:company:750520,7.020744e-06
urn:harmonic:company:1532272,7.017718e-06
urn:harmonic:company:4598306,7.0169885e-06
urn:harmonic:company:1510275,7.0149817e-06
urn:harmonic:company:1836649,7.0131355e-06
urn:harmonic:company:3678007,7.012921e-06
urn:harmonic:company:660545,7.0106676e-06
urn:harmonic:company:106313,7.0069113e-06
urn:harmonic:company:701098,7.0064634e-06
urn:harmonic:company:8805115,7.00627e-06
urn:harmonic:company:4327175,7.004413e-06
urn:harmonic:company:578034,7.0007795e-06
urn:harmonic:company:25845197,6.996281e-06
urn:harmonic:company:3197474,6.9958874e-06
urn:harmonic:company:8704418,6.9958605e-06
urn:harmonic:company:9307945,6.994073e-06
urn:harmonic:company:10752903,6.9932194e-06
urn:harmonic:company:1757340,6.991065e-06
urn:harmonic:company:13010999,6.98658e-06
urn:harmonic:company:3276830,6.986047e-06
urn:harmonic:company:3184769,6.9839152e-06
urn:harmonic:company:661624,6.9817775e-06
urn:harmonic:company:3777647,6.9814646e-06
urn:harmonic:company:6704485,6.9811654e-06
urn:harmonic:company:43206167,6.9801663e-06
urn:harmonic:company:3592572,6.9788152e-06
urn:harmonic:company:1504698,6.972861e-06
urn:harmonic:company:730854,6.970527e-06
urn:harmonic:company:10237151,6.9695907e-06
urn:harmonic:company:3329376,6.966939e-06
urn:harmonic:company:5819967,6.9667462e-06
urn:harmonic:company:622447,6.9661883e-06
urn:harmonic:company:2205210,6.966075e-06
urn:harmonic:company:8179690,6.9651387e-06
urn:harmonic:company:4177374,6.964687e-06
urn:harmonic:company:2250482,6.9644348e-06
urn:harmonic:company:768788,6.9619573e-06
urn:harmonic:company:4137496,6.9610214e-06
urn:harmonic:company:47073860,6.9608027e-06
urn:harmonic:company:629196,6.9598996e-06
urn:harmonic:company:2145821,6.959787e-06
urn:harmonic:company:4166907,6.959528e-06
urn:harmonic:company:633465,6.956429e-06
urn:harmonic:company:3158081,6.950262e-06
urn:harmonic:company:11619892,6.9502426e-06
urn:harmonic:company:4104857,6.9492808e-06
urn:harmonic:company:667031,6.948698e-06
urn:harmonic:company:1448514,6.9478165e-06
urn:harmonic:company:41972544,6.945862e-06
urn:harmonic:company:1625525,6.945697e-06
urn:harmonic:company:4069531,6.945386e-06
urn:harmonic:company:722534,6.945173e-06
urn:harmonic:company:632731,6.9441535e-06
urn:harmonic:company:2011261,6.9437033e-06
urn:harmonic:company:2179004,6.943147e-06
urn:harmonic:company:2161467,6.9422795e-06
urn:harmonic:company:3330450,6.9405983e-06
urn:harmonic:company:129516,6.940386e-06
urn:harmonic:company:3271725,6.9401676e-06
urn:harmonic:company:553786,6.940002e-06
urn:harmonic:company:4108793,6.939109e-06
urn:harmonic:company:12733042,6.937455e-06
urn:harmonic:company:1607036,6.9359266e-06
urn:harmonic:company:11335797,6.9352914e-06
urn:harmonic:company:2069906,6.9337307e-06
urn:harmonic:company:11454642,6.9325606e-06
urn:harmonic:company:773728,6.9280536e-06
urn:harmonic:company:3594898,6.92765e-06
urn:harmonic:company:3577586,6.927128e-06
urn:harmonic:company:1430610,6.9224593e-06
urn:harmonic:company:13250479,6.9216935e-06
urn:harmonic:company:3170823,6.9210537e-06
urn:harmonic:company:4051252,6.9134144e-06
urn:harmonic:company:796113,6.911654e-06
urn:harmonic:company:1448148,6.9067323e-06
urn:harmonic:company:11255931,6.904763e-06
urn:harmonic:company:9380259,6.9036832e-06
urn:harmonic:company:37053976,6.902814e-06
urn:harmonic:company:36336799,6.9010307e-06
urn:harmonic:company:6619,6.900721e-06
urn:harmonic:company:3179446,6.9002867e-06
urn:harmonic:company:739129,6.898043e-06
urn:harmonic:company:12890506,6.897747e-06
urn:harmonic:company:16239470,6.8976087e-06
urn:harmonic:company:10898179,6.8960703e-06
urn:harmonic:company:3637739,6.89087e-06
urn:harmonic:company:1371295,6.890817e-06
urn:harmonic:company:2026598,6.889601e-06
urn:harmonic:company:35105824,6.888944e-06
urn:harmonic:company:6638194,6.8853387e-06
urn:harmonic:company:4054298,6.88371e-06
urn:harmonic:company:1813289,6.8832837e-06
urn:harmonic:company:10904159,6.8797467e-06
urn:harmonic:company:4413166,6.8797267e-06
urn:harmonic:company:6768301,6.878985e-06
urn:harmonic:company:4314827,6.877254e-06
urn:harmonic:company:332250,6.875975e-06
urn:harmonic:company:3881181,6.8725335e-06
urn:harmonic:company:687548,6.8720287e-06
urn:harmonic:company:3650292,6.8713603e-06
urn:harmonic:company:4085379,6.8664863e-06
urn:harmonic:company:671282,6.8651902e-06
urn:harmonic:company:423767,6.8629315e-06
urn:harmonic:company:1713197,6.8628337e-06
urn:harmonic:company:3259572,6.8626437e-06
urn:harmonic:company:3344083,6.8616946e-06
urn:harmonic:company:49858584,6.858718e-06
urn:harmonic:company:6358392,6.858227e-06
urn:harmonic:company:770875,6.8580307e-06
urn:harmonic:company:10998870,6.8553827e-06
urn:harmonic:company:775615,6.855161e-06
urn:harmonic:company:729647,6.8522454e-06
urn:harmonic:company:5167546,6.8492595e-06
urn:harmonic:company:4176587,6.848763e-06
urn:harmonic:company:3488997,6.8478294e-06
urn:harmonic:company:725154,6.8475483e-06
urn:harmonic:company:3777811,6.846837e-06
urn:harmonic:company:36749527,6.841804e-06
urn:harmonic:company:3196781,6.8404015e-06
urn:harmonic:company:661870,6.837369e-06
urn:harmonic:company:3622429,6.8351e-06
urn:harmonic:company:10984677,6.83149e-06
urn:harmonic:company:5381127,6.830298e-06
urn:harmonic:company:769955,6.8279924e-06
urn:harmonic:company:148773,6.8250106e-06
urn:harmonic:company:2110280,6.8242034e-06
urn:harmonic:company:603180,6.8220234e-06
urn:harmonic:company:772678,6.8171526e-06
urn:harmonic:company:3260951,6.8163336e-06
urn:harmonic:company:2252100,6.8162876e-06
urn:harmonic:company:3488769,6.8155664e-06
urn:harmonic:company:6635406,6.8118816e-06
urn:harmonic:company:11509379,6.811778e-06
urn:harmonic:company:650007,6.811596e-06
urn:harmonic:company:1997808,6.808381e-06
urn:harmonic:company:43605498,6.8081545e-06
urn:harmonic:company:660557,6.8080826e-06
urn:harmonic:company:478913,6.8079594e-06
urn:harmonic:company:11580746,6.80498e-06
urn:harmonic:company:13414333,6.803494e-06
urn:harmonic:company:914336,6.8025206e-06
urn:harmonic:company:6081108,6.8006716e-06
urn:harmonic:company:3194895,6.7969304e-06
urn:harmonic:company:3628439,6.796743e-06
urn:harmonic:company:1836543,6.7958877e-06
urn:harmonic:company:1652134,6.7933793e-06
urn:harmonic:company:3631839,6.792097e-06
urn:harmonic:company:36818412,6.791812e-06
urn:harmonic:company:754701,6.790323e-06
urn:harmonic:company:2938452,6.7875967e-06
urn:harmonic:company:107312,6.7873766e-06
urn:harmonic:company:1712100,6.7863602e-06
urn:harmonic:company:4461078,6.7822775e-06
urn:harmonic:company:779957,6.781346e-06
urn:harmonic:company:1818901,6.781004e-06
urn:harmonic:company:5142372,6.7809456e-06
urn:harmonic:company:894881,6.772441e-06
urn:harmonic:company:8914580,6.7723504e-06
urn:harmonic:company:759102,6.766998e-06
urn:harmonic:company:2242062,6.7665787e-06
urn:harmonic:company:42023814,6.7660685e-06
urn:harmonic:company:36174268,6.763811e-06
urn:harmonic:company:4424920,6.761167e-06
urn:harmonic:company:32437,6.7598257e-06
urn:harmonic:company:10954067,6.758981e-06
urn:harmonic:company:1600840,6.756706e-06
urn:harmonic:company:6752347,6.7518176e-06
urn:harmonic:company:8113715,6.7514757e-06
urn:harmonic:company:2025227,6.745877e-06
urn:harmonic:company:632910,6.7448736e-06
urn:harmonic:company:3330523,6.744706e-06
urn:harmonic:company:12977563,6.740668e-06
urn:harmonic:company:10741029,6.7396395e-06
urn:harmonic:company:3056042,6.7362275e-06
urn:harmonic:company:1701826,6.7360925e-06
urn:harmonic:company:10720568,6.7330866e-06
urn:harmonic:company:20351432,6.733023e-06
urn:harmonic:company:11148173,6.7324513e-06
urn:harmonic:company:3548396,6.731462e-06
urn:harmonic:company:3251480,6.730172e-06
urn:harmonic:company:622854,6.729094e-06
urn:harmonic:company:57219,6.7287087e-06
urn:harmonic:company:11428979,6.726335e-06
urn:harmonic:company:39745328,6.725264e-06
urn:harmonic:company:3222590,6.724802e-06
urn:harmonic:company:107195,6.721519e-06
urn:harmonic:company:14449067,6.7171813e-06
urn:harmonic:company:1430346,6.715273e-06
urn:harmonic:company:4429839,6.715118e-06
urn:harmonic:company:10571685,6.7137357e-06
urn:harmonic:company:465310,6.711572e-06
urn:harmonic:company:1448122,6.711527e-06
urn:harmonic:company:34967141,6.709313e-06
urn:harmonic:company:16556602,6.7072724e-06
urn:harmonic:company:4202712,6.7063384e-06
urn:harmonic:company:3533508,6.705839e-06
urn:harmonic:company:47982503,6.7007313e-06
urn:harmonic:company:13833542,6.700431e-06
urn:harmonic:company:1841828,6.6985526e-06
urn:harmonic:company:10800143,6.6977223e-06
urn:harmonic:company:21695088,6.6968473e-06
urn:harmonic:company:4460416,6.6965727e-06
urn:harmonic:company:3213519,6.696349e-06
urn:harmonic:company:1906372,6.6955636e-06
urn:harmonic:company:3177638,6.693955e-06
urn:harmonic:company:3343068,6.6908087e-06
urn:harmonic:company:31619,6.6879566e-06
urn:harmonic:company:3616025,6.6875673e-06
urn:harmonic:company:16934993,6.6868915e-06
urn:harmonic:company:2041557,6.6868793e-06
urn:harmonic:company:3458303,6.6862412e-06
urn:harmonic:company:3670108,6.686056e-06
urn:harmonic:company:4136960,6.6836656e-06
urn:harmonic:company:3219107,6.683283e-06
urn:harmonic:company:3342275,6.6832067e-06
urn:harmonic:company:791152,6.681932e-06
urn:harmonic:company:1938691,6.681741e-06
urn:harmonic:company:623780,6.6812954e-06
urn:harmonic:company:4082787,6.6787406e-06
urn:harmonic:company:641701,6.676875e-06
urn:harmonic:company:3225267,6.676206e-06
urn:harmonic:company:1816432,6.6753273e-06
urn:harmonic:company:10379892,6.6740604e-06
urn:harmonic:company:1513405,6.6718208e-06
urn:harmonic:company:3294070,6.670917e-06
urn:harmonic:company:58452,6.6706434e-06
urn:harmonic:company:3064118,6.6690277e-06
urn:harmonic:company:3354306,6.668818e-06
urn:harmonic:company:3667154,6.665353e-06
urn:harmonic:company:465322,6.664456e-06
urn:harmonic:company:3949934,6.6638213e-06
urn:harmonic:company:9276669,6.6626453e-06
urn:harmonic:company:6678177,6.662467e-06
urn:harmonic:company:3206243,6.661902e-06
urn:harmonic:company:1784807,6.6596594e-06
urn:harmonic:company:1836456,6.657679e-06
urn:harmonic:company:12422561,6.657437e-06
urn:harmonic:company:774016,6.6570688e-06
urn:harmonic:company:3863415,6.655698e-06
urn:harmonic:company:1997414,6.6554e-06
urn:harmonic:company:18948758,6.655158e-06
urn:harmonic:company:10627131,6.6514026e-06
urn:harmonic:company:11293588,6.6503553e-06
urn:harmonic:company:195640,6.6490875e-06
urn:harmonic:company:3204136,6.645772e-06
urn:harmonic:company:43334725,6.644067e-06
urn:harmonic:company:6757482,6.643636e-06
urn:harmonic:company:468551,6.6424072e-06
urn:harmonic:company:2241639,6.640621e-06
urn:harmonic:company:42995977,6.6396838e-06
urn:harmonic:company:12790217,6.6392404e-06
urn:harmonic:company:21770394,6.6388293e-06
urn:harmonic:company:1992632,6.638468e-06
urn:harmonic:company:678234,6.6379175e-06
urn:harmonic:company:28541328,6.63786e-06
urn:harmonic:company:12889038,6.6377274e-06
urn:harmonic:company:57177,6.6373605e-06
urn:harmonic:company:1878765,6.6362404e-06
urn:harmonic:company:12443916,6.635702e-06
urn:harmonic:company:1957405,6.635658e-06
urn:harmonic:company:18276878,6.6345187e-06
urn:harmonic:company:1958138,6.6343987e-06
urn:harmonic:company:1430786,6.6331017e-06
urn:harmonic:company:3600764,6.629693e-06
urn:harmonic:company:1603518,6.629301e-06
urn:harmonic:company:10259609,6.626141e-06
urn:harmonic:company:10265324,6.6258876e-06
urn:harmonic:company:630551,6.6187517e-06
urn:harmonic:company:1534039,6.6173066e-06
urn:harmonic:company:1698042,6.6168077e-06
urn:harmonic:company:6786731,6.6166313e-06
urn:harmonic:company:4063652,6.6162775e-06
urn:harmonic:company:692902,6.6158923e-06
urn:harmonic:company:462156,6.615779e-06
urn:harmonic:company:3488927,6.614738e-06
urn:harmonic:company:1533973,6.61371e-06
urn:harmonic:company:1431644,6.612228e-06
urn:harmonic:company:615855,6.610929e-06
urn:harmonic:company:5230488,6.609794e-06
urn:harmonic:company:640912,6.6091766e-06
urn:harmonic:company:742308,6.6062526e-06
urn:harmonic:company:7510836,6.6059506e-06
urn:harmonic:company:49793,6.6057737e-06
urn:harmonic:company:2138705,6.6056728e-06
urn:harmonic:company:3678952,6.6047915e-06
urn:harmonic:company:1523182,6.6037333e-06
urn:harmonic:company:47985999,6.6021144e-06
urn:harmonic:company:490095,6.600459e-06
urn:harmonic:company:633181,6.5989484e-06
urn:harmonic:company:1838066,6.589899e-06
urn:harmonic:company:12888515,6.5878003e-06
urn:harmonic:company:34801373,6.5866375e-06
urn:harmonic:company:656102,6.582814e-06
urn:harmonic:company:32939983,6.579104e-06
urn:harmonic:company:28,6.5779627e-06
urn:harmonic:company:45021978,6.5766703e-06
urn:harmonic:company:12473032,6.574106e-06
urn:harmonic:company:487534,6.571824e-06
urn:harmonic:company:801603,6.570038e-06
urn:harmonic:company:3420414,6.568478e-06
urn:harmonic:company:1625682,6.5683844e-06
urn:harmonic:company:3602613,6.567677e-06
urn:harmonic:company:43536801,6.5671816e-06
urn:harmonic:company:10482648,6.566799e-06
urn:harmonic:company:19748045,6.5637505e-06
urn:harmonic:company:16379765,6.563669e-06
urn:harmonic:company:632030,6.56365e-06
urn:harmonic:company:1836666,6.56273e-06
urn:harmonic:company:19041841,6.5608215e-06
urn:harmonic:company:3280271,6.560452e-06
urn:harmonic:company:554733,6.5589757e-06
urn:harmonic:company:3628713,6.5583004e-06
urn:harmonic:company:3614186,6.557006e-06
urn:harmonic:company:1597924,6.556118e-06
urn:harmonic:company:4463762,6.555293e-06
urn:harmonic:company:170342,6.5550425e-06
urn:harmonic:company:1651272,6.5522427e-06
urn:harmonic:company:6837772,6.551924e-06
urn:harmonic:company:3196978,6.5516556e-06
urn:harmonic:company:32701,6.5508993e-06
urn:harmonic:company:3055395,6.5505246e-06
urn:harmonic:company:24804627,6.5502563e-06
urn:harmonic:company:3247946,6.5502563e-06
urn:harmonic:company:619323,6.5501813e-06
urn:harmonic:company:1956860,6.549525e-06
urn:harmonic:company:2107147,6.5487884e-06
urn:harmonic:company:3372123,6.5483323e-06
urn:harmonic:company:15427306,6.548176e-06
urn:harmonic:company:20400414,6.547939e-06
urn:harmonic:company:32599,6.5430386e-06
urn:harmonic:company:757952,6.542851e-06
urn:harmonic:company:3638251,6.541092e-06
urn:harmonic:company:4370626,6.540562e-06
urn:harmonic:company:10755166,6.5390464e-06
urn:harmonic:company:1449221,6.5374065e-06
urn:harmonic:company:623200,6.5371696e-06
urn:harmonic:company:1685434,6.536571e-06
urn:harmonic:company:3222177,6.5347326e-06
urn:harmonic:company:691376,6.5344457e-06
urn:harmonic:company:10499540,6.5339914e-06
urn:harmonic:company:4148475,6.532732e-06
urn:harmonic:company:2001345,6.5325394e-06
urn:harmonic:company:1919666,6.5318973e-06
urn:harmonic:company:2160424,6.5307204e-06
urn:harmonic:company:12590648,6.529232e-06
urn:harmonic:company:3854676,6.5291447e-06
urn:harmonic:company:3219112,6.5270715e-06
urn:harmonic:company:1463053,6.525024e-06
urn:harmonic:company:1559844,6.523898e-06
urn:harmonic:company:47604040,6.522964e-06
urn:harmonic:company:733197,6.52266e-06
urn:harmonic:company:728739,6.5223117e-06
urn:harmonic:company:10345585,6.520334e-06
urn:harmonic:company:3217196,6.5201784e-06
urn:harmonic:company:1600105,6.519868e-06
urn:harmonic:company:1733073,6.5194945e-06
urn:harmonic:company:18731728,6.51428e-06
urn:harmonic:company:6561618,6.513609e-06
urn:harmonic:company:634773,6.5109757e-06
urn:harmonic:company:1526735,6.5107274e-06
urn:harmonic:company:3522451,6.5093864e-06
urn:harmonic:company:10895679,6.5028094e-06
urn:harmonic:company:7283226,6.501811e-06
urn:harmonic:company:1796710,6.5016316e-06
urn:harmonic:company:1966508,6.500534e-06
urn:harmonic:company:1601531,6.499877e-06
urn:harmonic:company:21629032,6.4991145e-06
urn:harmonic:company:715960,6.4976393e-06
urn:harmonic:company:2156447,6.496673e-06
urn:harmonic:company:1881148,6.495471e-06
urn:harmonic:company:105313,6.4951305e-06
urn:harmonic:company:7071035,6.493235e-06
urn:harmonic:company:602902,6.493229e-06
urn:harmonic:company:730378,6.492752e-06
urn:harmonic:company:4116994,6.491434e-06
urn:harmonic:company:34706400,6.490641e-06
urn:harmonic:company:794004,6.4885676e-06
urn:harmonic:company:7508316,6.487857e-06
urn:harmonic:company:3142784,6.487819e-06
urn:harmonic:company:4515770,6.487256e-06
urn:harmonic:company:1808863,6.485765e-06
urn:harmonic:company:1590647,6.4820983e-06
urn:harmonic:company:6595,6.480195e-06
urn:harmonic:company:2141035,6.4789283e-06
urn:harmonic:company:1790090,6.478761e-06
urn:harmonic:company:678072,6.4744563e-06
urn:harmonic:company:611638,6.4742585e-06
urn:harmonic:company:6261977,6.4740425e-06
urn:harmonic:company:11105567,6.472258e-06
urn:harmonic:company:4526325,6.4722276e-06
urn:harmonic:company:3572950,6.4707524e-06
urn:harmonic:company:4389425,6.468809e-06
urn:harmonic:company:781787,6.466761e-06
urn:harmonic:company:10272057,6.4645537e-06
urn:harmonic:company:106933,6.4634314e-06
urn:harmonic:company:123177,6.4629817e-06
urn:harmonic:company:1576335,6.462101e-06
urn:harmonic:company:3496174,6.4619835e-06
urn:harmonic:company:11265197,6.459636e-06
urn:harmonic:company:4298049,6.4595006e-06
urn:harmonic:company:1594484,6.4593523e-06
urn:harmonic:company:3416867,6.4566984e-06
urn:harmonic:company:3278000,6.4531405e-06
urn:harmonic:company:1889484,6.452082e-06
urn:harmonic:company:10782239,6.452002e-06
urn:harmonic:company:700405,6.4515525e-06
urn:harmonic:company:106643,6.451343e-06
urn:harmonic:company:778861,6.4492024e-06
urn:harmonic:company:783101,6.444997e-06
urn:harmonic:company:1526434,6.4445544e-06
urn:harmonic:company:1633295,6.443043e-06
urn:harmonic:company:11225807,6.4416727e-06
urn:harmonic:company:1466,6.440229e-06
urn:harmonic:company:4819351,6.439388e-06
urn:harmonic:company:6405,6.438964e-06
urn:harmonic:company:1430746,6.4383803e-06
urn:harmonic:company:10048658,6.4259098e-06
urn:harmonic:company:35215902,6.4244146e-06
urn:harmonic:company:643362,6.423245e-06
urn:harmonic:company:428499,6.4217993e-06
urn:harmonic:company:682656,6.421438e-06
urn:harmonic:company:2160178,6.4211317e-06
urn:harmonic:company:33451212,6.420593e-06
urn:harmonic:company:4576825,6.419711e-06
urn:harmonic:company:10198407,6.418505e-06
urn:harmonic:company:625867,6.4166147e-06
urn:harmonic:company:3359300,6.41599e-06
urn:harmonic:company:800575,6.4157025e-06
urn:harmonic:company:2160242,6.4156966e-06
urn:harmonic:company:12749844,6.4155925e-06
urn:harmonic:company:36812525,6.413482e-06
urn:harmonic:company:1430279,6.41254e-06
urn:harmonic:company:41991211,6.4121427e-06
urn:harmonic:company:487589,6.4105166e-06
urn:harmonic:company:3276351,6.4089086e-06
urn:harmonic:company:10624691,6.403636e-06
urn:harmonic:company:3282575,6.4034284e-06
urn:harmonic:company:1489765,6.4022993e-06
urn:harmonic:company:648977,6.4015417e-06
urn:harmonic:company:622885,6.400833e-06
urn:harmonic:company:4236079,6.400577e-06
urn:harmonic:company:5915539,6.397971e-06
urn:harmonic:company:3523181,6.397404e-06
urn:harmonic:company:10926975,6.3972334e-06
urn:harmonic:company:2262814,6.396806e-06
urn:harmonic:company:4466507,6.396038e-06
urn:harmonic:company:17964685,6.395324e-06
urn:harmonic:company:4306652,6.394976e-06
urn:harmonic:company:1823784,6.3933476e-06
urn:harmonic:company:12176821,6.3914586e-06
urn:harmonic:company:11564196,6.390611e-06
urn:harmonic:company:3075771,6.3901784e-06
urn:harmonic:company:667974,6.38871e-06
urn:harmonic:company:1400495,6.387918e-06
urn:harmonic:company:12585333,6.3864313e-06
urn:harmonic:company:3082316,6.385853e-06
urn:harmonic:company:36852630,6.3853354e-06
urn:harmonic:company:795416,6.3841603e-06
urn:harmonic:company:5884617,6.383941e-06
urn:harmonic:company:3951600,6.383637e-06
urn:harmonic:company:12590482,6.382443e-06
urn:harmonic:company:1430821,6.381549e-06
urn:harmonic:company:1972008,6.3801367e-06
urn:harmonic:company:624575,6.377728e-06
urn:harmonic:company:4202634,6.3776183e-06
urn:harmonic:company:12866988,6.376451e-06
urn:harmonic:company:1449556,6.3762986e-06
urn:harmonic:company:13352437,6.375995e-06
urn:harmonic:company:11027009,6.374274e-06
urn:harmonic:company:3062942,6.373429e-06
urn:harmonic:company:6499387,6.372505e-06
urn:harmonic:company:16828232,6.3707007e-06
urn:harmonic:company:767127,6.3689818e-06
urn:harmonic:company:6992206,6.3673965e-06
urn:harmonic:company:3226388,6.3672323e-06
urn:harmonic:company:4300086,6.365563e-06
urn:harmonic:company:638022,6.3643974e-06
urn:harmonic:company:1706702,6.362413e-06
urn:harmonic:company:3167501,6.360593e-06
urn:harmonic:company:3775451,6.3586704e-06
urn:harmonic:company:697723,6.358616e-06
urn:harmonic:company:3099125,6.3581792e-06
urn:harmonic:company:710150,6.3577245e-06
urn:harmonic:company:7899378,6.357264e-06
urn:harmonic:company:4166198,6.3568214e-06
urn:harmonic:company:683263,6.3565485e-06
urn:harmonic:company:34866,6.3552393e-06
urn:harmonic:company:1578961,6.3539906e-06
urn:harmonic:company:725813,6.353954e-06
urn:harmonic:company:1632592,6.3533425e-06
urn:harmonic:company:4152175,6.352694e-06
urn:harmonic:company:12183596,6.3509196e-06
urn:harmonic:company:48258832,6.346675e-06
urn:harmonic:company:4104998,6.346421e-06
urn:harmonic:company:169941,6.3462876e-06
urn:harmonic:company:1520278,6.345374e-06
urn:harmonic:company:3296184,6.3452103e-06
urn:harmonic:company:11463237,6.3450952e-06
urn:harmonic:company:6761882,6.3449625e-06
urn:harmonic:company:3488645,6.3445027e-06
urn:harmonic:company:43912042,6.34247e-06
urn:harmonic:company:12631585,6.341357e-06
urn:harmonic:company:11245431,6.3375905e-06
urn:harmonic:company:1800783,6.3371367e-06
urn:harmonic:company:5859665,6.3341645e-06
urn:harmonic:company:3775293,6.33266e-06
urn:harmonic:company:10510552,6.331235e-06
urn:harmonic:company:2177797,6.330855e-06
urn:harmonic:company:620259,6.3274206e-06
urn:harmonic:company:9969985,6.3273724e-06
urn:harmonic:company:4046533,6.3261837e-06
urn:harmonic:company:756806,6.3259367e-06
urn:harmonic:company:169417,6.3228904e-06
urn:harmonic:company:10340352,6.3225525e-06
urn:harmonic:company:3616575,6.3223656e-06
urn:harmonic:company:34853979,6.321793e-06
urn:harmonic:company:4566742,6.3215575e-06
urn:harmonic:company:5384797,6.321015e-06
urn:harmonic:company:1671035,6.3207804e-06
urn:harmonic:company:2006968,6.3197917e-06
urn:harmonic:company:7842099,6.3190023e-06
urn:harmonic:company:1690871,6.316478e-06
urn:harmonic:company:16162994,6.316315e-06
urn:harmonic:company:746401,6.3153816e-06
urn:harmonic:company:39405786,6.313262e-06
urn:harmonic:company:43926970,6.312931e-06
urn:harmonic:company:3294421,6.312576e-06
urn:harmonic:company:813930,6.312371e-06
urn:harmonic:company:611532,6.3119196e-06
urn:harmonic:company:10861010,6.309055e-06
urn:harmonic:company:663374,6.3070515e-06
urn:harmonic:company:3345707,6.306408e-06
urn:harmonic:company:15934904,6.3063962e-06
urn:harmonic:company:1449214,6.30461e-06
urn:harmonic:company:6603273,6.30381e-06
urn:harmonic:company:1522712,6.302999e-06
urn:harmonic:company:624334,6.302656e-06
urn:harmonic:company:4413149,6.301953e-06
urn:harmonic:company:2169285,6.3010216e-06
urn:harmonic:company:715171,6.299399e-06
urn:harmonic:company:10535211,6.29845e-06
urn:harmonic:company:795179,6.297405e-06
urn:harmonic:company:1982042,6.295874e-06
urn:harmonic:company:10627792,6.2945655e-06
urn:harmonic:company:636144,6.2942295e-06
urn:harmonic:company:3220270,6.292975e-06
urn:harmonic:company:726134,6.291564e-06
urn:harmonic:company:3558054,6.2915105e-06
urn:harmonic:company:710585,6.2891586e-06
urn:harmonic:company:1996667,6.284057e-06
urn:harmonic:company:776916,6.283601e-06
urn:harmonic:company:1534317,6.2835834e-06
urn:harmonic:company:8959152,6.2825466e-06
urn:harmonic:company:28651451,6.2818276e-06
urn:harmonic:company:1775743,6.2769714e-06
urn:harmonic:company:800070,6.276475e-06
urn:harmonic:company:607384,6.275265e-06
urn:harmonic:company:4391059,6.275026e-06
urn:harmonic:company:10530639,6.2740387e-06
urn:harmonic:company:4063742,6.273458e-06
urn:harmonic:company:4039776,6.268584e-06
urn:harmonic:company:34638730,6.2673466e-06
urn:harmonic:company:2077202,6.2657095e-06
urn:harmonic:company:775061,6.2641197e-06
urn:harmonic:company:4204616,6.2621134e-06
urn:harmonic:company:2120365,6.2618806e-06
urn:harmonic:company:627534,6.2616236e-06
urn:harmonic:company:4498379,6.2608356e-06
urn:harmonic:company:4414234,6.2584772e-06
urn:harmonic:company:6529243,6.2577733e-06
urn:harmonic:company:2197411,6.256335e-06
urn:harmonic:company:5788254,6.255965e-06
urn:harmonic:company:727821,6.255679e-06
urn:harmonic:company:9759,6.251951e-06
urn:harmonic:company:4413116,6.250181e-06
urn:harmonic:company:3320196,6.2467125e-06
urn:harmonic:company:12867533,6.245539e-06
urn:harmonic:company:1506281,6.2420263e-06
urn:harmonic:company:773703,6.2412464e-06
urn:harmonic:company:745866,6.24077e-06
urn:harmonic:company:1941979,6.2399727e-06
urn:harmonic:company:1429640,6.234875e-06
urn:harmonic:company:11018416,6.2343515e-06
urn:harmonic:company:722030,6.2329545e-06
urn:harmonic:company:3918407,6.231148e-06
urn:harmonic:company:554700,6.2298286e-06
urn:harmonic:company:3499517,6.2296685e-06
urn:harmonic:company:21515240,6.229484e-06
urn:harmonic:company:1586310,6.227827e-06
urn:harmonic:company:701637,6.2268828e-06
urn:harmonic:company:2204048,6.225998e-06
urn:harmonic:company:3684441,6.224947e-06
urn:harmonic:company:3574494,6.2248755e-06
urn:harmonic:company:4211668,6.2230833e-06
urn:harmonic:company:10528364,6.2216113e-06
urn:harmonic:company:3472657,6.219731e-06
urn:harmonic:company:13091412,6.2182007e-06
urn:harmonic:company:1444092,6.21689e-06
urn:harmonic:company:6246935,6.2167182e-06
urn:harmonic:company:4071574,6.2157696e-06
urn:harmonic:company:7748006,6.2153254e-06
urn:harmonic:company:1894511,6.214774e-06
urn:harmonic:company:2235962,6.214021e-06
urn:harmonic:company:1497207,6.210698e-06
urn:harmonic:company:1502931,6.210212e-06
urn:harmonic:company:34637304,6.2060676e-06
urn:harmonic:company:4192088,6.205375e-06
urn:harmonic:company:11075513,6.204624e-06
urn:harmonic:company:180816,6.2041327e-06
urn:harmonic:company:12467424,6.2036297e-06
urn:harmonic:company:673891,6.2008794e-06
urn:harmonic:company:6547700,6.199147e-06
urn:harmonic:company:730344,6.198408e-06
urn:harmonic:company:10235891,6.195684e-06
urn:harmonic:company:1422019,6.1937812e-06
urn:harmonic:company:10872263,6.1936867e-06
urn:harmonic:company:34660973,6.1932083e-06
urn:harmonic:company:41050299,6.1927885e-06
urn:harmonic:company:781671,6.1926826e-06
urn:harmonic:company:702473,6.1914957e-06
urn:harmonic:company:3333274,6.191135e-06
urn:harmonic:company:1676277,6.190368e-06
urn:harmonic:company:11692020,6.188963e-06
urn:harmonic:company:1685495,6.1878177e-06
urn:harmonic:company:2247340,6.1835294e-06
urn:harmonic:company:1429736,6.18179e-06
urn:harmonic:company:3334913,6.1801516e-06
urn:harmonic:company:3712451,6.1796386e-06
urn:harmonic:company:5611011,6.178136e-06
urn:harmonic:company:10431216,6.177912e-06
urn:harmonic:company:772327,6.1756264e-06
urn:harmonic:company:1514155,6.1737833e-06
urn:harmonic:company:4224190,6.1705873e-06
urn:harmonic:company:1836490,6.1677983e-06
urn:harmonic:company:3553316,6.167063e-06
urn:harmonic:company:1938333,6.166775e-06
urn:harmonic:company:1448257,6.166481e-06
urn:harmonic:company:170455,6.165505e-06
urn:harmonic:company:661668,6.164876e-06
urn:harmonic:company:11435473,6.1639585e-06
urn:harmonic:company:634766,6.162055e-06
urn:harmonic:company:3235585,6.159921e-06
urn:harmonic:company:6571851,6.1592223e-06
urn:harmonic:company:10554500,6.158289e-06
urn:harmonic:company:4413946,6.1572905e-06
urn:harmonic:company:748066,6.1570086e-06
urn:harmonic:company:3410940,6.1567557e-06
urn:harmonic:company:775055,6.1563455e-06
urn:harmonic:company:12578066,6.1551536e-06
urn:harmonic:company:5215678,6.149515e-06
urn:harmonic:company:4326594,6.1487876e-06
urn:harmonic:company:15838996,6.1483597e-06
urn:harmonic:company:1817782,6.148272e-06
urn:harmonic:company:10918926,6.147867e-06
urn:harmonic:company:1579544,6.147533e-06
urn:harmonic:company:662234,6.1472338e-06
urn:harmonic:company:1306169,6.1471465e-06
urn:harmonic:company:105694,6.1470582e-06
urn:harmonic:company:1666679,6.146419e-06
urn:harmonic:company:765856,6.145464e-06
urn:harmonic:company:1795828,6.1451883e-06
urn:harmonic:company:6828686,6.1449596e-06
urn:harmonic:company:1433122,6.142956e-06
urn:harmonic:company:3248710,6.141597e-06
urn:harmonic:company:4530886,6.141421e-06
urn:harmonic:company:37493915,6.1391725e-06
urn:harmonic:company:1450151,6.1391024e-06
urn:harmonic:company:1729757,6.1387454e-06
urn:harmonic:company:3212458,6.1382943e-06
urn:harmonic:company:10211306,6.137779e-06
urn:harmonic:company:6646026,6.137077e-06
urn:harmonic:company:12473083,6.1367377e-06
urn:harmonic:company:2241205,6.136369e-06
urn:harmonic:company:31641814,6.135655e-06
urn:harmonic:company:12886083,6.1353217e-06
urn:harmonic:company:8993655,6.1350756e-06
urn:harmonic:company:1510330,6.1350697e-06
urn:harmonic:company:1777113,6.1347014e-06
urn:harmonic:company:1971275,6.1325663e-06
urn:harmonic:company:4647325,6.1322153e-06
urn:harmonic:company:656323,6.1311625e-06
urn:harmonic:company:6644910,6.1308356e-06
urn:harmonic:company:1646047,6.1296196e-06
urn:harmonic:company:169609,6.128275e-06
urn:harmonic:company:3193009,6.1282403e-06
urn:harmonic:company:3907762,6.128158e-06
urn:harmonic:company:796119,6.126633e-06
urn:harmonic:company:709250,6.125967e-06
urn:harmonic:company:649382,6.1259084e-06
urn:harmonic:company:2142576,6.1257037e-06
urn:harmonic:company:4445798,6.1242145e-06
urn:harmonic:company:1790618,6.1239166e-06
urn:harmonic:company:3718069,6.122363e-06
urn:harmonic:company:2247532,6.1207584e-06
urn:harmonic:company:1775518,6.120501e-06
urn:harmonic:company:10310894,6.120419e-06
urn:harmonic:company:2018,6.118949e-06
urn:harmonic:company:35094678,6.1188434e-06
urn:harmonic:company:1592208,6.116493e-06
urn:harmonic:company:1537685,6.113448e-06
urn:harmonic:company:2230759,6.1132328e-06
urn:harmonic:company:6589849,6.109928e-06
urn:harmonic:company:3530631,6.109479e-06
urn:harmonic:company:2122530,6.108442e-06
urn:harmonic:company:1506127,6.1070446e-06
urn:harmonic:company:688090,6.106619e-06
urn:harmonic:company:36907708,6.105437e-06
urn:harmonic:company:3652257,6.1037076e-06
urn:harmonic:company:47964846,6.1007167e-06
urn:harmonic:company:34570233,6.1002047e-06
urn:harmonic:company:29799007,6.0995703e-06
urn:harmonic:company:725861,6.0986285e-06
urn:harmonic:company:656449,6.09732e-06
urn:harmonic:company:7498471,6.0944367e-06
urn:harmonic:company:6569475,6.0922284e-06
urn:harmonic:company:3126638,6.090265e-06
urn:harmonic:company:1613312,6.089812e-06
urn:harmonic:company:41737338,6.089022e-06
urn:harmonic:company:1571802,6.088627e-06
urn:harmonic:company:12632870,6.0879593e-06
urn:harmonic:company:660597,6.087588e-06
urn:harmonic:company:3920674,6.0869666e-06
urn:harmonic:company:1883806,6.086856e-06
urn:harmonic:company:4531634,6.0856487e-06
urn:harmonic:company:1399582,6.084535e-06
urn:harmonic:company:1733081,6.0839666e-06
urn:harmonic:company:11259688,6.082412e-06
urn:harmonic:company:4467502,6.080979e-06
urn:harmonic:company:41078676,6.07939e-06
urn:harmonic:company:726057,6.079361e-06
urn:harmonic:company:1563696,6.079361e-06
urn:harmonic:company:3327766,6.0791585e-06
urn:harmonic:company:685269,6.0785674e-06
urn:harmonic:company:4584693,6.0775697e-06
urn:harmonic:company:3261435,6.0763355e-06
urn:harmonic:company:12886319,6.076133e-06
urn:harmonic:company:1626265,6.0753796e-06
urn:harmonic:company:4467605,6.0749103e-06
urn:harmonic:company:11399482,6.0748234e-06
urn:harmonic:company:4218626,6.0735315e-06
urn:harmonic:company:3555070,6.0674697e-06
urn:harmonic:company:4577247,6.065844e-06
urn:harmonic:company:16176875,6.0651037e-06
urn:harmonic:company:4295315,6.0635016e-06
urn:harmonic:company:4413180,6.0608713e-06
urn:harmonic:company:3966395,6.0593516e-06
urn:harmonic:company:1836323,6.051348e-06
urn:harmonic:company:2160261,6.0509956e-06
urn:harmonic:company:11615543,6.049807e-06
urn:harmonic:company:4226423,6.0495586e-06
urn:harmonic:company:3702549,6.048774e-06
urn:harmonic:company:8547487,6.0483417e-06
urn:harmonic:company:3319064,6.047338e-06
urn:harmonic:company:792527,6.0471016e-06
urn:harmonic:company:425071,6.0469056e-06
urn:harmonic:company:7696274,6.0455736e-06
urn:harmonic:company:1691536,6.039379e-06
urn:harmonic:company:4527258,6.0383304e-06
urn:harmonic:company:1795859,6.0379043e-06
urn:harmonic:company:2194247,6.0376337e-06
urn:harmonic:company:3682935,6.03582e-06
urn:harmonic:company:12888409,6.0355733e-06
urn:harmonic:company:1389197,6.0353145e-06
urn:harmonic:company:11716089,6.0316434e-06
urn:harmonic:company:1422128,6.030435e-06
urn:harmonic:company:12857922,6.0300385e-06
urn:harmonic:company:11586158,6.0297334e-06
urn:harmonic:company:1747099,6.028584e-06
urn:harmonic:company:3637733,6.028509e-06
urn:harmonic:company:10050295,6.0278135e-06
urn:harmonic:company:8226893,6.02606e-06
urn:harmonic:company:5989064,6.022119e-06
urn:harmonic:company:1883604,6.021568e-06
urn:harmonic:company:703091,6.0209477e-06
urn:harmonic:company:3203024,6.0197194e-06
urn:harmonic:company:4911954,6.0183584e-06
urn:harmonic:company:3127768,6.01771e-06
urn:harmonic:company:4290841,6.0163097e-06
urn:harmonic:company:2134126,6.0124503e-06
urn:harmonic:company:12176393,6.012112e-06
urn:harmonic:company:4016516,6.0099565e-06
urn:harmonic:company:3215908,6.007532e-06
urn:harmonic:company:3395437,6.0063467e-06
urn:harmonic:company:8294299,6.0048974e-06
urn:harmonic:company:1613518,6.0025213e-06
urn:harmonic:company:1555635,6.002069e-06
urn:harmonic:company:6642974,5.9990875e-06
urn:harmonic:company:3645521,5.999025e-06
urn:harmonic:company:2048538,5.9968165e-06
urn:harmonic:company:1548362,5.9955587e-06
urn:harmonic:company:12574831,5.994478e-06
urn:harmonic:company:3678176,5.9923573e-06
urn:harmonic:company:2211544,5.990883e-06
urn:harmonic:company:4097026,5.989409e-06
urn:harmonic:company:3717454,5.986594e-06
urn:harmonic:company:701272,5.9861036e-06
urn:harmonic:company:11338943,5.985618e-06
urn:harmonic:company:1773954,5.984351e-06
urn:harmonic:company:768653,5.9841227e-06
urn:harmonic:company:801148,5.983484e-06
urn:harmonic:company:6603277,5.9826675e-06
urn:harmonic:company:3681914,5.98216e-06
urn:harmonic:company:800741,5.9806653e-06
urn:harmonic:company:685967,5.980334e-06
urn:harmonic:company:2104297,5.9786007e-06
urn:harmonic:company:3627760,5.9777512e-06
urn:harmonic:company:10799698,5.9771583e-06
urn:harmonic:company:4418758,5.9721506e-06
urn:harmonic:company:3968314,5.971279e-06
urn:harmonic:company:32427,5.970652e-06
urn:harmonic:company:770970,5.97059e-06
urn:harmonic:company:660723,5.9671515e-06
urn:harmonic:company:39807810,5.9669865e-06
urn:harmonic:company:10337315,5.966981e-06
urn:harmonic:company:12819097,5.9655526e-06
urn:harmonic:company:44882868,5.965445e-06
urn:harmonic:company:1842398,5.9651547e-06
urn:harmonic:company:1888761,5.963272e-06
urn:harmonic:company:1639056,5.96255e-06
urn:harmonic:company:40118799,5.9612025e-06
urn:harmonic:company:12579682,5.95923e-06
urn:harmonic:company:3746450,5.9590875e-06
urn:harmonic:company:4430140,5.958673e-06
urn:harmonic:company:4052257,5.9575023e-06
urn:harmonic:company:1619797,5.9572976e-06
urn:harmonic:company:10318154,5.9555596e-06
urn:harmonic:company:10674900,5.9545146e-06
urn:harmonic:company:4322577,5.953538e-06
urn:harmonic:company:3316373,5.9534586e-06
urn:harmonic:company:1868385,5.9531235e-06
urn:harmonic:company:656371,5.952851e-06
urn:harmonic:company:1423240,5.951818e-06
urn:harmonic:company:35110474,5.950524e-06
urn:harmonic:company:692415,5.94826e-06
urn:harmonic:company:1832476,5.945073e-06
urn:harmonic:company:38232447,5.9434683e-06
urn:harmonic:company:34516,5.942692e-06
urn:harmonic:company:4342657,5.9426584e-06
urn:harmonic:company:11303964,5.942607e-06
urn:harmonic:company:650792,5.9404083e-06
urn:harmonic:company:976378,5.938834e-06
urn:harmonic:company:4150826,5.9387494e-06
urn:harmonic:company:1791763,5.937588e-06
urn:harmonic:company:12744747,5.9365516e-06
urn:harmonic:company:10915814,5.9364556e-06
urn:harmonic:company:34614579,5.935714e-06
urn:harmonic:company:3534333,5.9347344e-06
urn:harmonic:company:1807699,5.9342988e-06
urn:harmonic:company:3666458,5.933835e-06
urn:harmonic:company:3420872,5.9331787e-06
urn:harmonic:company:4969541,5.932935e-06
urn:harmonic:company:802220,5.931702e-06
urn:harmonic:company:775785,5.931385e-06
urn:harmonic:company:1494175,5.9278113e-06
urn:harmonic:company:1528297,5.9270087e-06
urn:harmonic:company:3283592,5.9243753e-06
urn:harmonic:company:43485733,5.924064e-06
urn:harmonic:company:1534292,5.921856e-06
urn:harmonic:company:3258695,5.9203144e-06
urn:harmonic:company:10584393,5.9193094e-06
urn:harmonic:company:34718713,5.9185813e-06
urn:harmonic:company:3427317,5.9181184e-06
urn:harmonic:company:10242081,5.916583e-06
urn:harmonic:company:4466935,5.914146e-06
urn:harmonic:company:4133211,5.9118515e-06
urn:harmonic:company:12975167,5.911795e-06
urn:harmonic:company:2114482,5.911784e-06
urn:harmonic:company:9035075,5.9113836e-06
urn:harmonic:company:14687994,5.9109493e-06
urn:harmonic:company:11562948,5.910887e-06
urn:harmonic:company:12856931,5.9087965e-06
urn:harmonic:company:4835714,5.9082554e-06
urn:harmonic:company:610068,5.9072077e-06
urn:harmonic:company:4228907,5.906385e-06
urn:harmonic:company:4445649,5.9062163e-06
urn:harmonic:company:11164607,5.904273e-06
urn:harmonic:company:1991729,5.9042e-06
urn:harmonic:company:1788117,5.903564e-06
urn:harmonic:company:671940,5.9032654e-06
urn:harmonic:company:681054,5.903254e-06
urn:harmonic:company:9511663,5.902511e-06
urn:harmonic:company:13012843,5.9006197e-06
urn:harmonic:company:41050464,5.8991345e-06
urn:harmonic:company:12482082,5.8990895e-06
urn:harmonic:company:817031,5.898645e-06
urn:harmonic:company:10953424,5.898375e-06
urn:harmonic:company:6472855,5.8973064e-06
urn:harmonic:company:12583913,5.896249e-06
urn:harmonic:company:1401848,5.895417e-06
urn:harmonic:company:638113,5.8952987e-06
urn:harmonic:company:11165831,5.8951923e-06
urn:harmonic:company:1430866,5.89472e-06
urn:harmonic:company:20398699,5.8937812e-06
urn:harmonic:company:2267703,5.886984e-06
urn:harmonic:company:3083881,5.884885e-06
urn:harmonic:company:3955602,5.8829373e-06
urn:harmonic:company:462966,5.881838e-06
urn:harmonic:company:2135916,5.878277e-06
urn:harmonic:company:3212442,5.875772e-06
urn:harmonic:company:1838410,5.875413e-06
urn:harmonic:company:4279482,5.8742257e-06
urn:harmonic:company:36809745,5.8723717e-06
urn:harmonic:company:720296,5.8718006e-06
urn:harmonic:company:605673,5.870664e-06
urn:harmonic:company:2094867,5.8671935e-06
urn:harmonic:company:683786,5.8671935e-06
urn:harmonic:company:630462,5.866556e-06
urn:harmonic:company:11165958,5.865901e-06
urn:harmonic:company:8922129,5.8655714e-06
urn:harmonic:company:2266294,5.864531e-06
urn:harmonic:company:1843325,5.864201e-06
urn:harmonic:company:4020595,5.863591e-06
urn:harmonic:company:4255363,5.862708e-06
urn:harmonic:company:4145326,5.8625906e-06
urn:harmonic:company:744789,5.8601254e-06
urn:harmonic:company:802345,5.8596725e-06
urn:harmonic:company:1671408,5.8594433e-06
urn:harmonic:company:612780,5.8593373e-06
urn:harmonic:company:18663421,5.858678e-06
urn:harmonic:company:10254238,5.858605e-06
urn:harmonic:company:3597528,5.8578007e-06
urn:harmonic:company:11056236,5.8575606e-06
urn:harmonic:company:3419729,5.8572423e-06
urn:harmonic:company:29313862,5.8555556e-06
urn:harmonic:company:680288,5.854975e-06
urn:harmonic:company:46062251,5.8540645e-06
urn:harmonic:company:3271166,5.8533506e-06
urn:harmonic:company:12748259,5.853294e-06
urn:harmonic:company:4445404,5.8514524e-06
urn:harmonic:company:11091441,5.85143e-06
urn:harmonic:company:4054352,5.851313e-06
urn:harmonic:company:3766318,5.8508385e-06
urn:harmonic:company:8492300,5.8505098e-06
urn:harmonic:company:764872,5.8501746e-06
urn:harmonic:company:3130226,5.850108e-06
urn:harmonic:company:8801239,5.849645e-06
urn:harmonic:company:4513485,5.8459136e-06
urn:harmonic:company:34561157,5.8450723e-06
urn:harmonic:company:12513668,5.8449937e-06
urn:harmonic:company:3332510,5.844242e-06
urn:harmonic:company:4424703,5.8431383e-06
urn:harmonic:company:1018664,5.8426313e-06
urn:harmonic:company:687197,5.839857e-06
urn:harmonic:company:4495389,5.8394285e-06
urn:harmonic:company:1634271,5.83655e-06
urn:harmonic:company:738792,5.8357596e-06
urn:harmonic:company:6552955,5.8348414e-06
urn:harmonic:company:802462,5.834591e-06
urn:harmonic:company:6712784,5.832666e-06
urn:harmonic:company:800978,5.8326546e-06
urn:harmonic:company:10924139,5.831809e-06
urn:harmonic:company:47630654,5.8308638e-06
urn:harmonic:company:25855,5.830152e-06
urn:harmonic:company:673780,5.8300966e-06
urn:harmonic:company:1835639,5.8295404e-06
urn:harmonic:company:639196,5.8281453e-06
urn:harmonic:company:1610788,5.82734e-06
urn:harmonic:company:3616903,5.8267838e-06
urn:harmonic:company:770938,5.8264172e-06
urn:harmonic:company:1429732,5.8255278e-06
urn:harmonic:company:5057545,5.8249725e-06
urn:harmonic:company:3206804,5.82485e-06
urn:harmonic:company:12984677,5.8245837e-06
urn:harmonic:company:1554688,5.8234564e-06
urn:harmonic:company:720816,5.822845e-06
urn:harmonic:company:41246407,5.8218293e-06
urn:harmonic:company:12413884,5.8189207e-06
urn:harmonic:company:611721,5.8171895e-06
urn:harmonic:company:670305,5.8165347e-06
urn:harmonic:company:681088,5.8131245e-06
urn:harmonic:company:3101633,5.8117275e-06
urn:harmonic:company:2212018,5.810536e-06
urn:harmonic:company:1800517,5.809356e-06
urn:harmonic:company:4220045,5.809289e-06
urn:harmonic:company:3104843,5.80801e-06
urn:harmonic:company:3609920,5.806354e-06
urn:harmonic:company:1984390,5.804632e-06
urn:harmonic:company:607763,5.7992816e-06
urn:harmonic:company:528205,5.797479e-06
urn:harmonic:company:34782026,5.792389e-06
urn:harmonic:company:3580070,5.791224e-06
urn:harmonic:company:1755607,5.79055e-06
urn:harmonic:company:1782784,5.789501e-06
urn:harmonic:company:630171,5.7894727e-06
urn:harmonic:company:3601271,5.7890256e-06
urn:harmonic:company:1841398,5.7872317e-06
urn:harmonic:company:12583593,5.786735e-06
urn:harmonic:company:11247178,5.78657e-06
urn:harmonic:company:3187451,5.785703e-06
urn:harmonic:company:426681,5.784837e-06
urn:harmonic:company:10662166,5.78423e-06
urn:harmonic:company:1474483,5.7837283e-06
urn:harmonic:company:18797168,5.7833477e-06
urn:harmonic:company:3226160,5.7829725e-06
urn:harmonic:company:1571798,5.7804587e-06
urn:harmonic:company:1370338,5.7795546e-06
urn:harmonic:company:3496820,5.779069e-06
urn:harmonic:company:1449841,5.7786397e-06
urn:harmonic:company:1881303,5.7784796e-06
urn:harmonic:company:707211,5.7768593e-06
urn:harmonic:company:12514482,5.7765455e-06
urn:harmonic:company:4641146,5.7762427e-06
urn:harmonic:company:635515,5.77594e-06
urn:harmonic:company:1797180,5.7739016e-06
urn:harmonic:company:10264698,5.7732964e-06
urn:harmonic:company:2001598,5.772773e-06
urn:harmonic:company:3215525,5.770456e-06
urn:harmonic:company:6069720,5.769719e-06
urn:harmonic:company:3334795,5.7694547e-06
urn:harmonic:company:1540906,5.7681564e-06
urn:harmonic:company:4509617,5.768046e-06
urn:harmonic:company:1525742,5.7676557e-06
urn:harmonic:company:1431096,5.7667316e-06
urn:harmonic:company:1549670,5.76594e-06
urn:harmonic:company:3327763,5.7620864e-06
urn:harmonic:company:17292231,5.7616903e-06
urn:harmonic:company:3287147,5.7616744e-06
urn:harmonic:company:105312,5.7601083e-06
urn:harmonic:company:1525787,5.7589828e-06
urn:harmonic:company:1540909,5.7567913e-06
urn:harmonic:company:620659,5.7551006e-06
urn:harmonic:company:3488938,5.753866e-06
urn:harmonic:company:776203,5.7535754e-06
urn:harmonic:company:34910513,5.752796e-06
urn:harmonic:company:3342625,5.751386e-06
urn:harmonic:company:3120045,5.7513425e-06
urn:harmonic:company:3748656,5.7512657e-06
urn:harmonic:company:3137877,5.7500865e-06
urn:harmonic:company:18587490,5.749204e-06
urn:harmonic:company:4054338,5.7483103e-06
urn:harmonic:company:2218011,5.7479265e-06
urn:harmonic:company:3537441,5.7460466e-06
urn:harmonic:company:636473,5.745679e-06
urn:harmonic:company:11559789,5.74517e-06
urn:harmonic:company:2030409,5.744885e-06
urn:harmonic:company:3631841,5.743225e-06
urn:harmonic:company:6665035,5.742924e-06
urn:harmonic:company:12479936,5.741577e-06
urn:harmonic:company:12361822,5.7402353e-06
urn:harmonic:company:8098926,5.7402185e-06
urn:harmonic:company:3263346,5.7401808e-06
urn:harmonic:company:6647539,5.7391626e-06
urn:harmonic:company:40470648,5.7353595e-06
urn:harmonic:company:4063703,5.7318057e-06
urn:harmonic:company:2010420,5.7313796e-06
urn:harmonic:company:1456118,5.7313573e-06
urn:harmonic:company:1832603,5.731188e-06
urn:harmonic:company:11551764,5.7308653e-06
urn:harmonic:company:3852979,5.7305538e-06
urn:harmonic:company:1592596,5.730412e-06
urn:harmonic:company:8171547,5.730046e-06
urn:harmonic:company:44046680,5.729259e-06
urn:harmonic:company:12179829,5.7288385e-06
urn:harmonic:company:795840,5.727631e-06
urn:harmonic:company:1840455,5.7271177e-06
urn:harmonic:company:27117789,5.725987e-06
urn:harmonic:company:1766425,5.725834e-06
urn:harmonic:company:722054,5.724453e-06
urn:harmonic:company:23499196,5.7221823e-06
urn:harmonic:company:10213545,5.7214074e-06
urn:harmonic:company:737283,5.7213965e-06
urn:harmonic:company:1526442,5.719798e-06
urn:harmonic:company:699420,5.7191105e-06
urn:harmonic:company:6124898,5.7184347e-06
urn:harmonic:company:2190586,5.717311e-06
urn:harmonic:company:794670,5.716368e-06
urn:harmonic:company:2256614,5.7163243e-06
urn:harmonic:company:639062,5.716303e-06
urn:harmonic:company:4134170,5.715959e-06
urn:harmonic:company:721809,5.7147545e-06
urn:harmonic:company:611467,5.714259e-06
urn:harmonic:company:4408852,5.7140082e-06
urn:harmonic:company:782656,5.7139478e-06
urn:harmonic:company:11677435,5.7135885e-06
urn:harmonic:company:9038440,5.712662e-06
urn:harmonic:company:699003,5.7118286e-06
urn:harmonic:company:10210463,5.710614e-06
urn:harmonic:company:4219479,5.7097864e-06
urn:harmonic:company:37248578,5.707543e-06
urn:harmonic:company:4141411,5.705682e-06
urn:harmonic:company:10719299,5.704746e-06
urn:harmonic:company:13059760,5.7018633e-06
urn:harmonic:company:4060130,5.70002e-06
urn:harmonic:company:12789926,5.6939193e-06
urn:harmonic:company:770179,5.693816e-06
urn:harmonic:company:3228489,5.69254e-06
urn:harmonic:company:3154287,5.688915e-06
urn:harmonic:company:1815971,5.6886e-06
urn:harmonic:company:1776333,5.6881495e-06
urn:harmonic:company:757121,5.6851404e-06
urn:harmonic:company:9615457,5.684988e-06
urn:harmonic:company:12918765,5.684077e-06
urn:harmonic:company:800426,5.682392e-06
urn:harmonic:company:795282,5.6803e-06
urn:harmonic:company:3211518,5.6802246e-06
urn:harmonic:company:1553857,5.6797967e-06
urn:harmonic:company:4182458,5.679396e-06
urn:harmonic:company:36702927,5.676006e-06
urn:harmonic:company:3216494,5.675254e-06
urn:harmonic:company:3350442,5.6738145e-06
urn:harmonic:company:756956,5.672846e-06
urn:harmonic:company:4501993,5.667984e-06
urn:harmonic:company:10877207,5.6676226e-06
urn:harmonic:company:3626814,5.666341e-06
urn:harmonic:company:741676,5.6660715e-06
urn:harmonic:company:3251146,5.665812e-06
urn:harmonic:company:31775978,5.665061e-06
urn:harmonic:company:34100439,5.6640665e-06
urn:harmonic:company:3581793,5.660109e-06
urn:harmonic:company:12884888,5.6600493e-06
urn:harmonic:company:639726,5.659019e-06
urn:harmonic:company:666188,5.6578583e-06
urn:harmonic:company:1430365,5.6577724e-06
urn:harmonic:company:25849,5.655226e-06
urn:harmonic:company:3097940,5.6549998e-06
urn:harmonic:company:35879933,5.654703e-06
urn:harmonic:company:6575588,5.6498084e-06
urn:harmonic:company:1630949,5.6467056e-06
urn:harmonic:company:35464729,5.6442777e-06
urn:harmonic:company:12884373,5.638967e-06
urn:harmonic:company:1820386,5.6388326e-06
urn:harmonic:company:4890408,5.6359186e-06
urn:harmonic:company:4261217,5.6352096e-06
urn:harmonic:company:1449286,5.6347903e-06
urn:harmonic:company:709255,5.634565e-06
urn:harmonic:company:3323832,5.6322974e-06
urn:harmonic:company:3170871,5.6317335e-06
urn:harmonic:company:1464579,5.631164e-06
urn:harmonic:company:12177376,5.630343e-06
urn:harmonic:company:9564545,5.6299723e-06
urn:harmonic:company:782338,5.6281633e-06
urn:harmonic:company:5149458,5.6277822e-06
urn:harmonic:company:3656168,5.627739e-06
urn:harmonic:company:12912234,5.625501e-06
urn:harmonic:company:11577071,5.623329e-06
urn:harmonic:company:1910143,5.622734e-06
urn:harmonic:company:12967608,5.6214735e-06
urn:harmonic:company:4025464,5.6204717e-06
urn:harmonic:company:6658848,5.619823e-06
urn:harmonic:company:4817115,5.6186814e-06
urn:harmonic:company:10574995,5.618408e-06
urn:harmonic:company:1841814,5.6177437e-06
urn:harmonic:company:1533154,5.6161366e-06
urn:harmonic:company:12789807,5.6155745e-06
urn:harmonic:company:6550880,5.6153335e-06
urn:harmonic:company:793529,5.614948e-06
urn:harmonic:company:11352001,5.613604e-06
urn:harmonic:company:12790051,5.6128333e-06
urn:harmonic:company:3599200,5.6048416e-06
urn:harmonic:company:1422072,5.6032704e-06
urn:harmonic:company:4298070,5.6028803e-06
urn:harmonic:company:624674,5.6015288e-06
urn:harmonic:company:1791671,5.6010317e-06
urn:harmonic:company:1965841,5.599387e-06
urn:harmonic:company:4635001,5.597695e-06
urn:harmonic:company:4908977,5.5969526e-06
urn:harmonic:company:688229,5.5963974e-06
urn:harmonic:company:672196,5.5921296e-06
urn:harmonic:company:4039944,5.5916175e-06
urn:harmonic:company:105697,5.58941e-06
urn:harmonic:company:21601181,5.58657e-06
urn:harmonic:company:1837624,5.5853125e-06
urn:harmonic:company:7490743,5.585254e-06
urn:harmonic:company:4215748,5.584695e-06
urn:harmonic:company:1557757,5.582996e-06
urn:harmonic:company:780604,5.582815e-06
urn:harmonic:company:12822260,5.581356e-06
urn:harmonic:company:5148534,5.5767377e-06
urn:harmonic:company:3445464,5.5753876e-06
urn:harmonic:company:4322752,5.57501e-06
urn:harmonic:company:4443723,5.5748555e-06
urn:harmonic:company:4295247,5.574648e-06
urn:harmonic:company:106364,5.5743935e-06
urn:harmonic:company:767252,5.5699084e-06
urn:harmonic:company:2107676,5.569887e-06
urn:harmonic:company:4424654,5.5688884e-06
urn:harmonic:company:796476,5.5687983e-06
urn:harmonic:company:1985962,5.5670885e-06
urn:harmonic:company:4291596,5.5657983e-06
urn:harmonic:company:10152537,5.564535e-06
urn:harmonic:company:3171307,5.5636383e-06
urn:harmonic:company:1837733,5.562609e-06
urn:harmonic:company:1430074,5.562477e-06
urn:harmonic:company:2125427,5.562254e-06
urn:harmonic:company:4297848,5.5621636e-06
urn:harmonic:company:3487262,5.5620685e-06
urn:harmonic:company:1887122,5.5619726e-06
urn:harmonic:company:7979990,5.5609703e-06
urn:harmonic:company:4953866,5.5608166e-06
urn:harmonic:company:4298419,5.5597507e-06
urn:harmonic:company:1842710,5.5592413e-06
urn:harmonic:company:1797343,5.55648e-06
urn:harmonic:company:1692560,5.5562837e-06
urn:harmonic:company:723592,5.555023e-06
urn:harmonic:company:1906772,5.5535984e-06
urn:harmonic:company:3294380,5.5532328e-06
urn:harmonic:company:3214268,5.5530636e-06
urn:harmonic:company:4411514,5.5523856e-06
urn:harmonic:company:749767,5.551178e-06
urn:harmonic:company:697601,5.5503315e-06
urn:harmonic:company:6643028,5.5497753e-06
urn:harmonic:company:2036978,5.5496116e-06
urn:harmonic:company:751939,5.5436503e-06
urn:harmonic:company:1838271,5.54208e-06
urn:harmonic:company:4378255,5.5419428e-06
urn:harmonic:company:4509525,5.540579e-06
urn:harmonic:company:1429673,5.5402834e-06
urn:harmonic:company:710658,5.539787e-06
urn:harmonic:company:12516330,5.539232e-06
urn:harmonic:company:1448632,5.538165e-06
urn:harmonic:company:4411238,5.5380224e-06
urn:harmonic:company:3203427,5.5364226e-06
urn:harmonic:company:7135719,5.535631e-06
urn:harmonic:company:1553205,5.5354562e-06
urn:harmonic:company:4444627,5.5353244e-06
urn:harmonic:company:1958257,5.5333135e-06
urn:harmonic:company:6571781,5.5326595e-06
urn:harmonic:company:1959656,5.531235e-06
urn:harmonic:company:11564856,5.53086e-06
urn:harmonic:company:3653759,5.5295786e-06
urn:harmonic:company:12883978,5.529078e-06
urn:harmonic:company:3627178,5.5289934e-06
urn:harmonic:company:40722906,5.52815e-06
urn:harmonic:company:800702,5.5266314e-06
urn:harmonic:company:8447646,5.5264736e-06
urn:harmonic:company:2063190,5.5254827e-06
urn:harmonic:company:814202,5.525335e-06
urn:harmonic:company:10627794,5.5249243e-06
urn:harmonic:company:3750960,5.52337e-06
urn:harmonic:company:781115,5.522891e-06
urn:harmonic:company:1959263,5.5224323e-06
urn:harmonic:company:610297,5.5204896e-06
urn:harmonic:company:733855,5.5180785e-06
urn:harmonic:company:110074,5.5168216e-06
urn:harmonic:company:7393664,5.515601e-06
urn:harmonic:company:3702049,5.5154746e-06
urn:harmonic:company:11188942,5.515096e-06
urn:harmonic:company:4206351,5.514649e-06
urn:harmonic:company:6666765,5.5141127e-06
urn:harmonic:company:728484,5.51203e-06
urn:harmonic:company:4535251,5.5106007e-06
urn:harmonic:company:4205477,5.510322e-06
urn:harmonic:company:6524777,5.5096493e-06
urn:harmonic:company:16641825,5.5065557e-06
urn:harmonic:company:801257,5.505983e-06
urn:harmonic:company:12763773,5.504545e-06
urn:harmonic:company:659791,5.504503e-06
urn:harmonic:company:6750226,5.504282e-06
urn:harmonic:company:11114414,5.503663e-06
urn:harmonic:company:4876471,5.503301e-06
urn:harmonic:company:800557,5.496309e-06
urn:harmonic:company:1583064,5.495429e-06
urn:harmonic:company:12525569,5.494768e-06
urn:harmonic:company:3092174,5.4925836e-06
urn:harmonic:company:49899135,5.490651e-06
urn:harmonic:company:12579666,5.4884886e-06
urn:harmonic:company:11080977,5.4867987e-06
urn:harmonic:company:20349889,5.486082e-06
urn:harmonic:company:11072270,5.48594e-06
urn:harmonic:company:4414681,5.4849884e-06
urn:harmonic:company:30900346,5.484978e-06
urn:harmonic:company:4841684,5.4838742e-06
urn:harmonic:company:649761,5.483325e-06
urn:harmonic:company:4295542,5.482792e-06
urn:harmonic:company:1457151,5.479844e-06
urn:harmonic:company:665659,5.4780567e-06
urn:harmonic:company:1976822,5.476923e-06
urn:harmonic:company:4160691,5.474354e-06
urn:harmonic:company:20521837,5.472099e-06
urn:harmonic:company:4389467,5.4707943e-06
urn:harmonic:company:632103,5.4705492e-06
urn:harmonic:company:3282581,5.4675033e-06
urn:harmonic:company:691195,5.4662937e-06
urn:harmonic:company:34701504,5.466122e-06
urn:harmonic:company:1304414,5.4645375e-06
urn:harmonic:company:4737376,5.462937e-06
urn:harmonic:company:742606,5.4601614e-06
urn:harmonic:company:3752773,5.4599586e-06
urn:harmonic:company:12851031,5.4597917e-06
urn:harmonic:company:4411095,5.4593443e-06
urn:harmonic:company:1910795,5.457954e-06
urn:harmonic:company:11252978,5.4557786e-06
urn:harmonic:company:656581,5.4557527e-06
urn:harmonic:company:9085119,5.4545044e-06
urn:harmonic:company:796939,5.453459e-06
urn:harmonic:company:779173,5.4508537e-06
urn:harmonic:company:1399281,5.4498505e-06
urn:harmonic:company:773214,5.4496686e-06
urn:harmonic:company:1430645,5.4496118e-06
urn:harmonic:company:7954511,5.4491593e-06
urn:harmonic:company:28746775,5.449144e-06
urn:harmonic:company:4135220,5.448406e-06
urn:harmonic:company:696702,5.4480424e-06
urn:harmonic:company:3276840,5.446858e-06
urn:harmonic:company:1449141,5.445279e-06
urn:harmonic:company:36366934,5.4452735e-06
urn:harmonic:company:3200528,5.444666e-06
urn:harmonic:company:47492841,5.4442717e-06
urn:harmonic:company:11232025,5.442356e-06
urn:harmonic:company:12768959,5.4389416e-06
urn:harmonic:company:3079518,5.43721e-06
urn:harmonic:company:1394536,5.433887e-06
urn:harmonic:company:652146,5.4324e-06
urn:harmonic:company:7499996,5.432213e-06
urn:harmonic:company:4297066,5.429898e-06
urn:harmonic:company:3208331,5.4293646e-06
urn:harmonic:company:3320542,5.427475e-06
urn:harmonic:company:1613767,5.4267816e-06
urn:harmonic:company:1477415,5.4255606e-06
urn:harmonic:company:1900998,5.4251204e-06
urn:harmonic:company:1765990,5.4239104e-06
urn:harmonic:company:12572995,5.42346e-06
urn:harmonic:company:3272277,5.4223947e-06
urn:harmonic:company:1621297,5.421319e-06
urn:harmonic:company:1984813,5.4208854e-06
urn:harmonic:company:3883997,5.419293e-06
urn:harmonic:company:738729,5.414494e-06
urn:harmonic:company:650846,5.412413e-06
urn:harmonic:company:3869079,5.4117268e-06
urn:harmonic:company:1546624,5.408167e-06
urn:harmonic:company:34952893,5.407223e-06
urn:harmonic:company:1409251,5.4058414e-06
urn:harmonic:company:12856589,5.4043467e-06
urn:harmonic:company:610922,5.403795e-06
urn:harmonic:company:741061,5.3994213e-06
urn:harmonic:company:4073176,5.3994063e-06
urn:harmonic:company:4636492,5.3987474e-06
urn:harmonic:company:4635990,5.3986437e-06
urn:harmonic:company:774722,5.398227e-06
urn:harmonic:company:48044972,5.397784e-06
urn:harmonic:company:11376478,5.397239e-06
urn:harmonic:company:4155496,5.3960393e-06
urn:harmonic:company:4633701,5.3946655e-06
urn:harmonic:company:1649953,5.3938684e-06
urn:harmonic:company:3670252,5.393138e-06
urn:harmonic:company:798878,5.3901813e-06
urn:harmonic:company:18869841,5.3900017e-06
urn:harmonic:company:3282454,5.389472e-06
urn:harmonic:company:1467518,5.3887934e-06
urn:harmonic:company:18481514,5.3885415e-06
urn:harmonic:company:3753648,5.3882336e-06
urn:harmonic:company:3055548,5.3868876e-06
urn:harmonic:company:9798,5.385824e-06
urn:harmonic:company:3308028,5.384042e-06
urn:harmonic:company:1558089,5.3827894e-06
urn:harmonic:company:4424580,5.382471e-06
urn:harmonic:company:2238117,5.3751974e-06
urn:harmonic:company:2126414,5.3751974e-06
urn:harmonic:company:1443375,5.37327e-06
urn:harmonic:company:4130860,5.372133e-06
urn:harmonic:company:1899664,5.3720764e-06
urn:harmonic:company:4384981,5.369561e-06
urn:harmonic:company:3174124,5.368532e-06
urn:harmonic:company:26773414,5.3684557e-06
urn:harmonic:company:3688538,5.3654917e-06
urn:harmonic:company:27174619,5.365318e-06
urn:harmonic:company:791144,5.364827e-06
urn:harmonic:company:9351932,5.3645144e-06
urn:harmonic:company:10116743,5.3616045e-06
urn:harmonic:company:3153969,5.3606586e-06
urn:harmonic:company:20344427,5.3582107e-06
urn:harmonic:company:3615727,5.3571525e-06
urn:harmonic:company:1897993,5.3570197e-06
urn:harmonic:company:15207406,5.356887e-06
urn:harmonic:company:4028807,5.3549616e-06
urn:harmonic:company:11020983,5.354834e-06
urn:harmonic:company:1622442,5.354134e-06
urn:harmonic:company:1989847,5.354047e-06
urn:harmonic:company:1775293,5.3502604e-06
urn:harmonic:company:11024635,5.349408e-06
urn:harmonic:company:36360210,5.348755e-06
urn:harmonic:company:941941,5.3458944e-06
urn:harmonic:company:11082706,5.345405e-06
urn:harmonic:company:4012988,5.345186e-06
urn:harmonic:company:37441975,5.3442886e-06
urn:harmonic:company:1709360,5.3431113e-06
urn:harmonic:company:2126445,5.342571e-06
urn:harmonic:company:3257902,5.3405133e-06
urn:harmonic:company:619706,5.338828e-06
urn:harmonic:company:42910864,5.338665e-06
urn:harmonic:company:37919191,5.3379877e-06
urn:harmonic:company:4462985,5.3379267e-06
urn:harmonic:company:1544135,5.337759e-06
urn:harmonic:company:41041583,5.3370463e-06
urn:harmonic:company:5201197,5.337036e-06
urn:harmonic:company:4508961,5.3362573e-06
urn:harmonic:company:13513520,5.3343542e-06
urn:harmonic:company:4079138,5.334115e-06
urn:harmonic:company:3127068,5.3306567e-06
urn:harmonic:company:666480,5.3300114e-06
urn:harmonic:company:689262,5.3295184e-06
urn:harmonic:company:801451,5.32776e-06
urn:harmonic:company:3061249,5.326307e-06
urn:harmonic:company:6944375,5.3251138e-06
urn:harmonic:company:3716695,5.3236004e-06
urn:harmonic:company:11005379,5.322976e-06
urn:harmonic:company:814184,5.322971e-06
urn:harmonic:company:1443055,5.322915e-06
urn:harmonic:company:681090,5.3228946e-06
urn:harmonic:company:2037979,5.322113e-06
urn:harmonic:company:10756682,5.321144e-06
urn:harmonic:company:16654189,5.3185363e-06
urn:harmonic:company:3219341,5.3176436e-06
urn:harmonic:company:796901,5.314465e-06
urn:harmonic:company:1788569,5.3142926e-06
urn:harmonic:company:34758943,5.312985e-06
urn:harmonic:company:4277065,5.3120684e-06
urn:harmonic:company:11283431,5.312063e-06
urn:harmonic:company:3932027,5.3120275e-06
urn:harmonic:company:3195277,5.311222e-06
urn:harmonic:company:4429759,5.309905e-06
urn:harmonic:company:20643663,5.3094645e-06
urn:harmonic:company:1406104,5.3086696e-06
urn:harmonic:company:12838287,5.3077792e-06
urn:harmonic:company:10325764,5.30745e-06
urn:harmonic:company:3147080,5.306498e-06
urn:harmonic:company:1964200,5.3038625e-06
urn:harmonic:company:11099711,5.3036447e-06
urn:harmonic:company:4450138,5.302168e-06
urn:harmonic:company:43030726,5.300798e-06
urn:harmonic:company:1775442,5.300702e-06
urn:harmonic:company:107030,5.300672e-06
urn:harmonic:company:742538,5.3003128e-06
urn:harmonic:company:11164283,5.2981045e-06
urn:harmonic:company:11448158,5.2979426e-06
urn:harmonic:company:796371,5.2967202e-06
urn:harmonic:company:3627689,5.2950636e-06
urn:harmonic:company:1517924,5.291782e-06
urn:harmonic:company:10669154,5.291651e-06
urn:harmonic:company:2127879,5.2916307e-06
urn:harmonic:company:707055,5.290692e-06
urn:harmonic:company:43584724,5.290178e-06
urn:harmonic:company:649658,5.28936e-06
urn:harmonic:company:740481,5.2872724e-06
urn:harmonic:company:781741,5.286582e-06
urn:harmonic:company:18969753,5.2860623e-06
urn:harmonic:company:9389950,5.2851296e-06
urn:harmonic:company:11056475,5.284455e-06
urn:harmonic:company:621587,5.283774e-06
urn:harmonic:company:5296947,5.2829428e-06
urn:harmonic:company:10260489,5.2820815e-06
urn:harmonic:company:37166830,5.2817845e-06
urn:harmonic:company:1942549,5.281729e-06
urn:harmonic:company:3293538,5.2805653e-06
urn:harmonic:company:705971,5.280344e-06
urn:harmonic:company:1431986,5.280087e-06
urn:harmonic:company:10637503,5.2800365e-06
urn:harmonic:company:709975,5.279659e-06
urn:harmonic:company:1658586,5.2795986e-06
urn:harmonic:company:1956608,5.2726095e-06
urn:harmonic:company:34760922,5.272137e-06
urn:harmonic:company:2040706,5.2720366e-06
urn:harmonic:company:34933298,5.271594e-06
urn:harmonic:company:4384946,5.271066e-06
urn:harmonic:company:3725514,5.2699e-06
urn:harmonic:company:3147072,5.2696287e-06
urn:harmonic:company:490007,5.267247e-06
urn:harmonic:company:1498696,5.2654946e-06
urn:harmonic:company:3961682,5.2643495e-06
urn:harmonic:company:4106664,5.2636265e-06
urn:harmonic:company:8463234,5.263285e-06
urn:harmonic:company:2213540,5.2631854e-06
urn:harmonic:company:3197704,5.2624623e-06
urn:harmonic:company:4105555,5.261634e-06
urn:harmonic:company:32453,5.2602245e-06
urn:harmonic:company:9039686,5.2602245e-06
urn:harmonic:company:10310782,5.259873e-06
urn:harmonic:company:3296213,5.2592964e-06
urn:harmonic:company:1415602,5.2589303e-06
urn:harmonic:company:1665555,5.2564783e-06
urn:harmonic:company:755921,5.2545533e-06
urn:harmonic:company:2114,5.253762e-06
urn:harmonic:company:779824,5.2528503e-06
urn:harmonic:company:707275,5.252224e-06
urn:harmonic:company:11307685,5.252219e-06
urn:harmonic:company:4421285,5.2517635e-06
urn:harmonic:company:11598460,5.2512924e-06
urn:harmonic:company:3416356,5.2493597e-06
urn:harmonic:company:4295056,5.248474e-06
urn:harmonic:company:1868409,5.2469422e-06
urn:harmonic:company:4588196,5.2460064e-06
urn:harmonic:company:25421790,5.242671e-06
urn:harmonic:company:1732672,5.2406813e-06
urn:harmonic:company:4633344,5.2400464e-06
urn:harmonic:company:3100010,5.239702e-06
urn:harmonic:company:655615,5.239267e-06
urn:harmonic:company:771425,5.237084e-06
urn:harmonic:company:1937939,5.236485e-06
urn:harmonic:company:4153600,5.236055e-06
urn:harmonic:company:4115415,5.235281e-06
urn:harmonic:company:10901619,5.2350165e-06
urn:harmonic:company:1527081,5.2322966e-06
urn:harmonic:company:4518803,5.231548e-06
urn:harmonic:company:4498843,5.2310443e-06
urn:harmonic:company:12473447,5.2308e-06
urn:harmonic:company:26768842,5.2301516e-06
urn:harmonic:company:1842884,5.2298174e-06
urn:harmonic:company:47298558,5.227833e-06
urn:harmonic:company:2104364,5.226058e-06
urn:harmonic:company:12783679,5.2259184e-06
urn:harmonic:company:4425194,5.2253704e-06
urn:harmonic:company:722453,5.2247674e-06
urn:harmonic:company:652361,5.224488e-06
urn:harmonic:company:37056154,5.224314e-06
urn:harmonic:company:1604083,5.223721e-06
urn:harmonic:company:1407927,5.223721e-06
urn:harmonic:company:3225115,5.2233377e-06
urn:harmonic:company:1429715,5.2211067e-06
urn:harmonic:company:48100529,5.22023e-06
urn:harmonic:company:4813656,5.2201603e-06
urn:harmonic:company:34298278,5.216751e-06
urn:harmonic:company:4430016,5.2165774e-06
urn:harmonic:company:3321233,5.215254e-06
urn:harmonic:company:6921526,5.2144333e-06
urn:harmonic:company:20264588,5.2130713e-06
urn:harmonic:company:1448252,5.212698e-06
urn:harmonic:company:1838691,5.206314e-06
urn:harmonic:company:1924841,5.20484e-06
urn:harmonic:company:36772073,5.203748e-06
urn:harmonic:company:2994418,5.201049e-06
urn:harmonic:company:12522455,5.2009746e-06
urn:harmonic:company:2017046,5.200791e-06
urn:harmonic:company:801639,5.1985844e-06
urn:harmonic:company:3743417,5.197102e-06
urn:harmonic:company:3137432,5.1961706e-06
urn:harmonic:company:7614484,5.1944908e-06
urn:harmonic:company:3374088,5.194456e-06
urn:harmonic:company:4424871,5.194451e-06
urn:harmonic:company:1408467,5.1937377e-06
urn:harmonic:company:11078561,5.192079e-06
urn:harmonic:company:795066,5.191628e-06
urn:harmonic:company:699192,5.1914003e-06
urn:harmonic:company:656388,5.1913757e-06
urn:harmonic:company:19636769,5.191109e-06
urn:harmonic:company:1980139,5.191074e-06
urn:harmonic:company:4536887,5.1895445e-06
urn:harmonic:company:11577285,5.1875354e-06
urn:harmonic:company:10377069,5.1846027e-06
urn:harmonic:company:10236823,5.1844195e-06
urn:harmonic:company:3209033,5.1840734e-06
urn:harmonic:company:1449006,5.1838115e-06
urn:harmonic:company:462094,5.1832776e-06
urn:harmonic:company:29497102,5.1831094e-06
urn:harmonic:company:1510285,5.1830402e-06
urn:harmonic:company:2203357,5.182027e-06
urn:harmonic:company:792676,5.1818092e-06
urn:harmonic:company:678471,5.181513e-06
urn:harmonic:company:689667,5.1811526e-06
urn:harmonic:company:3765858,5.1809993e-06
urn:harmonic:company:2021952,5.1753004e-06
urn:harmonic:company:8001851,5.174891e-06
urn:harmonic:company:1395673,5.1748666e-06
urn:harmonic:company:3304216,5.1742295e-06
urn:harmonic:company:1793603,5.1737215e-06
urn:harmonic:company:1503072,5.1736865e-06
urn:harmonic:company:14656302,5.1722072e-06
urn:harmonic:company:4391852,5.171294e-06
urn:harmonic:company:4208403,5.1697116e-06
urn:harmonic:company:42485078,5.1687452e-06
urn:harmonic:company:662037,5.1685333e-06
urn:harmonic:company:7280637,5.1683955e-06
urn:harmonic:company:12695584,5.167262e-06
urn:harmonic:company:660247,5.166454e-06
urn:harmonic:company:889,5.1661877e-06
urn:harmonic:company:12835643,5.1661827e-06
urn:harmonic:company:3069343,5.165636e-06
urn:harmonic:company:11114248,5.1646116e-06
urn:harmonic:company:18245307,5.1627844e-06
urn:harmonic:company:24457093,5.1614306e-06
urn:harmonic:company:635491,5.1610023e-06
urn:harmonic:company:3783932,5.159418e-06
urn:harmonic:company:627527,5.1589946e-06
urn:harmonic:company:12516506,5.1589845e-06
urn:harmonic:company:23237227,5.157775e-06
urn:harmonic:company:6847119,5.157617e-06
urn:harmonic:company:4047190,5.1530988e-06
urn:harmonic:company:4182634,5.1526813e-06
urn:harmonic:company:37339398,5.1502197e-06
urn:harmonic:company:1464706,5.149243e-06
urn:harmonic:company:800937,5.1491493e-06
urn:harmonic:company:1837502,5.1481475e-06
urn:harmonic:company:3930378,5.1476127e-06
urn:harmonic:company:674193,5.1453744e-06
urn:harmonic:company:3261310,5.1450897e-06
urn:harmonic:company:3648418,5.142774e-06
urn:harmonic:company:16281037,5.14047e-06
urn:harmonic:company:3551035,5.1401216e-06
urn:harmonic:company:2186909,5.138421e-06
urn:harmonic:company:3845498,5.1379507e-06
urn:harmonic:company:9433181,5.136437e-06
urn:harmonic:company:12773350,5.1359616e-06
urn:harmonic:company:10218601,5.1354377e-06
urn:harmonic:company:3293824,5.1334105e-06
urn:harmonic:company:795502,5.133337e-06
urn:harmonic:company:666021,5.132074e-06
urn:harmonic:company:1778899,5.1308457e-06
urn:harmonic:company:12790035,5.130381e-06
urn:harmonic:company:4296981,5.1291386e-06
urn:harmonic:company:11481989,5.128801e-06
urn:harmonic:company:9492558,5.1280085e-06
urn:harmonic:company:6473222,5.1254415e-06
urn:harmonic:company:11959915,5.1241414e-06
urn:harmonic:company:12445460,5.1236675e-06
urn:harmonic:company:3067226,5.1232428e-06
urn:harmonic:company:2232940,5.120922e-06
urn:harmonic:company:1562730,5.1206343e-06
urn:harmonic:company:7497391,5.117978e-06
urn:harmonic:company:10895640,5.117949e-06
urn:harmonic:company:4296819,5.117129e-06
urn:harmonic:company:1407343,5.116631e-06
urn:harmonic:company:1618223,5.115851e-06
urn:harmonic:company:3075798,5.115558e-06
urn:harmonic:company:2112882,5.114592e-06
urn:harmonic:company:1678476,5.1120464e-06
urn:harmonic:company:1768492,5.1119882e-06
urn:harmonic:company:770274,5.111374e-06
urn:harmonic:company:3669953,5.108221e-06
urn:harmonic:company:34872613,5.10806e-06
urn:harmonic:company:4526472,5.105323e-06
urn:harmonic:company:22083267,5.103459e-06
urn:harmonic:company:3233203,5.1013176e-06
urn:harmonic:company:1456265,5.099343e-06
urn:harmonic:company:11676693,5.099285e-06
urn:harmonic:company:1778067,5.09874e-06
urn:harmonic:company:12455342,5.0983026e-06
urn:harmonic:company:4214891,5.0974177e-06
urn:harmonic:company:632698,5.096854e-06
urn:harmonic:company:10442749,5.094832e-06
urn:harmonic:company:11575496,5.0922336e-06
urn:harmonic:company:2251525,5.092102e-06
urn:harmonic:company:39413667,5.089825e-06
urn:harmonic:company:2958611,5.0894905e-06
urn:harmonic:company:3164598,5.0861277e-06
urn:harmonic:company:1967480,5.0853955e-06
urn:harmonic:company:2127787,5.084479e-06
urn:harmonic:company:3867542,5.084299e-06
urn:harmonic:company:3251105,5.083999e-06
urn:harmonic:company:5154863,5.0833974e-06
urn:harmonic:company:1730551,5.083165e-06
urn:harmonic:company:2123714,5.0821372e-06
urn:harmonic:company:785020,5.0818758e-06
urn:harmonic:company:5148497,5.0803055e-06
urn:harmonic:company:4216917,5.0788813e-06
urn:harmonic:company:931044,5.0779468e-06
urn:harmonic:company:72783,5.077104e-06
urn:harmonic:company:1430812,5.073837e-06
urn:harmonic:company:12789731,5.073285e-06
urn:harmonic:company:772152,5.0724775e-06
urn:harmonic:company:1431266,5.07167e-06
urn:harmonic:company:3853506,5.0712633e-06
urn:harmonic:company:2140716,5.071162e-06
urn:harmonic:company:2126040,5.0711283e-06
urn:harmonic:company:4124814,5.069088e-06
urn:harmonic:company:4336453,5.067077e-06
urn:harmonic:company:660893,5.066584e-06
urn:harmonic:company:668667,5.0654003e-06
urn:harmonic:company:12843341,5.062831e-06
urn:harmonic:company:4099108,5.062725e-06
urn:harmonic:company:73058,5.0608082e-06
urn:harmonic:company:4445925,5.0607073e-06
urn:harmonic:company:1902031,5.0577496e-06
urn:harmonic:company:19316052,5.0547887e-06
urn:harmonic:company:601603,5.054596e-06
urn:harmonic:company:703199,5.0540657e-06
urn:harmonic:company:26932666,5.053984e-06
urn:harmonic:company:12835962,5.053844e-06
urn:harmonic:company:662447,5.0527888e-06
urn:harmonic:company:1841577,5.0526683e-06
urn:harmonic:company:12433384,5.0526437e-06
urn:harmonic:company:12175167,5.049316e-06
urn:harmonic:company:3196310,5.048719e-06
urn:harmonic:company:2093053,5.045248e-06
urn:harmonic:company:661520,5.0451617e-06
urn:harmonic:company:4512534,5.0440212e-06
urn:harmonic:company:39531921,5.041737e-06
urn:harmonic:company:3064977,5.041713e-06
urn:harmonic:company:12577542,5.04117e-06
urn:harmonic:company:10700992,5.040179e-06
urn:harmonic:company:3329470,5.0381223e-06
urn:harmonic:company:4518635,5.0345775e-06
urn:harmonic:company:11207876,5.033949e-06
urn:harmonic:company:11796597,5.0334306e-06
urn:harmonic:company:6510069,5.0328736e-06
urn:harmonic:company:4413280,5.032442e-06
urn:harmonic:company:4100146,5.032048e-06
urn:harmonic:company:18936469,5.0320145e-06
urn:harmonic:company:3248186,5.0305466e-06
urn:harmonic:company:2130713,5.0301287e-06
urn:harmonic:company:3066957,5.027189e-06
urn:harmonic:company:11481315,5.0267963e-06
urn:harmonic:company:1989519,5.026005e-06
urn:harmonic:company:25525499,5.0256317e-06
urn:harmonic:company:1430463,5.0244143e-06
urn:harmonic:company:4102768,5.0241506e-06
urn:harmonic:company:1649133,5.0241506e-06
urn:harmonic:company:10845213,5.022105e-06
urn:harmonic:company:3628406,5.0194094e-06
urn:harmonic:company:4636274,5.0187346e-06
urn:harmonic:company:1567466,5.0183708e-06
urn:harmonic:company:1697489,5.018251e-06
urn:harmonic:company:5000224,5.0180934e-06
urn:harmonic:company:26642807,5.018045e-06
urn:harmonic:company:6248176,5.015993e-06
urn:harmonic:company:1369740,5.013262e-06
urn:harmonic:company:2139890,5.013138e-06
urn:harmonic:company:12832561,5.0126646e-06
urn:harmonic:company:3192685,5.012258e-06
urn:harmonic:company:2104806,5.0122485e-06
urn:harmonic:company:3954115,5.010963e-06
urn:harmonic:company:6403611,5.0099784e-06
urn:harmonic:company:4898062,5.0095628e-06
urn:harmonic:company:604336,5.006989e-06
urn:harmonic:company:10879655,5.0052076e-06
urn:harmonic:company:7694867,5.00379e-06
urn:harmonic:company:4295749,5.003203e-06
urn:harmonic:company:1889660,5.0014237e-06
urn:harmonic:company:3626851,5.0011854e-06
urn:harmonic:company:5938153,4.9994496e-06
urn:harmonic:company:41189205,4.9979003e-06
urn:harmonic:company:15714383,4.997757e-06
urn:harmonic:company:15356772,4.9966757e-06
urn:harmonic:company:3273474,4.995251e-06
urn:harmonic:company:10122811,4.9951077e-06
urn:harmonic:company:4465580,4.994789e-06
urn:harmonic:company:467079,4.993898e-06
urn:harmonic:company:1836273,4.9925175e-06
urn:harmonic:company:184325,4.9914083e-06
urn:harmonic:company:4633356,4.9891237e-06
urn:harmonic:company:41054593,4.9881296e-06
urn:harmonic:company:37484120,4.9862747e-06
urn:harmonic:company:3058429,4.9857754e-06
urn:harmonic:company:3222267,4.9841065e-06
urn:harmonic:company:17025483,4.9823766e-06
urn:harmonic:company:4424781,4.9809846e-06
urn:harmonic:company:792464,4.980624e-06
urn:harmonic:company:3240147,4.9802247e-06
urn:harmonic:company:1976105,4.9797545e-06
urn:harmonic:company:1423082,4.9796645e-06
urn:harmonic:company:12758259,4.9749506e-06
urn:harmonic:company:4539300,4.974875e-06
urn:harmonic:company:3224681,4.9742916e-06
urn:harmonic:company:11553758,4.974035e-06
urn:harmonic:company:647396,4.9737364e-06
urn:harmonic:company:4140836,4.9734e-06
urn:harmonic:company:690403,4.9733e-06
urn:harmonic:company:3886029,4.973101e-06
urn:harmonic:company:1430997,4.9715027e-06
urn:harmonic:company:751767,4.971474e-06
urn:harmonic:company:1572156,4.9705973e-06
urn:harmonic:company:12854314,4.9678342e-06
urn:harmonic:company:4007758,4.96683e-06
urn:harmonic:company:778531,4.966603e-06
urn:harmonic:company:10556931,4.966475e-06
urn:harmonic:company:4539212,4.9641785e-06
urn:harmonic:company:30699910,4.9638943e-06
urn:harmonic:company:740889,4.9619252e-06
urn:harmonic:company:1813793,4.961835e-06
urn:harmonic:company:105184,4.960998e-06
urn:harmonic:company:11575340,4.960809e-06
urn:harmonic:company:3620314,4.9607756e-06
urn:harmonic:company:499522,4.95791e-06
urn:harmonic:company:3990700,4.9562404e-06
urn:harmonic:company:43960104,4.954965e-06
urn:harmonic:company:681264,4.9547757e-06
urn:harmonic:company:1676190,4.954213e-06
urn:harmonic:company:10273044,4.953774e-06
urn:harmonic:company:2140745,4.952957e-06
urn:harmonic:company:1430658,4.9515875e-06
urn:harmonic:company:6713268,4.9511054e-06
urn:harmonic:company:1955965,4.950709e-06
urn:harmonic:company:1495944,4.950501e-06
urn:harmonic:company:1589231,4.950317e-06
urn:harmonic:company:36844241,4.949477e-06
urn:harmonic:company:3154818,4.948533e-06
urn:harmonic:company:6228,4.946967e-06
urn:harmonic:company:620253,4.9459472e-06
urn:harmonic:company:1591874,4.9445894e-06
urn:harmonic:company:34246263,4.942708e-06
urn:harmonic:company:6571827,4.9403757e-06
urn:harmonic:company:4084389,4.939636e-06
urn:harmonic:company:1429862,4.9368855e-06
urn:harmonic:company:7503969,4.9363202e-06
urn:harmonic:company:4294465,4.9356286e-06
urn:harmonic:company:1601431,4.9352566e-06
urn:harmonic:company:3676059,4.935172e-06
urn:harmonic:company:12818459,4.9346777e-06
urn:harmonic:company:734980,4.934565e-06
urn:harmonic:company:3215711,4.9343294e-06
urn:harmonic:company:4411168,4.9326495e-06
urn:harmonic:company:1986094,4.93138e-06
urn:harmonic:company:107108,4.929344e-06
urn:harmonic:company:10456194,4.929151e-06
urn:harmonic:company:4413221,4.9286436e-06
urn:harmonic:company:4217133,4.928502e-06
urn:harmonic:company:1816012,4.927737e-06
urn:harmonic:company:11326378,4.9270975e-06
urn:harmonic:company:3057298,4.926703e-06
urn:harmonic:company:35759869,4.926665e-06
urn:harmonic:company:1500940,4.9242553e-06
urn:harmonic:company:10621624,4.9231426e-06
urn:harmonic:company:1877538,4.9218283e-06
urn:harmonic:company:1471183,4.9196087e-06
urn:harmonic:company:658225,4.9192236e-06
urn:harmonic:company:792668,4.9178493e-06
urn:harmonic:company:31153210,4.9176756e-06
urn:harmonic:company:4462442,4.9175774e-06
urn:harmonic:company:35873767,4.9170285e-06
urn:harmonic:company:1573776,4.915674e-06
urn:harmonic:company:18790037,4.9144032e-06
urn:harmonic:company:6702242,4.912946e-06
urn:harmonic:company:1530110,4.9104497e-06
urn:harmonic:company:10889866,4.9101495e-06
urn:harmonic:company:3647493,4.90971e-06
urn:harmonic:company:12413263,4.9089936e-06
urn:harmonic:company:800703,4.9084033e-06
urn:harmonic:company:3138452,4.9083096e-06
urn:harmonic:company:3173602,4.9039536e-06
urn:harmonic:company:11448250,4.9038886e-06
urn:harmonic:company:2028553,4.903818e-06
urn:harmonic:company:11137506,4.901331e-06
urn:harmonic:company:4018308,4.9013074e-06
urn:harmonic:company:32570,4.898471e-06
urn:harmonic:company:39366562,4.897929e-06
urn:harmonic:company:663665,4.8961824e-06
urn:harmonic:company:15185929,4.8953048e-06
urn:harmonic:company:10685973,4.895015e-06
urn:harmonic:company:4111500,4.8940396e-06
urn:harmonic:company:12513370,4.8930133e-06
urn:harmonic:company:3292098,4.892719e-06
urn:harmonic:company:3628754,4.891007e-06
urn:harmonic:company:1431394,4.8891275e-06
urn:harmonic:company:703005,4.8872444e-06
urn:harmonic:company:12887175,4.8864194e-06
urn:harmonic:company:18802701,4.8833635e-06
urn:harmonic:company:1594509,4.882772e-06
urn:harmonic:company:4510104,4.881785e-06
urn:harmonic:company:603432,4.8808724e-06
urn:harmonic:company:3137866,4.880784e-06
urn:harmonic:company:3611093,4.880528e-06
urn:harmonic:company:1904535,4.8787597e-06
urn:harmonic:company:3659294,4.8780153e-06
urn:harmonic:company:3320715,4.8769034e-06
urn:harmonic:company:6601900,4.8764896e-06
urn:harmonic:company:3641641,4.875778e-06
urn:harmonic:company:3966456,4.8750576e-06
urn:harmonic:company:3678058,4.8740208e-06
urn:harmonic:company:10923934,4.873514e-06
urn:harmonic:company:7586772,4.8733655e-06
urn:harmonic:company:7694307,4.872998e-06
urn:harmonic:company:22505750,4.872766e-06
urn:harmonic:company:1835646,4.872264e-06
urn:harmonic:company:34926501,4.872083e-06
urn:harmonic:company:2053784,4.871521e-06
urn:harmonic:company:4413376,4.8710094e-06
urn:harmonic:company:2170602,4.870466e-06
urn:harmonic:company:1524747,4.868864e-06
urn:harmonic:company:3518641,4.8688407e-06
urn:harmonic:company:4462775,4.8675593e-06
urn:harmonic:company:4094679,4.8663064e-06
urn:harmonic:company:438713,4.8637685e-06
urn:harmonic:company:794012,4.8636707e-06
urn:harmonic:company:771414,4.863467e-06
urn:harmonic:company:1431190,4.8629195e-06
urn:harmonic:company:3240086,4.8624e-06
urn:harmonic:company:10304336,4.8611623e-06
urn:harmonic:company:8552126,4.8599895e-06
urn:harmonic:company:36805309,4.8585716e-06
urn:harmonic:company:702673,4.8584234e-06
urn:harmonic:company:45097,4.857747e-06
urn:harmonic:company:40978671,4.8569686e-06
urn:harmonic:company:715422,4.855329e-06
urn:harmonic:company:2137986,4.8527e-06
urn:harmonic:company:18431094,4.851839e-06
urn:harmonic:company:1559951,4.8495676e-06
urn:harmonic:company:4300928,4.8493553e-06
urn:harmonic:company:3331160,4.8478337e-06
urn:harmonic:company:1534052,4.8478014e-06
urn:harmonic:company:3597260,4.8474362e-06
urn:harmonic:company:773276,4.847265e-06
urn:harmonic:company:686740,4.846188e-06
urn:harmonic:company:1842086,4.8459246e-06
urn:harmonic:company:690526,4.844617e-06
urn:harmonic:company:4273794,4.843268e-06
urn:harmonic:company:1776957,4.8430047e-06
urn:harmonic:company:9058739,4.8421457e-06
urn:harmonic:company:553695,4.841883e-06
urn:harmonic:company:4156154,4.8411257e-06
urn:harmonic:company:34663324,4.8409224e-06
urn:harmonic:company:1449161,4.8393204e-06
urn:harmonic:company:3217172,4.8384163e-06
urn:harmonic:company:694204,4.8367046e-06
urn:harmonic:company:1562112,4.8348275e-06
urn:harmonic:company:11285268,4.8336287e-06
urn:harmonic:company:23294605,4.8335e-06
urn:harmonic:company:11622714,4.833389e-06
urn:harmonic:company:4458179,4.8328916e-06
urn:harmonic:company:3373527,4.832804e-06
urn:harmonic:company:662744,4.8320803e-06
urn:harmonic:company:24931542,4.827801e-06
urn:harmonic:company:1424278,4.8267516e-06
urn:harmonic:company:1675194,4.8262773e-06
urn:harmonic:company:1765726,4.825983e-06
urn:harmonic:company:3309813,4.8256466e-06
urn:harmonic:company:12610272,4.8253155e-06
urn:harmonic:company:4077957,4.8238157e-06
urn:harmonic:company:3385275,4.8214147e-06
urn:harmonic:company:4039360,4.820169e-06
urn:harmonic:company:3224774,4.8193006e-06
urn:harmonic:company:1956718,4.81839e-06
urn:harmonic:company:44703,4.8179904e-06
urn:harmonic:company:1961563,4.8178345e-06
urn:harmonic:company:684313,4.815198e-06
urn:harmonic:company:1513676,4.8127326e-06
urn:harmonic:company:1669489,4.808232e-06
urn:harmonic:company:1625661,4.807347e-06
urn:harmonic:company:677909,4.806183e-06
urn:harmonic:company:2232220,4.8049683e-06
urn:harmonic:company:1434047,4.803887e-06
urn:harmonic:company:1829846,4.803552e-06
urn:harmonic:company:39218605,4.803337e-06
urn:harmonic:company:8305437,4.8031766e-06
urn:harmonic:company:3295005,4.800434e-06
urn:harmonic:company:9299718,4.798438e-06
urn:harmonic:company:4530885,4.798278e-06
urn:harmonic:company:3185515,4.797793e-06
urn:harmonic:company:1676200,4.7973995e-06
urn:harmonic:company:10238004,4.7965896e-06
urn:harmonic:company:34654311,4.795849e-06
urn:harmonic:company:529173,4.79573e-06
urn:harmonic:company:746231,4.7949525e-06
urn:harmonic:company:12767907,4.793448e-06
urn:harmonic:company:1430291,4.791963e-06
urn:harmonic:company:10259673,4.7918716e-06
urn:harmonic:company:767286,4.7917206e-06
urn:harmonic:company:12849392,4.7904687e-06
urn:harmonic:company:1825750,4.788473e-06
urn:harmonic:company:7604915,4.7855647e-06
urn:harmonic:company:646241,4.784296e-06
urn:harmonic:company:34430357,4.7842e-06
urn:harmonic:company:1791262,4.782494e-06
urn:harmonic:company:792491,4.781669e-06
urn:harmonic:company:782743,4.781514e-06
urn:harmonic:company:1790833,4.78041e-06
urn:harmonic:company:5149761,4.7786098e-06
urn:harmonic:company:3482685,4.776887e-06
urn:harmonic:company:1616539,4.7755116e-06
urn:harmonic:company:2242780,4.774059e-06
urn:harmonic:company:2081645,4.769909e-06
urn:harmonic:company:1506328,4.7689127e-06
urn:harmonic:company:1602246,4.768858e-06
urn:harmonic:company:1696634,4.768781e-06
urn:harmonic:company:1630911,4.7680987e-06
urn:harmonic:company:7429618,4.767744e-06
urn:harmonic:company:4296311,4.766171e-06
urn:harmonic:company:3154166,4.7660983e-06
urn:harmonic:company:3240118,4.762977e-06
urn:harmonic:company:4419488,4.761728e-06
urn:harmonic:company:2232113,4.7614235e-06
urn:harmonic:company:12887075,4.7608196e-06
urn:harmonic:company:1392290,4.7607014e-06
urn:harmonic:company:1600626,4.7604613e-06
urn:harmonic:company:723306,4.760066e-06
urn:harmonic:company:1907804,4.759803e-06
urn:harmonic:company:3152460,4.7596213e-06
urn:harmonic:company:10291415,4.7583867e-06
urn:harmonic:company:2106743,4.7571934e-06
urn:harmonic:company:12434211,4.755701e-06
urn:harmonic:company:179057,4.7548124e-06
urn:harmonic:company:4386281,4.7536155e-06
urn:harmonic:company:793100,4.7519925e-06
urn:harmonic:company:1586004,4.751852e-06
urn:harmonic:company:4161967,4.7509457e-06
urn:harmonic:company:10912792,4.74927e-06
urn:harmonic:company:1789663,4.7492604e-06
urn:harmonic:company:1596858,4.7474946e-06
urn:harmonic:company:2221336,4.7458648e-06
urn:harmonic:company:17338,4.742793e-06
urn:harmonic:company:3862806,4.741092e-06
urn:harmonic:company:9695488,4.7406584e-06
urn:harmonic:company:47688943,4.7393114e-06
urn:harmonic:company:4123589,4.7391127e-06
urn:harmonic:company:20624241,4.739022e-06
urn:harmonic:company:1760702,4.7377343e-06
urn:harmonic:company:667694,4.7362932e-06
urn:harmonic:company:793976,4.734568e-06
urn:harmonic:company:5072863,4.7345184e-06
urn:harmonic:company:2243237,4.734315e-06
urn:harmonic:company:675525,4.7328795e-06
urn:harmonic:company:12494089,4.732347e-06
urn:harmonic:company:3116981,4.73195e-06
urn:harmonic:company:35239507,4.7301087e-06
urn:harmonic:company:12972033,4.72945e-06
urn:harmonic:company:1431116,4.728941e-06
urn:harmonic:company:3716000,4.728562e-06
urn:harmonic:company:654098,4.728278e-06
urn:harmonic:company:35102949,4.727791e-06
urn:harmonic:company:4086840,4.726042e-06
urn:harmonic:company:3457159,4.723762e-06
urn:harmonic:company:3056789,4.7225144e-06
urn:harmonic:company:3222142,4.7212757e-06
urn:harmonic:company:5128039,4.7203616e-06
urn:harmonic:company:759287,4.719151e-06
urn:harmonic:company:1594795,4.717666e-06
urn:harmonic:company:772341,4.717158e-06
urn:harmonic:company:45022293,4.716861e-06
urn:harmonic:company:2117159,4.7133535e-06
urn:harmonic:company:780053,4.7129533e-06
urn:harmonic:company:34832964,4.7124186e-06
urn:harmonic:company:2130616,4.7101676e-06
urn:harmonic:company:10977831,4.709512e-06
urn:harmonic:company:4102921,4.7084027e-06
urn:harmonic:company:3498054,4.7038698e-06
urn:harmonic:company:3121617,4.7029635e-06
urn:harmonic:company:11488988,4.7007575e-06
urn:harmonic:company:18734254,4.6984896e-06
urn:harmonic:company:691132,4.6975174e-06
urn:harmonic:company:1423913,4.6967425e-06
urn:harmonic:company:1537299,4.6961336e-06
urn:harmonic:company:1769294,4.6960395e-06
urn:harmonic:company:3636259,4.6953587e-06
urn:harmonic:company:727353,4.694875e-06
urn:harmonic:company:781898,4.694857e-06
urn:harmonic:company:12874839,4.694239e-06
urn:harmonic:company:4170146,4.690972e-06
urn:harmonic:company:6673681,4.69061e-06
urn:harmonic:company:1531131,4.6899077e-06
urn:harmonic:company:1607828,4.6895902e-06
urn:harmonic:company:3187434,4.6866526e-06
urn:harmonic:company:3090328,4.685473e-06
urn:harmonic:company:3075750,4.685098e-06
urn:harmonic:company:17505383,4.684137e-06
urn:harmonic:company:13137651,4.683784e-06
urn:harmonic:company:3404214,4.6829978e-06
urn:harmonic:company:1502357,4.6819578e-06
urn:harmonic:company:3052103,4.6793284e-06
urn:harmonic:company:188053,4.678976e-06
urn:harmonic:company:3180729,4.6748723e-06
urn:harmonic:company:3507162,4.673063e-06
urn:harmonic:company:3847013,4.6701625e-06
urn:harmonic:company:3628398,4.6690225e-06
urn:harmonic:company:3670204,4.668751e-06
urn:harmonic:company:4587760,4.6685063e-06
urn:harmonic:company:1560156,4.6648297e-06
urn:harmonic:company:744291,4.662695e-06
urn:harmonic:company:681931,4.6623572e-06
urn:harmonic:company:486377,4.660601e-06
urn:harmonic:company:659864,4.659712e-06
urn:harmonic:company:4414731,4.6584105e-06
urn:harmonic:company:504826,4.6534287e-06
urn:harmonic:company:2013820,4.6524924e-06
urn:harmonic:company:1878814,4.6520795e-06
urn:harmonic:company:6599125,4.6495647e-06
urn:harmonic:company:4533866,4.6487444e-06
urn:harmonic:company:1571991,4.6481327e-06
urn:harmonic:company:184842,4.6471137e-06
urn:harmonic:company:6603237,4.6462756e-06
urn:harmonic:company:3433120,4.645726e-06
urn:harmonic:company:2005905,4.645372e-06
urn:harmonic:company:8175171,4.6430423e-06
urn:harmonic:company:4297974,4.642294e-06
urn:harmonic:company:1629853,4.641856e-06
urn:harmonic:company:2011073,4.640342e-06
urn:harmonic:company:4056253,4.6403375e-06
urn:harmonic:company:795807,4.639979e-06
urn:harmonic:company:1817571,4.639289e-06
urn:harmonic:company:776314,4.637935e-06
urn:harmonic:company:10620812,4.637453e-06
urn:harmonic:company:1784165,4.6374175e-06
urn:harmonic:company:4458994,4.637055e-06
urn:harmonic:company:10440604,4.6368737e-06
urn:harmonic:company:4323861,4.636679e-06
urn:harmonic:company:2136743,4.6334835e-06
urn:harmonic:company:11559888,4.6332802e-06
urn:harmonic:company:4294522,4.6323125e-06
urn:harmonic:company:3785594,4.630069e-06
urn:harmonic:company:35095487,4.6271334e-06
urn:harmonic:company:1489632,4.625726e-06
urn:harmonic:company:11265838,4.623816e-06
urn:harmonic:company:3347060,4.621352e-06
urn:harmonic:company:46022349,4.6212945e-06
urn:harmonic:company:709087,4.6211094e-06
urn:harmonic:company:1620589,4.6204045e-06
urn:harmonic:company:8930850,4.6190826e-06
urn:harmonic:company:4527504,4.6190257e-06
urn:harmonic:company:1985586,4.618338e-06
urn:harmonic:company:4178187,4.6157406e-06
urn:harmonic:company:11114228,4.6137247e-06
urn:harmonic:company:3271007,4.613087e-06
urn:harmonic:company:6701040,4.6127348e-06
urn:harmonic:company:3152218,4.6125547e-06
urn:harmonic:company:4110957,4.6120354e-06
urn:harmonic:company:6755872,4.609626e-06
urn:harmonic:company:2101970,4.609015e-06
urn:harmonic:company:3241244,4.6069713e-06
urn:harmonic:company:57350,4.6060136e-06
urn:harmonic:company:3725156,4.6058512e-06
urn:harmonic:company:5698981,4.6054956e-06
urn:harmonic:company:1586665,4.6038003e-06
urn:harmonic:company:766691,4.6031814e-06
urn:harmonic:company:10891265,4.6007194e-06
urn:harmonic:company:1443137,4.600513e-06
urn:harmonic:company:10539530,4.5979564e-06
urn:harmonic:company:2159492,4.5956413e-06
urn:harmonic:company:11534967,4.5909633e-06
urn:harmonic:company:1798320,4.590219e-06
urn:harmonic:company:1304424,4.589746e-06
urn:harmonic:company:674517,4.5892907e-06
urn:harmonic:company:3642505,4.5887655e-06
urn:harmonic:company:1559678,4.5877637e-06
urn:harmonic:company:1449458,4.5870065e-06
urn:harmonic:company:2083129,4.5867882e-06
urn:harmonic:company:12994552,4.585161e-06
urn:harmonic:company:39104263,4.58468e-06
urn:harmonic:company:11448616,4.584055e-06
urn:harmonic:company:1555621,4.5837705e-06
urn:harmonic:company:3368833,4.583491e-06
urn:harmonic:company:3667948,4.5824377e-06
urn:harmonic:company:106071,4.5803667e-06
urn:harmonic:company:1832675,4.580061e-06
urn:harmonic:company:4174928,4.5793577e-06
urn:harmonic:company:682256,4.5791526e-06
urn:harmonic:company:4008556,4.5770353e-06
urn:harmonic:company:7966076,4.5767556e-06
urn:harmonic:company:76522,4.574779e-06
urn:harmonic:company:4156574,4.573889e-06
urn:harmonic:company:623670,4.573614e-06
urn:harmonic:company:8867828,4.572764e-06
urn:harmonic:company:3210873,4.5698775e-06
urn:harmonic:company:12475281,4.5684005e-06
urn:harmonic:company:10702384,4.5674815e-06
urn:harmonic:company:3652704,4.566105e-06
urn:harmonic:company:698040,4.5659526e-06
urn:harmonic:company:6575869,4.56432e-06
urn:harmonic:company:50266,4.5620263e-06
urn:harmonic:company:1993807,4.559439e-06
urn:harmonic:company:695507,4.5594215e-06
urn:harmonic:company:36718183,4.5593124e-06
urn:harmonic:company:3137249,4.558969e-06
urn:harmonic:company:1602341,4.557413e-06
urn:harmonic:company:4418743,4.556583e-06
urn:harmonic:company:5077807,4.5560264e-06
urn:harmonic:company:10329315,4.5559877e-06
urn:harmonic:company:12733112,4.554841e-06
urn:harmonic:company:684314,4.553655e-06
urn:harmonic:company:1935320,4.551844e-06
urn:harmonic:company:1465176,4.5516363e-06
urn:harmonic:company:4153818,4.5509937e-06
urn:harmonic:company:4187211,4.5509373e-06
urn:harmonic:company:3956822,4.550351e-06
urn:harmonic:company:12886395,4.549857e-06
urn:harmonic:company:1543568,4.549284e-06
urn:harmonic:company:1621304,4.5474494e-06
urn:harmonic:company:22800393,4.5473407e-06
urn:harmonic:company:634586,4.547332e-06
urn:harmonic:company:1838767,4.5473103e-06
urn:harmonic:company:1505213,4.545368e-06
urn:harmonic:company:767479,4.5444363e-06
urn:harmonic:company:11528770,4.544198e-06
urn:harmonic:company:4297210,4.542733e-06
urn:harmonic:company:4215134,4.5424126e-06
urn:harmonic:company:1522702,4.538048e-06
urn:harmonic:company:1545097,4.537308e-06
urn:harmonic:company:18771396,4.5368797e-06
urn:harmonic:company:2140318,4.5355346e-06
urn:harmonic:company:1613718,4.5338606e-06
urn:harmonic:company:609530,4.5327843e-06
urn:harmonic:company:9744872,4.531371e-06
urn:harmonic:company:3332494,4.53125e-06
urn:harmonic:company:1894816,4.529405e-06
urn:harmonic:company:655194,4.527712e-06
urn:harmonic:company:2183913,4.5273105e-06
urn:harmonic:company:4160077,4.526965e-06
urn:harmonic:company:4046908,4.523668e-06
urn:harmonic:company:639248,4.5233833e-06
urn:harmonic:company:1763104,4.523306e-06
urn:harmonic:company:2141486,4.523012e-06
urn:harmonic:company:3219154,4.5225593e-06
urn:harmonic:company:298374,4.5217876e-06
urn:harmonic:company:1622173,4.519606e-06
urn:harmonic:company:2197952,4.5192055e-06
urn:harmonic:company:5907251,4.5161764e-06
urn:harmonic:company:4108095,4.515156e-06
urn:harmonic:company:4039888,4.5150396e-06
urn:harmonic:company:931128,4.5143547e-06
urn:harmonic:company:9679530,4.5141614e-06
urn:harmonic:company:662203,4.5101465e-06
urn:harmonic:company:3303564,4.508989e-06
urn:harmonic:company:1500926,4.5087872e-06
urn:harmonic:company:12221266,4.5086113e-06
urn:harmonic:company:1816359,4.508486e-06
urn:harmonic:company:11124933,4.508091e-06
urn:harmonic:company:1432039,4.5061997e-06
urn:harmonic:company:2107141,4.505366e-06
urn:harmonic:company:3845516,4.5051984e-06
urn:harmonic:company:4184247,4.5028273e-06
urn:harmonic:company:11677829,4.502428e-06
urn:harmonic:company:4142544,4.5008783e-06
urn:harmonic:company:3424685,4.5007796e-06
urn:harmonic:company:1678987,4.5005436e-06
urn:harmonic:company:3643578,4.5002816e-06
urn:harmonic:company:773005,4.499505e-06
urn:harmonic:company:1684560,4.4994276e-06
urn:harmonic:company:3643924,4.498136e-06
urn:harmonic:company:2052443,4.4967205e-06
urn:harmonic:company:1815635,4.496425e-06
urn:harmonic:company:529829,4.4955373e-06
urn:harmonic:company:29021812,4.4945987e-06
urn:harmonic:company:12285685,4.4931585e-06
urn:harmonic:company:734315,4.492516e-06
urn:harmonic:company:1836842,4.4911494e-06
urn:harmonic:company:3186399,4.490139e-06
urn:harmonic:company:4134276,4.4888075e-06
urn:harmonic:company:2122613,4.487369e-06
urn:harmonic:company:603712,4.4869494e-06
urn:harmonic:company:6703120,4.486333e-06
urn:harmonic:company:2070557,4.486321e-06
urn:harmonic:company:12399227,4.4856706e-06
urn:harmonic:company:11056534,4.485401e-06
urn:harmonic:company:4152839,4.484956e-06
urn:harmonic:company:1774547,4.483421e-06
urn:harmonic:company:4241942,4.4833564e-06
urn:harmonic:company:7374622,4.4820144e-06
urn:harmonic:company:3599169,4.4819503e-06
urn:harmonic:company:3352358,4.4817366e-06
urn:harmonic:company:3259122,4.4813905e-06
urn:harmonic:company:1535531,4.4786902e-06
urn:harmonic:company:1836366,4.4785447e-06
urn:harmonic:company:50198,4.4781777e-06
urn:harmonic:company:4228531,4.477255e-06
urn:harmonic:company:4533697,4.4770204e-06
urn:harmonic:company:41955374,4.4757526e-06
urn:harmonic:company:9189233,4.4735975e-06
urn:harmonic:company:706259,4.471175e-06
urn:harmonic:company:1422156,4.467194e-06
urn:harmonic:company:3643482,4.466376e-06
urn:harmonic:company:6308795,4.463149e-06
urn:harmonic:company:34456987,4.4620465e-06
urn:harmonic:company:4495929,4.4603617e-06
urn:harmonic:company:3225272,4.4599233e-06
urn:harmonic:company:10578969,4.459915e-06
urn:harmonic:company:1429691,4.4592175e-06
urn:harmonic:company:1775401,4.4591834e-06
urn:harmonic:company:699313,4.4590306e-06
urn:harmonic:company:3761717,4.4589196e-06
urn:harmonic:company:3489685,4.458703e-06
urn:harmonic:company:2090702,4.457763e-06
urn:harmonic:company:30207547,4.4576655e-06
urn:harmonic:company:3211862,4.457423e-06
urn:harmonic:company:34906566,4.4542617e-06
urn:harmonic:company:34810250,4.4520407e-06
urn:harmonic:company:3222137,4.450436e-06
urn:harmonic:company:6591065,4.4503086e-06
urn:harmonic:company:680835,4.448374e-06
urn:harmonic:company:1685842,4.447818e-06
urn:harmonic:company:36762411,4.4453714e-06
urn:harmonic:company:433789,4.442574e-06
urn:harmonic:company:47137155,4.440816e-06
urn:harmonic:company:1849418,4.4398253e-06
urn:harmonic:company:2167062,4.439131e-06
urn:harmonic:company:691851,4.4374633e-06
urn:harmonic:company:1672,4.436655e-06
urn:harmonic:company:4020718,4.436054e-06
urn:harmonic:company:2100640,4.4357453e-06
urn:harmonic:company:4023454,4.434155e-06
urn:harmonic:company:3295118,4.4310314e-06
urn:harmonic:company:5260439,4.4290414e-06
urn:harmonic:company:3877736,4.428154e-06
urn:harmonic:company:19782958,4.428066e-06
urn:harmonic:company:796443,4.4260055e-06
urn:harmonic:company:10966861,4.424385e-06
urn:harmonic:company:1448229,4.4225794e-06
urn:harmonic:company:3104634,4.4219046e-06
urn:harmonic:company:1680669,4.4198346e-06
urn:harmonic:company:4492878,4.4197377e-06
urn:harmonic:company:30980166,4.4190674e-06
urn:harmonic:company:3614588,4.41571e-06
urn:harmonic:company:3766595,4.4155836e-06
urn:harmonic:company:1597626,4.4148464e-06
urn:harmonic:company:12835306,4.414552e-06
urn:harmonic:company:7498281,4.4137437e-06
urn:harmonic:company:4604033,4.413344e-06
urn:harmonic:company:7640922,4.4119215e-06
urn:harmonic:company:1623084,4.411408e-06
urn:harmonic:company:1429695,4.4072744e-06
urn:harmonic:company:654905,4.4069807e-06
urn:harmonic:company:1544119,4.405535e-06
urn:harmonic:company:794297,4.404094e-06
urn:harmonic:company:692171,4.403481e-06
urn:harmonic:company:516415,4.4020912e-06
urn:harmonic:company:19435767,4.3998584e-06
urn:harmonic:company:3915811,4.3996233e-06
urn:harmonic:company:10195483,4.398759e-06
urn:harmonic:company:12464841,4.398558e-06
urn:harmonic:company:3363408,4.3976474e-06
urn:harmonic:company:1588756,4.3971568e-06
urn:harmonic:company:1464695,4.3959867e-06
urn:harmonic:company:35942363,4.395685e-06
urn:harmonic:company:3646184,4.395677e-06
urn:harmonic:company:3648287,4.3948385e-06
urn:harmonic:company:12882641,4.392312e-06
urn:harmonic:company:2160425,4.3916084e-06
urn:harmonic:company:3216287,4.3880204e-06
urn:harmonic:company:2231339,4.3877694e-06
urn:harmonic:company:9324740,4.38764e-06
urn:harmonic:company:10456602,4.383725e-06
urn:harmonic:company:3613325,4.382956e-06
urn:harmonic:company:1985217,4.381547e-06
urn:harmonic:company:2141353,4.3803775e-06
urn:harmonic:company:605612,4.379024e-06
urn:harmonic:company:1448691,4.376899e-06
urn:harmonic:company:10170023,4.376369e-06
urn:harmonic:company:3931419,4.3759474e-06
urn:harmonic:company:12477116,4.375246e-06
urn:harmonic:company:1490482,4.3739824e-06
urn:harmonic:company:3700886,4.3725686e-06
urn:harmonic:company:3466531,4.372193e-06
urn:harmonic:company:770243,4.3716846e-06
urn:harmonic:company:10811070,4.3714304e-06
urn:harmonic:company:3457572,4.3694254e-06
urn:harmonic:company:721405,4.3684336e-06
urn:harmonic:company:12872172,4.367734e-06
urn:harmonic:company:7312306,4.367601e-06
urn:harmonic:company:12477266,4.3665473e-06
urn:harmonic:company:43430716,4.364182e-06
urn:harmonic:company:1631923,4.3641157e-06
urn:harmonic:company:4576651,4.362888e-06
urn:harmonic:company:40518878,4.3626637e-06
urn:harmonic:company:1430069,4.3625178e-06
urn:harmonic:company:697293,4.3608748e-06
urn:harmonic:company:746378,4.360076e-06
urn:harmonic:company:1430076,4.3595815e-06
urn:harmonic:company:4047173,4.359195e-06
urn:harmonic:company:1603192,4.3573746e-06
urn:harmonic:company:6599625,4.3546825e-06
urn:harmonic:company:727462,4.3520545e-06
urn:harmonic:company:1789534,4.351656e-06
urn:harmonic:company:36410983,4.3481054e-06
urn:harmonic:company:107135,4.3467576e-06
urn:harmonic:company:8735,4.346546e-06
urn:harmonic:company:3402432,4.346003e-06
urn:harmonic:company:10630232,4.345162e-06
urn:harmonic:company:3594612,4.3422788e-06
urn:harmonic:company:1385664,4.3416744e-06
urn:harmonic:company:1390689,4.341575e-06
urn:harmonic:company:1472212,4.3390583e-06
urn:harmonic:company:3614556,4.336146e-06
urn:harmonic:company:9536206,4.3350506e-06
urn:harmonic:company:638676,4.3349346e-06
urn:harmonic:company:2198872,4.3340415e-06
urn:harmonic:company:639930,4.331934e-06
urn:harmonic:company:1573158,4.331009e-06
urn:harmonic:company:711579,4.329386e-06
urn:harmonic:company:1410006,4.329089e-06
urn:harmonic:company:334454,4.3288205e-06
urn:harmonic:company:4120135,4.3281148e-06
urn:harmonic:company:10968511,4.32707e-06
urn:harmonic:company:34892200,4.3265422e-06
urn:harmonic:company:1838899,4.3256305e-06
urn:harmonic:company:38891976,4.3228015e-06
urn:harmonic:company:1983009,4.322319e-06
urn:harmonic:company:3220262,4.319657e-06
urn:harmonic:company:12577373,4.3190353e-06
urn:harmonic:company:23810050,4.318936e-06
urn:harmonic:company:2244207,4.3187138e-06
urn:harmonic:company:1837896,4.3186606e-06
urn:harmonic:company:1504282,4.317647e-06
urn:harmonic:company:3453530,4.316906e-06
urn:harmonic:company:792823,4.3158234e-06
urn:harmonic:company:1959754,4.315503e-06
urn:harmonic:company:1504628,4.3153914e-06
urn:harmonic:company:3091393,4.315342e-06
urn:harmonic:company:1848418,4.314877e-06
urn:harmonic:company:632079,4.3109735e-06
urn:harmonic:company:12873258,4.310838e-06
urn:harmonic:company:8699612,4.310776e-06
urn:harmonic:company:4054336,4.3101063e-06
urn:harmonic:company:13471619,4.3071027e-06
urn:harmonic:company:1544689,4.307008e-06
urn:harmonic:company:9260534,4.3069795e-06
urn:harmonic:company:1960367,4.3053983e-06
urn:harmonic:company:35063372,4.3052055e-06
urn:harmonic:company:1369192,4.3051928e-06
urn:harmonic:company:12706430,4.3034033e-06
urn:harmonic:company:687373,4.303231e-06
urn:harmonic:company:764700,4.3029927e-06
urn:harmonic:company:1490400,4.3025043e-06
urn:harmonic:company:12865148,4.302209e-06
urn:harmonic:company:1494550,4.3009127e-06
urn:harmonic:company:10552987,4.2989323e-06
urn:harmonic:company:795056,4.2988013e-06
urn:harmonic:company:4466615,4.2956453e-06
urn:harmonic:company:613570,4.294527e-06
urn:harmonic:company:3524477,4.293536e-06
urn:harmonic:company:893165,4.29248e-06
urn:harmonic:company:49990228,4.2924635e-06
urn:harmonic:company:4163577,4.2886663e-06
urn:harmonic:company:3277991,4.28802e-06
urn:harmonic:company:3220073,4.287816e-06
urn:harmonic:company:3868982,4.2871984e-06
urn:harmonic:company:3960162,4.287051e-06
urn:harmonic:company:4898852,4.284705e-06
urn:harmonic:company:4632907,4.283994e-06
urn:harmonic:company:6623417,4.283786e-06
urn:harmonic:company:9778787,4.283169e-06
urn:harmonic:company:702734,4.2830584e-06
urn:harmonic:company:2095874,4.282099e-06
urn:harmonic:company:3709690,4.2811844e-06
urn:harmonic:company:643112,4.2808983e-06
urn:harmonic:company:47190615,4.276565e-06
urn:harmonic:company:4601053,4.2733604e-06
urn:harmonic:company:3640183,4.2731363e-06
urn:harmonic:company:5122447,4.2729284e-06
urn:harmonic:company:4310931,4.2706065e-06
urn:harmonic:company:1533547,4.2700894e-06
urn:harmonic:company:8079192,4.269845e-06
urn:harmonic:company:2234950,4.2691936e-06
urn:harmonic:company:10721260,4.266975e-06
urn:harmonic:company:37327909,4.2650427e-06
urn:harmonic:company:969866,4.2647093e-06
urn:harmonic:company:708606,4.263245e-06
urn:harmonic:company:4091823,4.2625543e-06
urn:harmonic:company:1430181,4.261546e-06
urn:harmonic:company:511851,4.2606316e-06
urn:harmonic:company:34838,4.2606275e-06
urn:harmonic:company:3371178,4.2584097e-06
urn:harmonic:company:38314023,4.256733e-06
urn:harmonic:company:2268031,4.256725e-06
urn:harmonic:company:1710508,4.2557544e-06
urn:harmonic:company:4116079,4.255722e-06
urn:harmonic:company:4181138,4.2540505e-06
urn:harmonic:company:665809,4.253604e-06
urn:harmonic:company:1697611,4.25214e-06
urn:harmonic:company:19412415,4.251657e-06
urn:harmonic:company:49762575,4.250733e-06
urn:harmonic:company:37451118,4.2496304e-06
urn:harmonic:company:3205173,4.2490715e-06
urn:harmonic:company:796022,4.248508e-06
urn:harmonic:company:4115653,4.248431e-06
urn:harmonic:company:3269981,4.248423e-06
urn:harmonic:company:3371939,4.247795e-06
urn:harmonic:company:1525621,4.2471306e-06
urn:harmonic:company:1510627,4.2465717e-06
urn:harmonic:company:4295490,4.244912e-06
urn:harmonic:company:34822670,4.244681e-06
urn:harmonic:company:10970658,4.2446404e-06
urn:harmonic:company:4069147,4.244195e-06
urn:harmonic:company:4134807,4.2441707e-06
urn:harmonic:company:10329326,4.244167e-06
urn:harmonic:company:1940468,4.2440897e-06
urn:harmonic:company:46891573,4.242552e-06
urn:harmonic:company:12590319,4.2424026e-06
urn:harmonic:company:3208625,4.2409906e-06
urn:harmonic:company:668424,4.2405254e-06
urn:harmonic:company:793475,4.2387587e-06
urn:harmonic:company:1541077,4.2381685e-06
urn:harmonic:company:8866789,4.2371703e-06
urn:harmonic:company:3240492,4.2369034e-06
urn:harmonic:company:1407712,4.236334e-06
urn:harmonic:company:785383,4.236306e-06
urn:harmonic:company:4392871,4.2355664e-06
urn:harmonic:company:18223217,4.235122e-06
urn:harmonic:company:1611198,4.234165e-06
urn:harmonic:company:714924,4.233721e-06
urn:harmonic:company:10689122,4.2334946e-06
urn:harmonic:company:11369059,4.2332367e-06
urn:harmonic:company:3376751,4.2314928e-06
urn:harmonic:company:629609,4.2285683e-06
urn:harmonic:company:1791193,4.2282454e-06
urn:harmonic:company:1497326,4.227552e-06
urn:harmonic:company:663274,4.227072e-06
urn:harmonic:company:3640272,4.225331e-06
urn:harmonic:company:1997446,4.2251136e-06
urn:harmonic:company:3216228,4.2221327e-06
urn:harmonic:company:648699,4.22171e-06
urn:harmonic:company:2002251,4.2215047e-06
urn:harmonic:company:1371226,4.2214483e-06
urn:harmonic:company:1775476,4.2187276e-06
urn:harmonic:company:3329703,4.215892e-06
urn:harmonic:company:1279571,4.2134566e-06
urn:harmonic:company:11339435,4.212854e-06
urn:harmonic:company:3146751,4.2116085e-06
urn:harmonic:company:37493860,4.210271e-06
urn:harmonic:company:12858543,4.209753e-06
urn:harmonic:company:43461551,4.208898e-06
urn:harmonic:company:2240786,4.208609e-06
urn:harmonic:company:4182113,4.2071765e-06
urn:harmonic:company:105304,4.2068436e-06
urn:harmonic:company:36903868,4.2060533e-06
urn:harmonic:company:794880,4.20562e-06
urn:harmonic:company:19055806,4.2032107e-06
urn:harmonic:company:3292409,4.2028378e-06
urn:harmonic:company:4110063,4.202541e-06
urn:harmonic:company:4173194,4.202525e-06
urn:harmonic:company:4642889,4.201547e-06
urn:harmonic:company:23993888,4.2012384e-06
urn:harmonic:company:1904668,4.200277e-06
urn:harmonic:company:1805550,4.200089e-06
urn:harmonic:company:7597444,4.198463e-06
urn:harmonic:company:2103039,4.1947887e-06
urn:harmonic:company:11084637,4.194661e-06
urn:harmonic:company:1910557,4.194025e-06
urn:harmonic:company:1533657,4.1923977e-06
urn:harmonic:company:646060,4.191178e-06
urn:harmonic:company:3884056,4.1907506e-06
urn:harmonic:company:4217116,4.1907188e-06
urn:harmonic:company:1972122,4.189532e-06
urn:harmonic:company:3268069,4.1888484e-06
urn:harmonic:company:1572185,4.188453e-06
urn:harmonic:company:3631140,4.1881653e-06
urn:harmonic:company:37112556,4.185127e-06
urn:harmonic:company:3644422,4.184692e-06
urn:harmonic:company:3270993,4.184229e-06
urn:harmonic:company:682919,4.183894e-06
urn:harmonic:company:4447586,4.17993e-06
urn:harmonic:company:6495676,4.179798e-06
urn:harmonic:company:9872181,4.176105e-06
urn:harmonic:company:1890761,4.1747785e-06
urn:harmonic:company:1776598,4.171853e-06
urn:harmonic:company:11213829,4.1705525e-06
urn:harmonic:company:1842942,4.170119e-06
urn:harmonic:company:4259081,4.1695466e-06
urn:harmonic:company:768172,4.167976e-06
urn:harmonic:company:20694121,4.167384e-06
urn:harmonic:company:6600677,4.167332e-06
urn:harmonic:company:10621883,4.164762e-06
urn:harmonic:company:7415063,4.164214e-06
urn:harmonic:company:643720,4.1638245e-06
urn:harmonic:company:1526716,4.1629946e-06
urn:harmonic:company:1478544,4.159629e-06
urn:harmonic:company:3488766,4.1592443e-06
urn:harmonic:company:3450619,4.1591334e-06
urn:harmonic:company:11305437,4.153564e-06
urn:harmonic:company:4488801,4.1520793e-06
urn:harmonic:company:9235236,4.151616e-06
urn:harmonic:company:734796,4.14894e-06
urn:harmonic:company:657276,4.147951e-06
urn:harmonic:company:2178965,4.1473027e-06
urn:harmonic:company:3192374,4.1468593e-06
urn:harmonic:company:4590896,4.1466933e-06
urn:harmonic:company:29409134,4.146583e-06
urn:harmonic:company:6225684,4.146306e-06
urn:harmonic:company:6518646,4.145602e-06
urn:harmonic:company:579938,4.1438666e-06
urn:harmonic:company:978886,4.143278e-06
urn:harmonic:company:800442,4.142488e-06
urn:harmonic:company:797186,4.140596e-06
urn:harmonic:company:3278429,4.1397157e-06
urn:harmonic:company:4245152,4.1387366e-06
urn:harmonic:company:4298285,4.133798e-06
urn:harmonic:company:12513635,4.1337266e-06
urn:harmonic:company:10967619,4.133581e-06
urn:harmonic:company:10224741,4.1335734e-06
urn:harmonic:company:1506388,4.1321973e-06
urn:harmonic:company:5303629,4.1321623e-06
urn:harmonic:company:9397641,4.130941e-06
urn:harmonic:company:695338,4.129507e-06
urn:harmonic:company:4375995,4.1280346e-06
urn:harmonic:company:169416,4.1274006e-06
urn:harmonic:company:3131984,4.1249214e-06
urn:harmonic:company:35001386,4.124717e-06
urn:harmonic:company:714169,4.122251e-06
urn:harmonic:company:6760476,4.120341e-06
urn:harmonic:company:3274353,4.119889e-06
urn:harmonic:company:1790670,4.1178705e-06
urn:harmonic:company:3708585,4.117144e-06
urn:harmonic:company:11191974,4.116924e-06
urn:harmonic:company:3372496,4.115228e-06
urn:harmonic:company:2123413,4.1131957e-06
urn:harmonic:company:4214697,4.112176e-06
urn:harmonic:company:10478547,4.1110543e-06
urn:harmonic:company:3278847,4.1108588e-06
urn:harmonic:company:690797,4.110004e-06
urn:harmonic:company:32446,4.109416e-06
urn:harmonic:company:3133026,4.1092867e-06
urn:harmonic:company:637744,4.10906e-06
urn:harmonic:company:2040071,4.106752e-06
urn:harmonic:company:3201961,4.1065796e-06
urn:harmonic:company:3263986,4.106024e-06
urn:harmonic:company:2250316,4.105769e-06
urn:harmonic:company:3217143,4.1029784e-06
urn:harmonic:company:4084853,4.102634e-06
urn:harmonic:company:2066196,4.10202e-06
urn:harmonic:company:9068977,4.1019885e-06
urn:harmonic:company:800625,4.10112e-06
urn:harmonic:company:106420,4.10042e-06
urn:harmonic:company:1730796,4.098395e-06
urn:harmonic:company:10001899,4.09616e-06
urn:harmonic:company:3837037,4.095035e-06
urn:harmonic:company:1956070,4.0945274e-06
urn:harmonic:company:793150,4.094051e-06
urn:harmonic:company:2117267,4.0934574e-06
urn:harmonic:company:2156730,4.0933173e-06
urn:harmonic:company:1610501,4.0931295e-06
urn:harmonic:company:58420,4.092626e-06
urn:harmonic:company:608624,4.0903865e-06
urn:harmonic:company:7302773,4.0902496e-06
urn:harmonic:company:4057947,4.089735e-06
urn:harmonic:company:36756857,4.0892437e-06
urn:harmonic:company:2136547,4.0859027e-06
urn:harmonic:company:5625485,4.0854156e-06
urn:harmonic:company:11472029,4.083978e-06
urn:harmonic:company:3555573,4.082775e-06
urn:harmonic:company:7952988,4.0827595e-06
urn:harmonic:company:2177784,4.082401e-06
urn:harmonic:company:1631344,4.0821174e-06
urn:harmonic:company:681601,4.0817354e-06
urn:harmonic:company:4415087,4.081292e-06
urn:harmonic:company:1408651,4.0796263e-06
urn:harmonic:company:4906974,4.079078e-06
urn:harmonic:company:8765569,4.0783234e-06
urn:harmonic:company:579799,4.076274e-06
urn:harmonic:company:737251,4.0752984e-06
urn:harmonic:company:183828,4.075279e-06
urn:harmonic:company:10922839,4.072796e-06
urn:harmonic:company:6515365,4.0712894e-06
urn:harmonic:company:4137659,4.0701248e-06
urn:harmonic:company:4220479,4.0696436e-06
urn:harmonic:company:4007974,4.0673426e-06
urn:harmonic:company:1510255,4.067005e-06
urn:harmonic:company:1442515,4.065369e-06
urn:harmonic:company:1432108,4.0652953e-06
urn:harmonic:company:4124870,4.065276e-06
urn:harmonic:company:3685255,4.064927e-06
urn:harmonic:company:3431460,4.064245e-06
urn:harmonic:company:2061293,4.0615787e-06
urn:harmonic:company:1430915,4.0611644e-06
urn:harmonic:company:2249416,4.056481e-06
urn:harmonic:company:1567823,4.0563186e-06
urn:harmonic:company:1842337,4.0559007e-06
urn:harmonic:company:1836384,4.054346e-06
urn:harmonic:company:4486567,4.053882e-06
urn:harmonic:company:1433703,4.0522777e-06
urn:harmonic:company:2169983,4.0514665e-06
urn:harmonic:company:2161554,4.050574e-06
urn:harmonic:company:801669,4.0501145e-06
urn:harmonic:company:4158148,4.049713e-06
urn:harmonic:company:1430623,4.0496893e-06
urn:harmonic:company:1492759,4.0464274e-06
urn:harmonic:company:625962,4.0461223e-06
urn:harmonic:company:3691083,4.045667e-06
urn:harmonic:company:3123384,4.043958e-06
urn:harmonic:company:11906182,4.0431446e-06
urn:harmonic:company:11312257,4.042929e-06
urn:harmonic:company:1905613,4.0416103e-06
urn:harmonic:company:4056379,4.0412865e-06
urn:harmonic:company:3186071,4.0411555e-06
urn:harmonic:company:1836394,4.0370533e-06
urn:harmonic:company:3524890,4.036818e-06
urn:harmonic:company:3430480,4.0366567e-06
urn:harmonic:company:636407,4.03601e-06
urn:harmonic:company:16677078,4.032559e-06
urn:harmonic:company:1533732,4.032063e-06
urn:harmonic:company:8813683,4.031974e-06
urn:harmonic:company:35403181,4.03179e-06
urn:harmonic:company:42299692,4.028542e-06
urn:harmonic:company:12692863,4.02767e-06
urn:harmonic:company:3274234,4.026756e-06
urn:harmonic:company:1988712,4.0265986e-06
urn:harmonic:company:3346871,4.025781e-06
urn:harmonic:company:7726442,4.0233012e-06
urn:harmonic:company:12549973,4.0166115e-06
urn:harmonic:company:1431016,4.0154628e-06
urn:harmonic:company:177090,4.0142527e-06
urn:harmonic:company:3303684,4.013667e-06
urn:harmonic:company:6834444,4.013173e-06
urn:harmonic:company:3274273,4.0118875e-06
urn:harmonic:company:7523327,4.0111568e-06
urn:harmonic:company:2082516,4.0084033e-06
urn:harmonic:company:3163685,4.0075206e-06
urn:harmonic:company:1671131,4.0036357e-06
urn:harmonic:company:706803,4.0026734e-06
urn:harmonic:company:10684394,4.0025093e-06
urn:harmonic:company:9349691,4.0006853e-06
urn:harmonic:company:6811850,3.9997353e-06
urn:harmonic:company:12413420,3.999079e-06
urn:harmonic:company:1430349,3.9983815e-06
urn:harmonic:company:2148476,3.997653e-06
urn:harmonic:company:705341,3.9969937e-06
urn:harmonic:company:11354055,3.995439e-06
urn:harmonic:company:3658118,3.994494e-06
urn:harmonic:company:2179122,3.9943034e-06
urn:harmonic:company:4392037,3.994193e-06
urn:harmonic:company:612077,3.993782e-06
urn:harmonic:company:7065856,3.9936103e-06
urn:harmonic:company:1839822,3.992342e-06
urn:harmonic:company:4083420,3.9900356e-06
urn:harmonic:company:34825570,3.988868e-06
urn:harmonic:company:1579587,3.9888146e-06
urn:harmonic:company:1953434,3.9881675e-06
urn:harmonic:company:669872,3.9875213e-06
urn:harmonic:company:7385425,3.986502e-06
urn:harmonic:company:4386275,3.982577e-06
urn:harmonic:company:1431287,3.982106e-06
urn:harmonic:company:21670032,3.9817983e-06
urn:harmonic:company:11282557,3.980276e-06
urn:harmonic:company:775038,3.980272e-06
urn:harmonic:company:1510238,3.9800366e-06
urn:harmonic:company:4220813,3.9791826e-06
urn:harmonic:company:1815688,3.978921e-06
urn:harmonic:company:10194338,3.978883e-06
urn:harmonic:company:12807985,3.9783476e-06
urn:harmonic:company:2191865,3.97809e-06
urn:harmonic:company:765974,3.9771226e-06
urn:harmonic:company:107522,3.9756706e-06
urn:harmonic:company:9801799,3.975378e-06
urn:harmonic:company:12433539,3.975272e-06
urn:harmonic:company:9812337,3.9750335e-06
urn:harmonic:company:3222096,3.973699e-06
urn:harmonic:company:12481983,3.973491e-06
urn:harmonic:company:1898096,3.972949e-06
urn:harmonic:company:814065,3.9720358e-06
urn:harmonic:company:14809170,3.968212e-06
urn:harmonic:company:3248702,3.9670767e-06
urn:harmonic:company:6475514,3.96598e-06
urn:harmonic:company:3333324,3.964142e-06
urn:harmonic:company:691967,3.9632196e-06
urn:harmonic:company:1836966,3.960964e-06
urn:harmonic:company:3239734,3.958475e-06
urn:harmonic:company:170406,3.9582037e-06
urn:harmonic:company:1624913,3.956841e-06
urn:harmonic:company:793885,3.9562333e-06
urn:harmonic:company:1906774,3.955894e-06
urn:harmonic:company:1991260,3.9545926e-06
urn:harmonic:company:1838122,3.954227e-06
urn:harmonic:company:1906003,3.9532956e-06
urn:harmonic:company:12473962,3.9521233e-06
urn:harmonic:company:3419283,3.9519123e-06
urn:harmonic:company:1842270,3.9480924e-06
urn:harmonic:company:4411577,3.945499e-06
urn:harmonic:company:1578479,3.9447727e-06
urn:harmonic:company:719791,3.944047e-06
urn:harmonic:company:652340,3.9438587e-06
urn:harmonic:company:1929385,3.9436895e-06
urn:harmonic:company:3996114,3.9430615e-06
urn:harmonic:company:10620791,3.9405804e-06
urn:harmonic:company:1748596,3.9404754e-06
urn:harmonic:company:747628,3.939972e-06
urn:harmonic:company:669898,3.939021e-06
urn:harmonic:company:1304723,3.9388374e-06
urn:harmonic:company:752328,3.9384163e-06
urn:harmonic:company:7090097,3.9360884e-06
urn:harmonic:company:3070983,3.9357997e-06
urn:harmonic:company:1523760,3.934242e-06
urn:harmonic:company:3390891,3.9333117e-06
urn:harmonic:company:6994793,3.9329175e-06
urn:harmonic:company:15152217,3.9321676e-06
urn:harmonic:company:3262622,3.931924e-06
urn:harmonic:company:659773,3.931695e-06
urn:harmonic:company:554617,3.929997e-06
urn:harmonic:company:4206154,3.928311e-06
urn:harmonic:company:4911234,3.9276742e-06
urn:harmonic:company:608387,3.927015e-06
urn:harmonic:company:3372018,3.92682e-06
urn:harmonic:company:12964184,3.9259176e-06
urn:harmonic:company:18596712,3.9254874e-06
urn:harmonic:company:1431948,3.924731e-06
urn:harmonic:company:19408826,3.921446e-06
urn:harmonic:company:1582997,3.921083e-06
urn:harmonic:company:1791362,3.920713e-06
urn:harmonic:company:4149554,3.920392e-06
urn:harmonic:company:3332574,3.9197375e-06
urn:harmonic:company:1544083,3.9195656e-06
urn:harmonic:company:1431163,3.919188e-06
urn:harmonic:company:1839530,3.9148845e-06
urn:harmonic:company:3709436,3.9142687e-06
urn:harmonic:company:3736964,3.9089978e-06
urn:harmonic:company:793868,3.908509e-06
urn:harmonic:company:21517425,3.9080805e-06
urn:harmonic:company:11473448,3.9080655e-06
urn:harmonic:company:3218509,3.9056254e-06
urn:harmonic:company:773705,3.9010542e-06
urn:harmonic:company:1465337,3.899964e-06
urn:harmonic:company:1791361,3.899964e-06
urn:harmonic:company:3477961,3.8992202e-06
urn:harmonic:company:2107643,3.898094e-06
urn:harmonic:company:6835916,3.8977814e-06
urn:harmonic:company:763657,3.896529e-06
urn:harmonic:company:1591234,3.8949984e-06
urn:harmonic:company:691968,3.8926887e-06
urn:harmonic:company:6703735,3.8910293e-06
urn:harmonic:company:707531,3.8908884e-06
urn:harmonic:company:19440121,3.8906064e-06
urn:harmonic:company:606733,3.8892376e-06
urn:harmonic:company:21579648,3.8891817e-06
urn:harmonic:company:43424683,3.888919e-06
urn:harmonic:company:628342,3.8850635e-06
urn:harmonic:company:9787669,3.883726e-06
urn:harmonic:company:627823,3.8836893e-06
urn:harmonic:company:35138093,3.8814896e-06
urn:harmonic:company:2027622,3.8813155e-06
urn:harmonic:company:41168196,3.8799503e-06
urn:harmonic:company:12495581,3.877975e-06
urn:harmonic:company:2172101,3.8768762e-06
urn:harmonic:company:4245299,3.8751873e-06
urn:harmonic:company:3331554,3.873809e-06
urn:harmonic:company:37045356,3.871992e-06
urn:harmonic:company:1497226,3.8712606e-06
urn:harmonic:company:13406424,3.871032e-06
urn:harmonic:company:4673483,3.87077e-06
urn:harmonic:company:4411273,3.869574e-06
urn:harmonic:company:1816254,3.868703e-06
urn:harmonic:company:1910590,3.8681424e-06
urn:harmonic:company:9679290,3.8677736e-06
urn:harmonic:company:783073,3.8676408e-06
urn:harmonic:company:13376244,3.8670837e-06
urn:harmonic:company:703024,3.8670323e-06
urn:harmonic:company:2239699,3.866855e-06
urn:harmonic:company:1305020,3.8638136e-06
urn:harmonic:company:7539265,3.8636886e-06
urn:harmonic:company:34847342,3.8613794e-06
urn:harmonic:company:7548727,3.860639e-06
urn:harmonic:company:1432121,3.8595417e-06
urn:harmonic:company:3138210,3.8589346e-06
urn:harmonic:company:4245964,3.8575326e-06
urn:harmonic:company:4487806,3.8559697e-06
urn:harmonic:company:4422347,3.8547196e-06
urn:harmonic:company:3230321,3.8544695e-06
urn:harmonic:company:34792507,3.8543044e-06
urn:harmonic:company:1504614,3.854113e-06
urn:harmonic:company:10636593,3.852783e-06
urn:harmonic:company:12786086,3.851967e-06
urn:harmonic:company:1411877,3.8514195e-06
urn:harmonic:company:4463222,3.8512617e-06
urn:harmonic:company:34439880,3.8507255e-06
urn:harmonic:company:11265110,3.8506632e-06
urn:harmonic:company:10691760,3.843282e-06
urn:harmonic:company:3163658,3.8432527e-06
urn:harmonic:company:6478696,3.842981e-06
urn:harmonic:company:641448,3.8429594e-06
urn:harmonic:company:4637827,3.8408634e-06
urn:harmonic:company:3076187,3.840812e-06
urn:harmonic:company:12517409,3.8406947e-06
urn:harmonic:company:11143944,3.83908e-06
urn:harmonic:company:1594850,3.8386333e-06
urn:harmonic:company:1548017,3.8341295e-06
urn:harmonic:company:3473558,3.8332523e-06
urn:harmonic:company:1611654,3.831509e-06
urn:harmonic:company:3274314,3.8298394e-06
urn:harmonic:company:1648697,3.8292255e-06
urn:harmonic:company:1502982,3.82851e-06
urn:harmonic:company:1535765,3.8260314e-06
urn:harmonic:company:2061389,3.824186e-06
urn:harmonic:company:3075778,3.8236753e-06
urn:harmonic:company:2206572,3.8227895e-06
urn:harmonic:company:4538708,3.820825e-06
urn:harmonic:company:4464608,3.8190797e-06
urn:harmonic:company:3584141,3.8187445e-06
urn:harmonic:company:11564238,3.8169132e-06
urn:harmonic:company:12319654,3.8163457e-06
urn:harmonic:company:4154286,3.816116e-06
urn:harmonic:company:1820153,3.8145226e-06
urn:harmonic:company:46839881,3.8133912e-06
urn:harmonic:company:10579016,3.8126752e-06
urn:harmonic:company:4907990,3.8099233e-06
urn:harmonic:company:3326903,3.8084888e-06
urn:harmonic:company:6837860,3.8084086e-06
urn:harmonic:company:704179,3.8058888e-06
urn:harmonic:company:16621250,3.805e-06
urn:harmonic:company:11326367,3.8040166e-06
urn:harmonic:company:6766,3.8035885e-06
urn:harmonic:company:6575438,3.8022827e-06
urn:harmonic:company:3309765,3.799916e-06
urn:harmonic:company:25781,3.7998072e-06
urn:harmonic:company:1501020,3.7956602e-06
urn:harmonic:company:1586236,3.7898078e-06
urn:harmonic:company:1788480,3.7893487e-06
urn:harmonic:company:37442092,3.7891355e-06
urn:harmonic:company:46782995,3.78816e-06
urn:harmonic:company:9561828,3.7860436e-06
urn:harmonic:company:3943033,3.785679e-06
urn:harmonic:company:1936620,3.7852997e-06
urn:harmonic:company:302451,3.783676e-06
urn:harmonic:company:48359886,3.7829686e-06
urn:harmonic:company:795822,3.7815291e-06
urn:harmonic:company:3937710,3.7786847e-06
urn:harmonic:company:3126220,3.7786526e-06
urn:harmonic:company:35011783,3.7786378e-06
urn:harmonic:company:10382111,3.7749717e-06
urn:harmonic:company:3187518,3.7733914e-06
urn:harmonic:company:1569673,3.7732477e-06
urn:harmonic:company:4118524,3.7700931e-06
urn:harmonic:company:34693884,3.7692269e-06
urn:harmonic:company:4037898,3.7672498e-06
urn:harmonic:company:1444962,3.767164e-06
urn:harmonic:company:4420710,3.767128e-06
urn:harmonic:company:1505198,3.7670413e-06
urn:harmonic:company:17972457,3.7650052e-06
urn:harmonic:company:1864189,3.76297e-06
urn:harmonic:company:10116855,3.7627187e-06
urn:harmonic:company:10152743,3.759193e-06
urn:harmonic:company:2051045,3.758035e-06
urn:harmonic:company:3135815,3.7577809e-06
urn:harmonic:company:3075787,3.7566988e-06
urn:harmonic:company:4203189,3.756319e-06
urn:harmonic:company:4308270,3.7549007e-06
urn:harmonic:company:6838284,3.7511065e-06
urn:harmonic:company:10921427,3.743991e-06
urn:harmonic:company:1479087,3.7434304e-06
urn:harmonic:company:6088774,3.7429163e-06
urn:harmonic:company:12885052,3.7412176e-06
urn:harmonic:company:12976803,3.7401442e-06
urn:harmonic:company:1777630,3.7400405e-06
urn:harmonic:company:3145638,3.7398124e-06
urn:harmonic:company:4511684,3.7397695e-06
urn:harmonic:company:673387,3.737042e-06
urn:harmonic:company:795611,3.7368388e-06
urn:harmonic:company:17087745,3.7361153e-06
urn:harmonic:company:11308769,3.7353566e-06
urn:harmonic:company:3252313,3.734744e-06
urn:harmonic:company:4259922,3.7332447e-06
urn:harmonic:company:4153239,3.7297716e-06
urn:harmonic:company:3463513,3.7290888e-06
urn:harmonic:company:12474547,3.728961e-06
urn:harmonic:company:1458351,3.7288648e-06
urn:harmonic:company:1815615,3.7283244e-06
urn:harmonic:company:3936823,3.7275952e-06
urn:harmonic:company:1569658,3.726355e-06
urn:harmonic:company:3458717,3.725399e-06
urn:harmonic:company:41634832,3.725321e-06
urn:harmonic:company:603340,3.7240814e-06
urn:harmonic:company:1580632,3.723918e-06
urn:harmonic:company:6857,3.7237971e-06
urn:harmonic:company:11021769,3.7235877e-06
urn:harmonic:company:44219102,3.7233995e-06
urn:harmonic:company:35113452,3.72308e-06
urn:harmonic:company:3331384,3.722732e-06
urn:harmonic:company:1567349,3.722629e-06
urn:harmonic:company:1676240,3.7222135e-06
urn:harmonic:company:11294089,3.7195489e-06
urn:harmonic:company:4295676,3.7188606e-06
urn:harmonic:company:7276115,3.715188e-06
urn:harmonic:company:11683059,3.7139166e-06
urn:harmonic:company:2230913,3.7118698e-06
urn:harmonic:company:793212,3.7108432e-06
urn:harmonic:company:11060596,3.7108152e-06
urn:harmonic:company:41927648,3.7084199e-06
urn:harmonic:company:4248227,3.7069137e-06
urn:harmonic:company:3054864,3.7065497e-06
urn:harmonic:company:740895,3.7044115e-06
urn:harmonic:company:2239702,3.7038499e-06
urn:harmonic:company:681711,3.7036489e-06
urn:harmonic:company:1669567,3.7016255e-06
urn:harmonic:company:706798,3.6999597e-06
urn:harmonic:company:1674923,3.6980018e-06
urn:harmonic:company:4501390,3.69736e-06
urn:harmonic:company:3611943,3.6951142e-06
urn:harmonic:company:1691146,3.6949136e-06
urn:harmonic:company:588158,3.6943252e-06
urn:harmonic:company:10123800,3.6935007e-06
urn:harmonic:company:56470,3.6910644e-06
urn:harmonic:company:1693722,3.6897234e-06
urn:harmonic:company:12838942,3.6894944e-06
urn:harmonic:company:798638,3.6881295e-06
urn:harmonic:company:3215858,3.6877886e-06
urn:harmonic:company:3954506,3.68699e-06
urn:harmonic:company:4130627,3.6863466e-06
urn:harmonic:company:774598,3.6860656e-06
urn:harmonic:company:710731,3.6860656e-06
urn:harmonic:company:39466439,3.685563e-06
urn:harmonic:company:19452415,3.683876e-06
urn:harmonic:company:1791803,3.68186e-06
urn:harmonic:company:3716600,3.6816987e-06
urn:harmonic:company:3313490,3.6808772e-06
urn:harmonic:company:1790643,3.6802946e-06
urn:harmonic:company:7612409,3.6799786e-06
urn:harmonic:company:3939456,3.6796137e-06
urn:harmonic:company:3617622,3.6794102e-06
urn:harmonic:company:3301837,3.6785787e-06
urn:harmonic:company:772801,3.6773122e-06
urn:harmonic:company:1481440,3.6770632e-06
urn:harmonic:company:1791733,3.6769652e-06
urn:harmonic:company:10265439,3.676874e-06
urn:harmonic:company:13606527,3.6767303e-06
urn:harmonic:company:3569552,3.6763447e-06
urn:harmonic:company:9892448,3.6758713e-06
urn:harmonic:company:5157242,3.6756048e-06
urn:harmonic:company:1429712,3.6737722e-06
urn:harmonic:company:2221620,3.67277e-06
urn:harmonic:company:2162250,3.6715724e-06
urn:harmonic:company:3943118,3.670414e-06
urn:harmonic:company:3150969,3.6698082e-06
urn:harmonic:company:756588,3.6695178e-06
urn:harmonic:company:10230878,3.668909e-06
urn:harmonic:company:3496301,3.6681079e-06
urn:harmonic:company:37003747,3.66781e-06
urn:harmonic:company:3212421,3.6657648e-06
urn:harmonic:company:1423086,3.664562e-06
urn:harmonic:company:12874158,3.664171e-06
urn:harmonic:company:1621441,3.6626686e-06
urn:harmonic:company:4510140,3.6622844e-06
urn:harmonic:company:1733206,3.6621723e-06
urn:harmonic:company:792850,3.661841e-06
urn:harmonic:company:636110,3.6616138e-06
urn:harmonic:company:1730188,3.6611564e-06
urn:harmonic:company:4101487,3.6606536e-06
urn:harmonic:company:7501013,3.6569652e-06
urn:harmonic:company:1547624,3.6553022e-06
urn:harmonic:company:4297256,3.6542847e-06
urn:harmonic:company:34926995,3.653215e-06
urn:harmonic:company:1773979,3.6524063e-06
urn:harmonic:company:3937690,3.6522983e-06
urn:harmonic:company:11207069,3.6516578e-06
urn:harmonic:company:10329180,3.6508047e-06
urn:harmonic:company:6826062,3.6499725e-06
urn:harmonic:company:12083018,3.6496592e-06
urn:harmonic:company:4140778,3.6494785e-06
urn:harmonic:company:13215598,3.6494714e-06
urn:harmonic:company:41900372,3.6485942e-06
urn:harmonic:company:1904487,3.6476968e-06
urn:harmonic:company:183115,3.6473073e-06
urn:harmonic:company:6580495,3.646243e-06
urn:harmonic:company:1584663,3.6457009e-06
urn:harmonic:company:1422613,3.645603e-06
urn:harmonic:company:1605922,3.6454503e-06
urn:harmonic:company:1997591,3.6441816e-06
urn:harmonic:company:1906143,3.643351e-06
urn:harmonic:company:3075539,3.6426875e-06
urn:harmonic:company:10120269,3.6389308e-06
urn:harmonic:company:1579183,3.6373347e-06
urn:harmonic:company:1620838,3.6369008e-06
urn:harmonic:company:6679145,3.636776e-06
urn:harmonic:company:11434125,3.6362144e-06
urn:harmonic:company:10120030,3.6352296e-06
urn:harmonic:company:4139288,3.6324884e-06
urn:harmonic:company:3979534,3.6323743e-06
urn:harmonic:company:3166623,3.63128e-06
urn:harmonic:company:10961038,3.6307047e-06
urn:harmonic:company:3274718,3.6306285e-06
urn:harmonic:company:4359858,3.6305662e-06
urn:harmonic:company:11022616,3.6296283e-06
urn:harmonic:company:765058,3.6284446e-06
urn:harmonic:company:33384683,3.6276938e-06
urn:harmonic:company:783039,3.6273061e-06
urn:harmonic:company:7553113,3.6267322e-06
urn:harmonic:company:2086489,3.6229296e-06
urn:harmonic:company:7658862,3.6226736e-06
urn:harmonic:company:4269956,3.6218203e-06
urn:harmonic:company:2092838,3.6202182e-06
urn:harmonic:company:8673828,3.619355e-06
urn:harmonic:company:3541987,3.6191104e-06
urn:harmonic:company:3454292,3.6190825e-06
urn:harmonic:company:3861290,3.6182162e-06
urn:harmonic:company:774259,3.6163603e-06
urn:harmonic:company:1584592,3.6159017e-06
urn:harmonic:company:4884616,3.6144193e-06
urn:harmonic:company:662529,3.6138988e-06
urn:harmonic:company:1821969,3.6133747e-06
urn:harmonic:company:1430537,3.6103954e-06
urn:harmonic:company:727803,3.6094075e-06
urn:harmonic:company:2178330,3.6090114e-06
urn:harmonic:company:712571,3.6086915e-06
urn:harmonic:company:34584963,3.6083643e-06
urn:harmonic:company:12848488,3.6076146e-06
urn:harmonic:company:743725,3.6075699e-06
urn:harmonic:company:691940,3.6064964e-06
urn:harmonic:company:4056543,3.6050797e-06
urn:harmonic:company:3244321,3.6043748e-06
urn:harmonic:company:4032402,3.6035156e-06
urn:harmonic:company:3641629,3.6033784e-06
urn:harmonic:company:3124595,3.6031379e-06
urn:harmonic:company:1783929,3.6030656e-06
urn:harmonic:company:3166677,3.602842e-06
urn:harmonic:company:3087577,3.6027252e-06
urn:harmonic:company:4429892,3.602509e-06
urn:harmonic:company:3868149,3.6015883e-06
urn:harmonic:company:1997458,3.5993735e-06
urn:harmonic:company:4393659,3.599346e-06
urn:harmonic:company:4413146,3.598138e-06
urn:harmonic:company:3501511,3.5980383e-06
urn:harmonic:company:673185,3.5977848e-06
urn:harmonic:company:3401723,3.596855e-06
urn:harmonic:company:1790845,3.5961348e-06
urn:harmonic:company:4519526,3.5948044e-06
urn:harmonic:company:1894917,3.594441e-06
urn:harmonic:company:793036,3.5911414e-06
urn:harmonic:company:105940,3.5900046e-06
urn:harmonic:company:11304865,3.5896173e-06
urn:harmonic:company:4003038,3.5893368e-06
urn:harmonic:company:794866,3.588074e-06
urn:harmonic:company:4238205,3.5875985e-06
urn:harmonic:company:1697470,3.5844455e-06
urn:harmonic:company:725025,3.583796e-06
urn:harmonic:company:10728742,3.582894e-06
urn:harmonic:company:3417744,3.580762e-06
urn:harmonic:company:1304900,3.5799258e-06
urn:harmonic:company:743049,3.5795538e-06
urn:harmonic:company:3219332,3.5781472e-06
urn:harmonic:company:4551672,3.5772057e-06
urn:harmonic:company:8831427,3.5761038e-06
urn:harmonic:company:1621308,3.5744845e-06
urn:harmonic:company:529156,3.5742426e-06
urn:harmonic:company:1886659,3.573588e-06
urn:harmonic:company:4257305,3.5734924e-06
urn:harmonic:company:4596138,3.5698308e-06
urn:harmonic:company:4077352,3.5669282e-06
urn:harmonic:company:1802685,3.5665369e-06
urn:harmonic:company:39597050,3.566234e-06
urn:harmonic:company:12467463,3.56604e-06
urn:harmonic:company:1983788,3.5648638e-06
urn:harmonic:company:780846,3.564857e-06
urn:harmonic:company:3420218,3.564772e-06
urn:harmonic:company:2175984,3.5646121e-06
urn:harmonic:company:4389510,3.5646053e-06
urn:harmonic:company:3098719,3.5619516e-06
urn:harmonic:company:940939,3.5606167e-06
urn:harmonic:company:2222121,3.5602907e-06
urn:harmonic:company:1482754,3.55915e-06
urn:harmonic:company:3183931,3.5586986e-06
urn:harmonic:company:7064498,3.5576466e-06
urn:harmonic:company:3402656,3.5554658e-06
urn:harmonic:company:3263344,3.5552825e-06
urn:harmonic:company:18326372,3.554554e-06
urn:harmonic:company:1940793,3.5544083e-06
urn:harmonic:company:1487351,3.5537707e-06
urn:harmonic:company:12853629,3.5527812e-06
urn:harmonic:company:1587372,3.5520159e-06
urn:harmonic:company:11103183,3.5505086e-06
urn:harmonic:company:2167949,3.55038e-06
urn:harmonic:company:1842647,3.545998e-06
urn:harmonic:company:3213431,3.5442365e-06
urn:harmonic:company:5364057,3.5442094e-06
urn:harmonic:company:34622445,3.5424723e-06
urn:harmonic:company:4072342,3.5398652e-06
urn:harmonic:company:1611919,3.537645e-06
urn:harmonic:company:654521,3.5368387e-06
urn:harmonic:company:10524862,3.5363023e-06
urn:harmonic:company:689623,3.5362923e-06
urn:harmonic:company:2023238,3.5357155e-06
urn:harmonic:company:4863258,3.5335681e-06
urn:harmonic:company:664190,3.5321261e-06
urn:harmonic:company:3219748,3.5317255e-06
urn:harmonic:company:1431990,3.5314592e-06
urn:harmonic:company:618382,3.5312944e-06
urn:harmonic:company:39598379,3.5310825e-06
urn:harmonic:company:1516441,3.5284095e-06
urn:harmonic:company:34539767,3.5272353e-06
urn:harmonic:company:1940176,3.5237588e-06
urn:harmonic:company:37181745,3.5219343e-06
urn:harmonic:company:1618462,3.5170644e-06
urn:harmonic:company:743894,3.5163332e-06
urn:harmonic:company:9630220,3.5155385e-06
urn:harmonic:company:1997463,3.5153876e-06
urn:harmonic:company:1644811,3.5134703e-06
urn:harmonic:company:1884562,3.5114372e-06
urn:harmonic:company:7312077,3.5101618e-06
urn:harmonic:company:669432,3.5091975e-06
urn:harmonic:company:30886494,3.5078626e-06
urn:harmonic:company:4327694,3.5077687e-06
urn:harmonic:company:1678837,3.5053313e-06
urn:harmonic:company:11562185,3.5025776e-06
urn:harmonic:company:3496014,3.5025776e-06
urn:harmonic:company:2104340,3.499836e-06
urn:harmonic:company:7364358,3.499199e-06
urn:harmonic:company:1596590,3.496667e-06
urn:harmonic:company:2096045,3.4964035e-06
urn:harmonic:company:1369070,3.4961565e-06
urn:harmonic:company:35108453,3.4956365e-06
urn:harmonic:company:3140629,3.4954e-06
urn:harmonic:company:18895215,3.4952031e-06
urn:harmonic:company:1430056,3.4927207e-06
urn:harmonic:company:1684738,3.4908362e-06
urn:harmonic:company:2074878,3.4904235e-06
urn:harmonic:company:3191493,3.4901836e-06
urn:harmonic:company:686933,3.485497e-06
urn:harmonic:company:765858,3.4832674e-06
urn:harmonic:company:3174699,3.4825566e-06
urn:harmonic:company:783020,3.4825198e-06
urn:harmonic:company:12583766,3.4824534e-06
urn:harmonic:company:5115087,3.4821712e-06
urn:harmonic:company:814466,3.4821248e-06
urn:harmonic:company:33020729,3.4815669e-06
urn:harmonic:company:707129,3.481291e-06
urn:harmonic:company:4902530,3.4801228e-06
urn:harmonic:company:3754553,3.4797447e-06
urn:harmonic:company:5376020,3.4791738e-06
urn:harmonic:company:1609625,3.4789778e-06
urn:harmonic:company:731239,3.477681e-06
urn:harmonic:company:1448834,3.4766895e-06
urn:harmonic:company:2006857,3.476295e-06
urn:harmonic:company:3330371,3.4752277e-06
urn:harmonic:company:1304884,3.4740415e-06
urn:harmonic:company:12482630,3.4740347e-06
urn:harmonic:company:11048196,3.4728523e-06
urn:harmonic:company:3641224,3.4721402e-06
urn:harmonic:company:1836423,3.4698096e-06
urn:harmonic:company:11349433,3.469694e-06
urn:harmonic:company:609384,3.4696245e-06
urn:harmonic:company:4334020,3.468728e-06
urn:harmonic:company:4512044,3.4685825e-06
urn:harmonic:company:1840073,3.4680827e-06
urn:harmonic:company:2127832,3.4675804e-06
urn:harmonic:company:735239,3.4659504e-06
urn:harmonic:company:1842290,3.465755e-06
urn:harmonic:company:1552115,3.464526e-06
urn:harmonic:company:856230,3.4618738e-06
urn:harmonic:company:3207313,3.460989e-06
urn:harmonic:company:3625680,3.4570407e-06
urn:harmonic:company:1839415,3.4557188e-06
urn:harmonic:company:3429784,3.4554187e-06
urn:harmonic:company:4195316,3.453597e-06
urn:harmonic:company:3544541,3.4535212e-06
urn:harmonic:company:3408413,3.4527636e-06
urn:harmonic:company:1843173,3.4525956e-06
urn:harmonic:company:3958097,3.4525003e-06
urn:harmonic:company:10869869,3.4518189e-06
urn:harmonic:company:11059771,3.4515324e-06
urn:harmonic:company:792900,3.4506734e-06
urn:harmonic:company:43444923,3.449137e-06
urn:harmonic:company:4501769,3.448772e-06
urn:harmonic:company:734302,3.4484594e-06
urn:harmonic:company:767539,3.4480615e-06
urn:harmonic:company:1878664,3.4470556e-06
urn:harmonic:company:753876,3.4465822e-06
urn:harmonic:company:668607,3.444085e-06
urn:harmonic:company:10806385,3.4438979e-06
urn:harmonic:company:7205913,3.442443e-06
urn:harmonic:company:2019953,3.4414586e-06
urn:harmonic:company:6754662,3.441396e-06
urn:harmonic:company:10265205,3.4407692e-06
urn:harmonic:company:3308683,3.4378634e-06
urn:harmonic:company:3974245,3.436601e-06
urn:harmonic:company:7999384,3.4357981e-06
urn:harmonic:company:3292386,3.4352674e-06
urn:harmonic:company:11583555,3.4351954e-06
urn:harmonic:company:7504784,3.4350055e-06
urn:harmonic:company:21769597,3.4339835e-06
urn:harmonic:company:6812601,3.432386e-06
urn:harmonic:company:340844,3.4310635e-06
urn:harmonic:company:1691079,3.4285417e-06
urn:harmonic:company:1702504,3.428257e-06
urn:harmonic:company:5080219,3.4277668e-06
urn:harmonic:company:12022168,3.4262046e-06
urn:harmonic:company:727381,3.42562e-06
urn:harmonic:company:1795893,3.4251202e-06
urn:harmonic:company:616296,3.4241825e-06
urn:harmonic:company:1772638,3.4239313e-06
urn:harmonic:company:695223,3.4238888e-06
urn:harmonic:company:3785538,3.4236177e-06
urn:harmonic:company:11274195,3.4233108e-06
urn:harmonic:company:1587499,3.4228572e-06
urn:harmonic:company:690608,3.4221555e-06
urn:harmonic:company:3288979,3.4216691e-06
urn:harmonic:company:22929854,3.4210755e-06
urn:harmonic:company:4368861,3.4210689e-06
urn:harmonic:company:1431060,3.4205927e-06
urn:harmonic:company:1476287,3.4193758e-06
urn:harmonic:company:3651613,3.418962e-06
urn:harmonic:company:1524409,3.4183784e-06
urn:harmonic:company:12162652,3.4173809e-06
urn:harmonic:company:2239034,3.4161098e-06
urn:harmonic:company:11000177,3.4146474e-06
urn:harmonic:company:3752010,3.414325e-06
urn:harmonic:company:3187418,3.4143122e-06
urn:harmonic:company:12633046,3.4137977e-06
urn:harmonic:company:768480,3.413254e-06
urn:harmonic:company:4468922,3.4116954e-06
urn:harmonic:company:14339032,3.4113862e-06
urn:harmonic:company:1683076,3.4097566e-06
urn:harmonic:company:2070164,3.4097206e-06
urn:harmonic:company:4414701,3.4095194e-06
urn:harmonic:company:473291,3.4091584e-06
urn:harmonic:company:4181549,3.4083164e-06
urn:harmonic:company:3468415,3.4079035e-06
urn:harmonic:company:12866571,3.4074064e-06
urn:harmonic:company:12818081,3.406945e-06
urn:harmonic:company:2058830,3.4060224e-06
urn:harmonic:company:1910591,3.4055774e-06
urn:harmonic:company:3836012,3.3992046e-06
urn:harmonic:company:10800960,3.3985757e-06
urn:harmonic:company:2064027,3.397662e-06
urn:harmonic:company:1431089,3.3975386e-06
urn:harmonic:company:1443161,3.3964925e-06
urn:harmonic:company:5614348,3.3959222e-06
urn:harmonic:company:46691412,3.3926078e-06
urn:harmonic:company:4411348,3.3920155e-06
urn:harmonic:company:3127890,3.3916858e-06
urn:harmonic:company:1837400,3.3914885e-06
urn:harmonic:company:702965,3.391414e-06
urn:harmonic:company:1563957,3.390816e-06
urn:harmonic:company:6645810,3.3899332e-06
urn:harmonic:company:4527381,3.384177e-06
urn:harmonic:company:3853441,3.3840802e-06
urn:harmonic:company:3646710,3.38399e-06
urn:harmonic:company:10623610,3.3832764e-06
urn:harmonic:company:1605069,3.3829865e-06
urn:harmonic:company:1894215,3.3824122e-06
urn:harmonic:company:3950893,3.3817187e-06
urn:harmonic:company:21503146,3.3799486e-06
urn:harmonic:company:34934035,3.3798485e-06
urn:harmonic:company:2134081,3.3786466e-06
urn:harmonic:company:613804,3.3784534e-06
urn:harmonic:company:3355119,3.377622e-06
urn:harmonic:company:1979545,3.3757221e-06
urn:harmonic:company:12873294,3.375571e-06
urn:harmonic:company:12483976,3.3754068e-06
urn:harmonic:company:11559790,3.3750782e-06
urn:harmonic:company:6599303,3.3749077e-06
urn:harmonic:company:1603916,3.3713143e-06
urn:harmonic:company:39536833,3.370424e-06
urn:harmonic:company:34681633,3.367998e-06
urn:harmonic:company:42912030,3.3671085e-06
urn:harmonic:company:1984836,3.3655065e-06
urn:harmonic:company:3377067,3.3648391e-06
urn:harmonic:company:4244568,3.3643257e-06
urn:harmonic:company:7515301,3.3628405e-06
urn:harmonic:company:1719925,3.362802e-06
urn:harmonic:company:1586110,3.361994e-06
urn:harmonic:company:3155199,3.3610738e-06
urn:harmonic:company:48413778,3.3606732e-06
urn:harmonic:company:4425367,3.3594877e-06
urn:harmonic:company:554712,3.3594683e-06
urn:harmonic:company:9387472,3.3581005e-06
urn:harmonic:company:1529383,3.3577674e-06
urn:harmonic:company:1687772,3.357476e-06
urn:harmonic:company:1837717,3.3556164e-06
urn:harmonic:company:2045725,3.3554306e-06
urn:harmonic:company:12585248,3.3547203e-06
urn:harmonic:company:4611856,3.353879e-06
urn:harmonic:company:3176647,3.3519127e-06
urn:harmonic:company:4028556,3.351577e-06
urn:harmonic:company:4013844,3.3471945e-06
urn:harmonic:company:4215319,3.3461286e-06
urn:harmonic:company:11427574,3.345554e-06
urn:harmonic:company:634484,3.344055e-06
urn:harmonic:company:12477082,3.344023e-06
urn:harmonic:company:3656173,3.3436818e-06
urn:harmonic:company:6603605,3.3397237e-06
urn:harmonic:company:4191629,3.3395295e-06
urn:harmonic:company:1788882,3.339195e-06
urn:harmonic:company:4414870,3.3391857e-06
urn:harmonic:company:3065868,3.3379279e-06
urn:harmonic:company:11025619,3.336133e-06
urn:harmonic:company:2011395,3.335837e-06
urn:harmonic:company:818083,3.3357799e-06
urn:harmonic:company:2103560,3.3356812e-06
urn:harmonic:company:4577075,3.3343103e-06
urn:harmonic:company:7752054,3.3330577e-06
urn:harmonic:company:3626313,3.3326698e-06
urn:harmonic:company:1625479,3.3308875e-06
urn:harmonic:company:711750,3.3301537e-06
urn:harmonic:company:2118674,3.3295855e-06
urn:harmonic:company:1887994,3.328547e-06
urn:harmonic:company:11677863,3.3284266e-06
urn:harmonic:company:1429767,3.3283125e-06
urn:harmonic:company:601526,3.3270396e-06
urn:harmonic:company:4316716,3.3268464e-06
urn:harmonic:company:614907,3.3254157e-06
urn:harmonic:company:794211,3.3252315e-06
urn:harmonic:company:8596235,3.324233e-06
urn:harmonic:company:115002,3.323076e-06
urn:harmonic:company:716401,3.322141e-06
urn:harmonic:company:3460058,3.321343e-06
urn:harmonic:company:3666010,3.3205667e-06
urn:harmonic:company:1865633,3.3194049e-06
urn:harmonic:company:2892041,3.3190693e-06
urn:harmonic:company:4430904,3.3187687e-06
urn:harmonic:company:618592,3.3187403e-06
urn:harmonic:company:3213715,3.318427e-06
urn:harmonic:company:814160,3.3166111e-06
urn:harmonic:company:2086177,3.3149097e-06
urn:harmonic:company:3258652,3.312129e-06
urn:harmonic:company:4172851,3.3115098e-06
urn:harmonic:company:20411974,3.3079461e-06
urn:harmonic:company:10538010,3.307549e-06
urn:harmonic:company:3632252,3.3072931e-06
urn:harmonic:company:3629569,3.3071954e-06
urn:harmonic:company:3273464,3.3062463e-06
urn:harmonic:company:3415833,3.305893e-06
urn:harmonic:company:678943,3.3058395e-06
urn:harmonic:company:6863291,3.305808e-06
urn:harmonic:company:1958280,3.3052722e-06
urn:harmonic:company:520865,3.3041156e-06
urn:harmonic:company:8563719,3.3038193e-06
urn:harmonic:company:1984627,3.3014383e-06
urn:harmonic:company:1226793,3.3004937e-06
urn:harmonic:company:800656,3.299276e-06
urn:harmonic:company:4514610,3.298612e-06
urn:harmonic:company:1621448,3.2973949e-06
urn:harmonic:company:438308,3.2973069e-06
urn:harmonic:company:14257510,3.294877e-06
urn:harmonic:company:3289039,3.2946036e-06
urn:harmonic:company:1806616,3.293947e-06
urn:harmonic:company:1906341,3.2937523e-06
urn:harmonic:company:11055975,3.2935325e-06
urn:harmonic:company:4295893,3.292738e-06
urn:harmonic:company:795607,3.2919593e-06
urn:harmonic:company:1967076,3.2910489e-06
urn:harmonic:company:1982832,3.2900855e-06
urn:harmonic:company:3240136,3.2896146e-06
urn:harmonic:company:1503011,3.2891319e-06
urn:harmonic:company:24158227,3.286009e-06
urn:harmonic:company:6566473,3.284759e-06
urn:harmonic:company:4007840,3.2836e-06
urn:harmonic:company:794290,3.281775e-06
urn:harmonic:company:12221321,3.2801229e-06
urn:harmonic:company:3571206,3.2793e-06
urn:harmonic:company:36723247,3.2792502e-06
urn:harmonic:company:9908593,3.2776773e-06
urn:harmonic:company:19855481,3.2766775e-06
urn:harmonic:company:4179996,3.276674e-06
urn:harmonic:company:794087,3.2762807e-06
urn:harmonic:company:3728167,3.273301e-06
urn:harmonic:company:1997402,3.2730857e-06
urn:harmonic:company:1763195,3.2712976e-06
urn:harmonic:company:3944140,3.270415e-06
urn:harmonic:company:10730918,3.2693795e-06
urn:harmonic:company:3309773,3.2649677e-06
urn:harmonic:company:3648013,3.264591e-06
urn:harmonic:company:12178703,3.2633209e-06
urn:harmonic:company:17831834,3.2616374e-06
urn:harmonic:company:3210626,3.260064e-06
urn:harmonic:company:779633,3.2597063e-06
urn:harmonic:company:12380236,3.2577952e-06
urn:harmonic:company:12632571,3.2571056e-06
urn:harmonic:company:41844712,3.2552268e-06
urn:harmonic:company:3321220,3.2547177e-06
urn:harmonic:company:754506,3.2542148e-06
urn:harmonic:company:801159,3.2525056e-06
urn:harmonic:company:12841812,3.252462e-06
urn:harmonic:company:1989791,3.2517146e-06
urn:harmonic:company:3075090,3.2496716e-06
urn:harmonic:company:11965912,3.2472863e-06
urn:harmonic:company:37469919,3.245899e-06
urn:harmonic:company:761001,3.2446922e-06
urn:harmonic:company:11377186,3.2440732e-06
urn:harmonic:company:14326415,3.2429937e-06
urn:harmonic:company:44603154,3.2423195e-06
urn:harmonic:company:3205034,3.2419578e-06
urn:harmonic:company:1838638,3.2418002e-06
urn:harmonic:company:14475593,3.2408295e-06
urn:harmonic:company:3928576,3.2406504e-06
urn:harmonic:company:679313,3.24006e-06
urn:harmonic:company:3599653,3.2400476e-06
urn:harmonic:company:7715078,3.2366104e-06
urn:harmonic:company:44730,3.2360053e-06
urn:harmonic:company:3292431,3.2357987e-06
urn:harmonic:company:693318,3.235669e-06
urn:harmonic:company:285309,3.2332814e-06
urn:harmonic:company:640471,3.2326834e-06
urn:harmonic:company:4098957,3.231586e-06
urn:harmonic:company:3064704,3.231241e-06
urn:harmonic:company:3640294,3.229291e-06
urn:harmonic:company:10171176,3.2292755e-06
urn:harmonic:company:3219407,3.226945e-06
urn:harmonic:company:6509969,3.225425e-06
urn:harmonic:company:4353458,3.223952e-06
urn:harmonic:company:169983,3.2228118e-06
urn:harmonic:company:1970404,3.222538e-06
urn:harmonic:company:9712886,3.218444e-06
urn:harmonic:company:35764897,3.2171092e-06
urn:harmonic:company:3602409,3.2169253e-06
urn:harmonic:company:2259423,3.2166765e-06
urn:harmonic:company:11195147,3.215459e-06
urn:harmonic:company:613061,3.2154376e-06
urn:harmonic:company:710073,3.2153976e-06
urn:harmonic:company:1768490,3.2153976e-06
urn:harmonic:company:3193393,3.2149346e-06
urn:harmonic:company:3167178,3.2132673e-06
urn:harmonic:company:628760,3.2128567e-06
urn:harmonic:company:11451115,3.2123846e-06
urn:harmonic:company:1429791,3.211328e-06
urn:harmonic:company:1986275,3.208261e-06
urn:harmonic:company:776033,3.2074256e-06
urn:harmonic:company:1965752,3.2042215e-06
urn:harmonic:company:3236281,3.2035557e-06
urn:harmonic:company:1442699,3.2023245e-06
urn:harmonic:company:1386978,3.2020403e-06
urn:harmonic:company:10335792,3.2000316e-06
urn:harmonic:company:1390719,3.199571e-06
urn:harmonic:company:12515575,3.1994978e-06
urn:harmonic:company:36839585,3.1994916e-06
urn:harmonic:company:6824646,3.1989e-06
urn:harmonic:company:1577203,3.198128e-06
urn:harmonic:company:734009,3.1975212e-06
urn:harmonic:company:10346704,3.1969419e-06
urn:harmonic:company:3169536,3.1959696e-06
urn:harmonic:company:2111507,3.1958627e-06
urn:harmonic:company:4051289,3.193666e-06
urn:harmonic:company:1601283,3.1936204e-06
urn:harmonic:company:3064443,3.1906552e-06
urn:harmonic:company:1818836,3.1894688e-06
urn:harmonic:company:10922686,3.1889547e-06
urn:harmonic:company:4300506,3.1884197e-06
urn:harmonic:company:740445,3.1871732e-06
urn:harmonic:company:11574106,3.1863253e-06
urn:harmonic:company:2156414,3.185192e-06
urn:harmonic:company:34680059,3.1815794e-06
urn:harmonic:company:169567,3.18046e-06
urn:harmonic:company:1905281,3.1800714e-06
urn:harmonic:company:37062067,3.1756922e-06
urn:harmonic:company:1607518,3.1710408e-06
urn:harmonic:company:3671903,3.16949e-06
urn:harmonic:company:1572146,3.169266e-06
urn:harmonic:company:2266068,3.1677946e-06
urn:harmonic:company:21544395,3.1673262e-06
urn:harmonic:company:602736,3.1664506e-06
urn:harmonic:company:10844751,3.1661787e-06
urn:harmonic:company:7145283,3.1648442e-06
urn:harmonic:company:1408703,3.164802e-06
urn:harmonic:company:4202722,3.1636675e-06
urn:harmonic:company:2246642,3.1630852e-06
urn:harmonic:company:1755331,3.1627926e-06
urn:harmonic:company:12693738,3.1620627e-06
urn:harmonic:company:6525988,3.1613029e-06
urn:harmonic:company:1449007,3.1607333e-06
urn:harmonic:company:4413210,3.1606487e-06
urn:harmonic:company:3240100,3.158407e-06
urn:harmonic:company:1791696,3.1566394e-06
urn:harmonic:company:3447470,3.1550503e-06
urn:harmonic:company:4608892,3.1546954e-06
urn:harmonic:company:1369665,3.1535433e-06
urn:harmonic:company:735254,3.1518114e-06
urn:harmonic:company:41435,3.148846e-06
urn:harmonic:company:37732606,3.148537e-06
urn:harmonic:company:11114419,3.1462678e-06
urn:harmonic:company:1939006,3.1458505e-06
urn:harmonic:company:3486418,3.1426541e-06
urn:harmonic:company:4536609,3.1420666e-06
urn:harmonic:company:9314973,3.140967e-06
urn:harmonic:company:1623823,3.1375364e-06
urn:harmonic:company:17339317,3.1369916e-06
urn:harmonic:company:3964962,3.1352902e-06
urn:harmonic:company:1450588,3.1342497e-06
urn:harmonic:company:4085358,3.1339357e-06
urn:harmonic:company:3194898,3.1323104e-06
urn:harmonic:company:11294073,3.132203e-06
urn:harmonic:company:12173324,3.1319637e-06
urn:harmonic:company:690308,3.131077e-06
urn:harmonic:company:1429091,3.1286322e-06
urn:harmonic:company:1815533,3.1285724e-06
urn:harmonic:company:2121181,3.1282266e-06
urn:harmonic:company:4029380,3.1240052e-06
urn:harmonic:company:606528,3.1232544e-06
urn:harmonic:company:4220065,3.1208992e-06
urn:harmonic:company:1502855,3.120444e-06
urn:harmonic:company:12583538,3.1192656e-06
urn:harmonic:company:3259915,3.117966e-06
urn:harmonic:company:30954223,3.1125974e-06
urn:harmonic:company:13017696,3.112176e-06
urn:harmonic:company:1537722,3.1108227e-06
urn:harmonic:company:2019799,3.1091856e-06
urn:harmonic:company:663055,3.1088239e-06
urn:harmonic:company:11223554,3.1081777e-06
urn:harmonic:company:4127017,3.1071343e-06
urn:harmonic:company:10734834,3.106204e-06
urn:harmonic:company:3579773,3.1055822e-06
urn:harmonic:company:800844,3.1046493e-06
urn:harmonic:company:1572401,3.1036604e-06
urn:harmonic:company:3105440,3.1018762e-06
urn:harmonic:company:3637190,3.0999156e-06
urn:harmonic:company:3328240,3.097581e-06
urn:harmonic:company:554698,3.0964645e-06
urn:harmonic:company:3375430,3.0956467e-06
urn:harmonic:company:10349237,3.0946226e-06
urn:harmonic:company:758820,3.0944334e-06
urn:harmonic:company:1429912,3.0931267e-06
urn:harmonic:company:6678409,3.091702e-06
urn:harmonic:company:210268,3.0913304e-06
urn:harmonic:company:3295460,3.0892293e-06
urn:harmonic:company:647332,3.0889996e-06
urn:harmonic:company:3664595,3.0877036e-06
urn:harmonic:company:9695825,3.087636e-06
urn:harmonic:company:3067022,3.0859019e-06
urn:harmonic:company:2130767,3.0843514e-06
urn:harmonic:company:3264225,3.0826723e-06
urn:harmonic:company:3846524,3.0807971e-06
urn:harmonic:company:772351,3.0793756e-06
urn:harmonic:company:10236230,3.0789176e-06
urn:harmonic:company:13353237,3.0777078e-06
urn:harmonic:company:1679818,3.0766105e-06
urn:harmonic:company:1676278,3.076543e-06
urn:harmonic:company:26899191,3.0752847e-06
urn:harmonic:company:2142728,3.0733786e-06
urn:harmonic:company:36457064,3.0733436e-06
urn:harmonic:company:39434744,3.0733024e-06
urn:harmonic:company:1987010,3.0732263e-06
urn:harmonic:company:12456574,3.07182e-06
urn:harmonic:company:4162634,3.0716528e-06
urn:harmonic:company:1370590,3.0699719e-06
urn:harmonic:company:3557433,3.0698927e-06
urn:harmonic:company:6612753,3.0681895e-06
urn:harmonic:company:6575617,3.0671888e-06
urn:harmonic:company:9950238,3.0665456e-06
urn:harmonic:company:681596,3.0657354e-06
urn:harmonic:company:503284,3.0647911e-06
urn:harmonic:company:3183634,3.0642536e-06
urn:harmonic:company:3222093,3.0631725e-06
urn:harmonic:company:4105941,3.062924e-06
urn:harmonic:company:11676868,3.0627227e-06
urn:harmonic:company:771443,3.0626702e-06
urn:harmonic:company:660215,3.0619105e-06
urn:harmonic:company:1600420,3.0603896e-06
urn:harmonic:company:15206603,3.0602585e-06
urn:harmonic:company:3728926,3.0578983e-06
urn:harmonic:company:12983955,3.0548815e-06
urn:harmonic:company:3378426,3.0539231e-06
urn:harmonic:company:4864635,3.0534572e-06
urn:harmonic:company:3225227,3.0533379e-06
urn:harmonic:company:5847240,3.0520218e-06
urn:harmonic:company:3066205,3.0486967e-06
urn:harmonic:company:3067848,3.0483886e-06
urn:harmonic:company:1525797,3.0480107e-06
urn:harmonic:company:40350522,3.047746e-06
urn:harmonic:company:10385593,3.0468163e-06
urn:harmonic:company:2139134,3.0457154e-06
urn:harmonic:company:3211558,3.0454655e-06
urn:harmonic:company:1697579,3.0447368e-06
urn:harmonic:company:11676030,3.0441965e-06
urn:harmonic:company:3333509,3.0414108e-06
urn:harmonic:company:10447652,3.037043e-06
urn:harmonic:company:702533,3.035404e-06
urn:harmonic:company:3301572,3.034915e-06
urn:harmonic:company:741282,3.0344286e-06
urn:harmonic:company:3061279,3.034006e-06
urn:harmonic:company:5145911,3.032788e-06
urn:harmonic:company:1791855,3.031675e-06
urn:harmonic:company:3933309,3.0315302e-06
urn:harmonic:company:6223,3.0308222e-06
urn:harmonic:company:3548686,3.0299695e-06
urn:harmonic:company:1541388,3.0264089e-06
urn:harmonic:company:1815824,3.0263884e-06
urn:harmonic:company:12839844,3.025826e-06
urn:harmonic:company:6792185,3.0252863e-06
urn:harmonic:company:12480784,3.0249169e-06
urn:harmonic:company:11291291,3.024643e-06
urn:harmonic:company:12701101,3.0209846e-06
urn:harmonic:company:38657772,3.0208146e-06
urn:harmonic:company:2059443,3.0182116e-06
urn:harmonic:company:48435254,3.0179697e-06
urn:harmonic:company:1975103,3.016882e-06
urn:harmonic:company:792954,3.0161543e-06
urn:harmonic:company:2124723,3.0153835e-06
urn:harmonic:company:12774883,3.0137073e-06
urn:harmonic:company:1664808,3.006181e-06
urn:harmonic:company:2252589,3.005599e-06
urn:harmonic:company:41206150,3.0052781e-06
urn:harmonic:company:1980036,3.0046847e-06
urn:harmonic:company:2159992,3.00461e-06
urn:harmonic:company:468556,3.0008703e-06
urn:harmonic:company:1304395,3.0002238e-06
urn:harmonic:company:3387568,2.9985877e-06
urn:harmonic:company:4133553,2.997661e-06
urn:harmonic:company:10588158,2.9960206e-06
urn:harmonic:company:3331092,2.9913526e-06
urn:harmonic:company:4074062,2.9912899e-06
urn:harmonic:company:1791531,2.991119e-06
urn:harmonic:company:765458,2.9910502e-06
urn:harmonic:company:4454093,2.990574e-06
urn:harmonic:company:775026,2.9903802e-06
urn:harmonic:company:1816029,2.9874384e-06
urn:harmonic:company:34581709,2.98692e-06
urn:harmonic:company:34889984,2.9866094e-06
urn:harmonic:company:3263583,2.9847133e-06
urn:harmonic:company:2139895,2.9829062e-06
urn:harmonic:company:10967572,2.9812966e-06
urn:harmonic:company:3470494,2.98064e-06
urn:harmonic:company:3557967,2.9787727e-06
urn:harmonic:company:296513,2.9784148e-06
urn:harmonic:company:12587691,2.978202e-06
urn:harmonic:company:4515217,2.9757405e-06
urn:harmonic:company:1840636,2.9754538e-06
urn:harmonic:company:9020677,2.9752523e-06
urn:harmonic:company:796154,2.974736e-06
urn:harmonic:company:4489352,2.971651e-06
urn:harmonic:company:745166,2.9712996e-06
urn:harmonic:company:10807391,2.9711239e-06
urn:harmonic:company:3208308,2.9704722e-06
urn:harmonic:company:1812567,2.9701832e-06
urn:harmonic:company:801559,2.9690082e-06
urn:harmonic:company:8322344,2.9672728e-06
urn:harmonic:company:4224890,2.9653038e-06
urn:harmonic:company:3142616,2.9653038e-06
urn:harmonic:company:1386085,2.963831e-06
urn:harmonic:company:2106837,2.9630794e-06
urn:harmonic:company:620107,2.9627797e-06
urn:harmonic:company:7561575,2.9626133e-06
urn:harmonic:company:10894572,2.962503e-06
urn:harmonic:company:773116,2.9620849e-06
urn:harmonic:company:12818973,2.9612572e-06
urn:harmonic:company:9284898,2.9609635e-06
urn:harmonic:company:3838706,2.9606358e-06
urn:harmonic:company:1619238,2.9597722e-06
urn:harmonic:company:727024,2.9585303e-06
urn:harmonic:company:756828,2.9557891e-06
urn:harmonic:company:649367,2.9552116e-06
urn:harmonic:company:12868429,2.9549747e-06
urn:harmonic:company:695843,2.9526536e-06
urn:harmonic:company:12176270,2.949881e-06
urn:harmonic:company:1842797,2.9471369e-06
urn:harmonic:company:3222662,2.9466478e-06
urn:harmonic:company:4199344,2.9466225e-06
urn:harmonic:company:2038622,2.9441169e-06
urn:harmonic:company:699827,2.9438363e-06
urn:harmonic:company:666303,2.9406992e-06
urn:harmonic:company:1678725,2.9400371e-06
urn:harmonic:company:11259475,2.936011e-06
urn:harmonic:company:682125,2.934102e-06
urn:harmonic:company:12467827,2.9328712e-06
urn:harmonic:company:1606242,2.9324906e-06
urn:harmonic:company:1839467,2.931392e-06
urn:harmonic:company:44353,2.9312828e-06
urn:harmonic:company:6646050,2.9306734e-06
urn:harmonic:company:3647533,2.9302935e-06
urn:harmonic:company:797228,2.9261212e-06
urn:harmonic:company:710699,2.9260405e-06
urn:harmonic:company:10832666,2.9253372e-06
urn:harmonic:company:4117328,2.9250696e-06
urn:harmonic:company:1815508,2.9230646e-06
urn:harmonic:company:796074,2.9230282e-06
urn:harmonic:company:654811,2.9192952e-06
urn:harmonic:company:2076406,2.9189362e-06
urn:harmonic:company:1627422,2.9184241e-06
urn:harmonic:company:8878585,2.917756e-06
urn:harmonic:company:3855176,2.9175724e-06
urn:harmonic:company:780309,2.9174805e-06
urn:harmonic:company:12841997,2.916162e-06
urn:harmonic:company:3847922,2.9159091e-06
urn:harmonic:company:4414964,2.9158728e-06
urn:harmonic:company:793803,2.9156085e-06
urn:harmonic:company:654581,2.9143937e-06
urn:harmonic:company:735211,2.9133794e-06
urn:harmonic:company:724669,2.9133655e-06
urn:harmonic:company:35553498,2.9132434e-06
urn:harmonic:company:1960545,2.9117962e-06
urn:harmonic:company:3613967,2.9116018e-06
urn:harmonic:company:47598321,2.9076366e-06
urn:harmonic:company:7490544,2.907351e-06
urn:harmonic:company:11569769,2.9069768e-06
urn:harmonic:company:3470088,2.9048763e-06
urn:harmonic:company:10918697,2.9016726e-06
urn:harmonic:company:607869,2.900198e-06
urn:harmonic:company:12179055,2.8970774e-06
urn:harmonic:company:10673555,2.8970744e-06
urn:harmonic:company:3785954,2.895199e-06
urn:harmonic:company:11690106,2.8949783e-06
urn:harmonic:company:36135040,2.8945778e-06
urn:harmonic:company:4512008,2.8929992e-06
urn:harmonic:company:4328220,2.892773e-06
urn:harmonic:company:40731109,2.8920008e-06
urn:harmonic:company:4233473,2.8915706e-06
urn:harmonic:company:4411147,2.8896436e-06
urn:harmonic:company:13696683,2.886933e-06
urn:harmonic:company:11132369,2.886157e-06
urn:harmonic:company:1671065,2.884517e-06
urn:harmonic:company:2175970,2.8837906e-06
urn:harmonic:company:3666496,2.8832571e-06
urn:harmonic:company:6680934,2.8826635e-06
urn:harmonic:company:9115615,2.8822674e-06
urn:harmonic:company:11134387,2.8820475e-06
urn:harmonic:company:4411901,2.8819816e-06
urn:harmonic:company:1392294,2.8815475e-06
urn:harmonic:company:3902938,2.8780896e-06
urn:harmonic:company:9052412,2.8779143e-06
urn:harmonic:company:1795457,2.8762897e-06
urn:harmonic:company:7386810,2.8754862e-06
urn:harmonic:company:5215278,2.8751188e-06
urn:harmonic:company:1786101,2.8724028e-06
urn:harmonic:company:3860730,2.871214e-06
urn:harmonic:company:658857,2.8704258e-06
urn:harmonic:company:757751,2.870264e-06
urn:harmonic:company:32874491,2.8692323e-06
urn:harmonic:company:4255346,2.868097e-06
urn:harmonic:company:1811736,2.8668417e-06
urn:harmonic:company:3252369,2.8646637e-06
urn:harmonic:company:4225994,2.863462e-06
urn:harmonic:company:10718221,2.8634017e-06
urn:harmonic:company:429485,2.861218e-06
urn:harmonic:company:1775999,2.8583597e-06
urn:harmonic:company:916316,2.8581335e-06
urn:harmonic:company:701547,2.8556215e-06
urn:harmonic:company:12583156,2.8549434e-06
urn:harmonic:company:10319301,2.8542383e-06
urn:harmonic:company:614558,2.8536042e-06
urn:harmonic:company:43210470,2.8535796e-06
urn:harmonic:company:12886598,2.8531524e-06
urn:harmonic:company:1956807,2.8530574e-06
urn:harmonic:company:1397614,2.8529214e-06
urn:harmonic:company:3959193,2.8520262e-06
urn:harmonic:company:12183600,2.8487345e-06
urn:harmonic:company:3219720,2.848479e-06
urn:harmonic:company:12083930,2.8483105e-06
urn:harmonic:company:1543378,2.8482807e-06
urn:harmonic:company:1596625,2.84549e-06
urn:harmonic:company:12872261,2.8434092e-06
urn:harmonic:company:4424440,2.8429426e-06
urn:harmonic:company:1429922,2.8428478e-06
urn:harmonic:company:36930927,2.8416525e-06
urn:harmonic:company:3313370,2.8414167e-06
urn:harmonic:company:793919,2.8399486e-06
urn:harmonic:company:1981176,2.839255e-06
urn:harmonic:company:3678805,2.836998e-06
urn:harmonic:company:138863,2.8362863e-06
urn:harmonic:company:1957911,2.8361537e-06
urn:harmonic:company:3664431,2.8356346e-06
urn:harmonic:company:7700356,2.8354398e-06
urn:harmonic:company:771857,2.8346503e-06
urn:harmonic:company:729092,2.8344339e-06
urn:harmonic:company:10629852,2.8291895e-06
urn:harmonic:company:4042405,2.8268753e-06
urn:harmonic:company:469665,2.8251802e-06
urn:harmonic:company:6808754,2.823015e-06
urn:harmonic:company:636860,2.8218683e-06
urn:harmonic:company:38052318,2.8208913e-06
urn:harmonic:company:12871219,2.8196328e-06
urn:harmonic:company:1531230,2.8193801e-06
urn:harmonic:company:12840425,2.8193422e-06
urn:harmonic:company:10919149,2.817407e-06
urn:harmonic:company:2122135,2.8166066e-06
urn:harmonic:company:1775655,2.8150785e-06
urn:harmonic:company:18158768,2.8137258e-06
urn:harmonic:company:5209878,2.812044e-06
urn:harmonic:company:3938361,2.8111106e-06
urn:harmonic:company:637340,2.8092052e-06
urn:harmonic:company:1532640,2.8079733e-06
urn:harmonic:company:4896646,2.8064953e-06
urn:harmonic:company:1601622,2.806292e-06
urn:harmonic:company:73407,2.8048605e-06
urn:harmonic:company:11345590,2.8009524e-06
urn:harmonic:company:34808231,2.8005707e-06
urn:harmonic:company:7427569,2.7960418e-06
urn:harmonic:company:3756565,2.7947863e-06
urn:harmonic:company:32520,2.7931076e-06
urn:harmonic:company:1729951,2.7922101e-06
urn:harmonic:company:15155587,2.7921888e-06
urn:harmonic:company:105780,2.7917256e-06
urn:harmonic:company:10988201,2.7910253e-06
urn:harmonic:company:4464941,2.789788e-06
urn:harmonic:company:3199323,2.7887133e-06
urn:harmonic:company:2085473,2.7879926e-06
urn:harmonic:company:464412,2.7869532e-06
urn:harmonic:company:1959506,2.785529e-06
urn:harmonic:company:6499118,2.7846818e-06
urn:harmonic:company:12423318,2.781945e-06
urn:harmonic:company:630731,2.7817725e-06
urn:harmonic:company:2244466,2.7815895e-06
urn:harmonic:company:664913,2.780062e-06
urn:harmonic:company:3956491,2.7797546e-06
urn:harmonic:company:3208546,2.7782305e-06
urn:harmonic:company:1535721,2.776469e-06
urn:harmonic:company:3264361,2.775315e-06
urn:harmonic:company:8808882,2.7750107e-06
urn:harmonic:company:1407526,2.7743067e-06
urn:harmonic:company:7703219,2.7721724e-06
urn:harmonic:company:4531191,2.7694743e-06
urn:harmonic:company:3671481,2.7690335e-06
urn:harmonic:company:619938,2.7680012e-06
urn:harmonic:company:3241204,2.76717e-06
urn:harmonic:company:1573661,2.7666474e-06
urn:harmonic:company:1494636,2.766117e-06
urn:harmonic:company:650033,2.7649194e-06
urn:harmonic:company:10738136,2.7647852e-06
urn:harmonic:company:10637760,2.7646586e-06
urn:harmonic:company:742570,2.7646506e-06
urn:harmonic:company:18206952,2.763736e-06
urn:harmonic:company:2158165,2.761873e-06
urn:harmonic:company:3060077,2.7609856e-06
urn:harmonic:company:2037361,2.7608644e-06
urn:harmonic:company:4111515,2.7598905e-06
urn:harmonic:company:10074981,2.757912e-06
urn:harmonic:company:3470372,2.7569968e-06
urn:harmonic:company:7925472,2.7562737e-06
urn:harmonic:company:3836007,2.7542008e-06
urn:harmonic:company:711482,2.753888e-06
urn:harmonic:company:34811480,2.7496526e-06
urn:harmonic:company:12467348,2.7491124e-06
urn:harmonic:company:3533739,2.7449653e-06
urn:harmonic:company:11565509,2.7448684e-06
urn:harmonic:company:4519013,2.740017e-06
urn:harmonic:company:11091627,2.739928e-06
urn:harmonic:company:1596083,2.7393348e-06
urn:harmonic:company:658873,2.7390736e-06
urn:harmonic:company:12180295,2.737102e-06
urn:harmonic:company:706469,2.7327153e-06
urn:harmonic:company:1593678,2.7316937e-06
urn:harmonic:company:12790088,2.728538e-06
urn:harmonic:company:2212385,2.7283795e-06
urn:harmonic:company:11451838,2.7265223e-06
urn:harmonic:company:12525516,2.7250069e-06
urn:harmonic:company:57038,2.7229833e-06
urn:harmonic:company:12479775,2.7214642e-06
urn:harmonic:company:9693444,2.7195601e-06
urn:harmonic:company:3761192,2.715315e-06
urn:harmonic:company:4184053,2.714176e-06
urn:harmonic:company:637358,2.7130657e-06
urn:harmonic:company:10598027,2.7127473e-06
urn:harmonic:company:1618852,2.712551e-06
urn:harmonic:company:3292212,2.7115448e-06
urn:harmonic:company:1506250,2.7097972e-06
urn:harmonic:company:2205672,2.7094122e-06
urn:harmonic:company:1431275,2.7075757e-06
urn:harmonic:company:5948880,2.7074827e-06
urn:harmonic:company:12474808,2.7071883e-06
urn:harmonic:company:681995,2.706853e-06
urn:harmonic:company:34798956,2.7064527e-06
urn:harmonic:company:2046177,2.7057818e-06
urn:harmonic:company:3886816,2.7054746e-06
urn:harmonic:company:12882868,2.7049612e-06
urn:harmonic:company:4082574,2.7032695e-06
urn:harmonic:company:12742490,2.70187e-06
urn:harmonic:company:297602,2.7000387e-06
urn:harmonic:company:4198550,2.6999921e-06
urn:harmonic:company:499521,2.6994542e-06
urn:harmonic:company:2102729,2.699377e-06
urn:harmonic:company:3120158,2.6973928e-06
urn:harmonic:company:2100586,2.696665e-06
urn:harmonic:company:3071499,2.6965365e-06
urn:harmonic:company:19412091,2.6957523e-06
urn:harmonic:company:19199436,2.6953924e-06
urn:harmonic:company:3127976,2.6947112e-06
urn:harmonic:company:28035111,2.6944542e-06
urn:harmonic:company:1602399,2.6939224e-06
urn:harmonic:company:3766102,2.6908206e-06
urn:harmonic:company:1691367,2.6888401e-06
urn:harmonic:company:606042,2.6880045e-06
urn:harmonic:company:1525899,2.6862413e-06
urn:harmonic:company:2071826,2.686236e-06
urn:harmonic:company:820166,2.6851067e-06
urn:harmonic:company:1532650,2.6825471e-06
urn:harmonic:company:503190,2.6822684e-06
urn:harmonic:company:3961866,2.6798214e-06
urn:harmonic:company:653830,2.6790908e-06
urn:harmonic:company:3632333,2.678212e-06
urn:harmonic:company:4161778,2.6763353e-06
urn:harmonic:company:794421,2.674886e-06
urn:harmonic:company:6675935,2.6742255e-06
urn:harmonic:company:425018,2.673899e-06
urn:harmonic:company:9777950,2.6713499e-06
urn:harmonic:company:1572208,2.670242e-06
urn:harmonic:company:3989655,2.668076e-06
urn:harmonic:company:1407339,2.6679843e-06
urn:harmonic:company:4097899,2.6676332e-06
urn:harmonic:company:3617529,2.6661046e-06
urn:harmonic:company:5837965,2.6649834e-06
urn:harmonic:company:12590048,2.664849e-06
urn:harmonic:company:717832,2.664699e-06
urn:harmonic:company:3208309,2.6641958e-06
urn:harmonic:company:1564955,2.6630325e-06
urn:harmonic:company:4235914,2.6609305e-06
urn:harmonic:company:4112239,2.6595148e-06
urn:harmonic:company:12467328,2.6582343e-06
urn:harmonic:company:3736789,2.6568607e-06
urn:harmonic:company:36351869,2.655665e-06
urn:harmonic:company:761427,2.6555358e-06
urn:harmonic:company:12175466,2.6555053e-06
urn:harmonic:company:7508308,2.654637e-06
urn:harmonic:company:2104199,2.6537282e-06
urn:harmonic:company:1636452,2.653551e-06
urn:harmonic:company:4669304,2.653432e-06
urn:harmonic:company:6625965,2.6531284e-06
urn:harmonic:company:34592918,2.6522707e-06
urn:harmonic:company:1832068,2.6502178e-06
urn:harmonic:company:3272413,2.6482799e-06
urn:harmonic:company:37161026,2.6441162e-06
urn:harmonic:company:11578087,2.644005e-06
urn:harmonic:company:3629350,2.6438663e-06
urn:harmonic:company:4105581,2.6429714e-06
urn:harmonic:company:34406918,2.6414698e-06
urn:harmonic:company:18651606,2.6408072e-06
urn:harmonic:company:670256,2.6402859e-06
urn:harmonic:company:37086607,2.6388157e-06
urn:harmonic:company:12589753,2.6381767e-06
urn:harmonic:company:1983644,2.637603e-06
urn:harmonic:company:1506396,2.637354e-06
urn:harmonic:company:44029494,2.6364237e-06
urn:harmonic:company:7705841,2.6350262e-06
urn:harmonic:company:11366152,2.6332928e-06
urn:harmonic:company:3940213,2.6327127e-06
urn:harmonic:company:12019211,2.632502e-06
urn:harmonic:company:617985,2.6317387e-06
urn:harmonic:company:1683075,2.6306045e-06
urn:harmonic:company:1958033,2.6285204e-06
urn:harmonic:company:8658964,2.6283126e-06
urn:harmonic:company:45001529,2.6282223e-06
urn:harmonic:company:3714015,2.6279442e-06
urn:harmonic:company:1369355,2.6273176e-06
urn:harmonic:company:1932565,2.6247155e-06
urn:harmonic:company:10668024,2.6246655e-06
urn:harmonic:company:11181041,2.6244202e-06
urn:harmonic:company:3219466,2.6243074e-06
urn:harmonic:company:791940,2.6227638e-06
urn:harmonic:company:2070153,2.6222638e-06
urn:harmonic:company:4388816,2.6188222e-06
urn:harmonic:company:602103,2.618273e-06
urn:harmonic:company:10927583,2.6179882e-06
urn:harmonic:company:429195,2.6175865e-06
urn:harmonic:company:733737,2.6174991e-06
urn:harmonic:company:3939079,2.6165558e-06
urn:harmonic:company:3576568,2.6143507e-06
urn:harmonic:company:607471,2.6129524e-06
urn:harmonic:company:3671675,2.6116395e-06
urn:harmonic:company:485971,2.6100709e-06
urn:harmonic:company:4128247,2.6098667e-06
urn:harmonic:company:1429057,2.6081052e-06
urn:harmonic:company:1520272,2.6059297e-06
urn:harmonic:company:2098444,2.6056066e-06
urn:harmonic:company:1555416,2.6042453e-06
urn:harmonic:company:1430144,2.6013063e-06
urn:harmonic:company:3271052,2.6009193e-06
urn:harmonic:company:1706089,2.599362e-06
urn:harmonic:company:1429657,2.5974218e-06
urn:harmonic:company:11312340,2.5968523e-06
urn:harmonic:company:3220420,2.5962604e-06
urn:harmonic:company:1966259,2.595956e-06
urn:harmonic:company:34898920,2.5925835e-06
urn:harmonic:company:1620848,2.591921e-06
urn:harmonic:company:37075122,2.5909621e-06
urn:harmonic:company:1591877,2.590589e-06
urn:harmonic:company:4832172,2.590095e-06
urn:harmonic:company:34866010,2.589285e-06
urn:harmonic:company:703267,2.5887812e-06
urn:harmonic:company:1796382,2.586459e-06
urn:harmonic:company:12888130,2.5862148e-06
urn:harmonic:company:19018514,2.58531e-06
urn:harmonic:company:10919402,2.5841712e-06
urn:harmonic:company:751634,2.5839568e-06
urn:harmonic:company:553697,2.5822003e-06
urn:harmonic:company:4509864,2.5798765e-06
urn:harmonic:company:5208519,2.579129e-06
urn:harmonic:company:1789443,2.577634e-06
urn:harmonic:company:3364173,2.5754443e-06
urn:harmonic:company:23942923,2.5749116e-06
urn:harmonic:company:1429670,2.5742363e-06
urn:harmonic:company:634823,2.572462e-06
urn:harmonic:company:4412007,2.5708825e-06
urn:harmonic:company:21686216,2.5705049e-06
urn:harmonic:company:3955591,2.5684392e-06
urn:harmonic:company:20926673,2.5681748e-06
urn:harmonic:company:800890,2.5669358e-06
urn:harmonic:company:1790832,2.5657782e-06
urn:harmonic:company:9002322,2.5645109e-06
urn:harmonic:company:3128467,2.5636064e-06
urn:harmonic:company:3592378,2.5623401e-06
urn:harmonic:company:2032482,2.5618417e-06
urn:harmonic:company:7992095,2.55836e-06
urn:harmonic:company:612726,2.5575478e-06
urn:harmonic:company:2117764,2.5558652e-06
urn:harmonic:company:13020299,2.5551294e-06
urn:harmonic:company:1526456,2.554581e-06
urn:harmonic:company:2134083,2.5499858e-06
urn:harmonic:company:4026037,2.5490885e-06
urn:harmonic:company:1775638,2.5435372e-06
urn:harmonic:company:12789737,2.5432412e-06
urn:harmonic:company:2070278,2.5407396e-06
urn:harmonic:company:1980960,2.538153e-06
urn:harmonic:company:800687,2.5376858e-06
urn:harmonic:company:3201814,2.5371778e-06
urn:harmonic:company:19467267,2.53673e-06
urn:harmonic:company:3151990,2.5355184e-06
urn:harmonic:company:4842284,2.5335314e-06
urn:harmonic:company:34879893,2.5332079e-06
urn:harmonic:company:1246286,2.5325653e-06
urn:harmonic:company:3985034,2.531061e-06
urn:harmonic:company:3155835,2.5273416e-06
urn:harmonic:company:11670231,2.5268066e-06
urn:harmonic:company:1018747,2.5264935e-06
urn:harmonic:company:12285518,2.5229178e-06
urn:harmonic:company:4452486,2.5228458e-06
urn:harmonic:company:1639861,2.520804e-06
urn:harmonic:company:793939,2.5202414e-06
urn:harmonic:company:18188984,2.5200275e-06
urn:harmonic:company:3636339,2.5178897e-06
urn:harmonic:company:45060750,2.5168883e-06
urn:harmonic:company:11416297,2.5154677e-06
urn:harmonic:company:1545115,2.515048e-06
urn:harmonic:company:1449425,2.5130628e-06
urn:harmonic:company:3602400,2.5117308e-06
urn:harmonic:company:1792777,2.5080612e-06
urn:harmonic:company:580148,2.5064019e-06
urn:harmonic:company:4204989,2.5040413e-06
urn:harmonic:company:11163288,2.5011225e-06
urn:harmonic:company:10625500,2.5009435e-06
urn:harmonic:company:2243026,2.4999804e-06
urn:harmonic:company:3594466,2.4998992e-06
urn:harmonic:company:3455998,2.4983715e-06
urn:harmonic:company:3210697,2.4977069e-06
urn:harmonic:company:767963,2.4973947e-06
urn:harmonic:company:3668508,2.4963374e-06
urn:harmonic:company:10277032,2.4926383e-06
urn:harmonic:company:192382,2.491754e-06
urn:harmonic:company:1840247,2.4898611e-06
urn:harmonic:company:1449844,2.4870653e-06
urn:harmonic:company:3070794,2.4840763e-06
urn:harmonic:company:817058,2.4832284e-06
urn:harmonic:company:1523922,2.482492e-06
urn:harmonic:company:45205813,2.4768683e-06
urn:harmonic:company:751355,2.4752744e-06
urn:harmonic:company:3618334,2.467245e-06
urn:harmonic:company:11015231,2.466283e-06
urn:harmonic:company:3641048,2.4656501e-06
urn:harmonic:company:4159357,2.4608462e-06
urn:harmonic:company:11435475,2.459781e-06
urn:harmonic:company:1430455,2.4591218e-06
urn:harmonic:company:2100643,2.4578464e-06
urn:harmonic:company:1430990,2.4564522e-06
urn:harmonic:company:483561,2.454038e-06
urn:harmonic:company:11307839,2.452087e-06
urn:harmonic:company:2092873,2.4472045e-06
urn:harmonic:company:6824608,2.4463036e-06
urn:harmonic:company:10369483,2.4453475e-06
urn:harmonic:company:3600379,2.4413862e-06
urn:harmonic:company:786455,2.439901e-06
urn:harmonic:company:44830366,2.439694e-06
urn:harmonic:company:10694874,2.435721e-06
urn:harmonic:company:6581412,2.433455e-06
urn:harmonic:company:19392458,2.4303401e-06
urn:harmonic:company:41624594,2.4289893e-06
urn:harmonic:company:10720560,2.426704e-06
urn:harmonic:company:2212982,2.4263638e-06
urn:harmonic:company:3574897,2.4263177e-06
urn:harmonic:company:4197273,2.4244164e-06
urn:harmonic:company:3204843,2.4222138e-06
urn:harmonic:company:4149581,2.4213016e-06
urn:harmonic:company:3360056,2.4209508e-06
urn:harmonic:company:1854230,2.420842e-06
urn:harmonic:company:1959210,2.4199348e-06
urn:harmonic:company:3224423,2.4186522e-06
urn:harmonic:company:3119668,2.4185645e-06
urn:harmonic:company:1430152,2.4158903e-06
urn:harmonic:company:12180195,2.4108867e-06
urn:harmonic:company:1432133,2.4095216e-06
urn:harmonic:company:1778568,2.4075575e-06
urn:harmonic:company:18365325,2.4071328e-06
urn:harmonic:company:3529109,2.4070525e-06
urn:harmonic:company:1305069,2.405274e-06
urn:harmonic:company:792595,2.4042283e-06
urn:harmonic:company:3951185,2.403905e-06
urn:harmonic:company:4181714,2.4036324e-06
urn:harmonic:company:34824494,2.398311e-06
urn:harmonic:company:4230141,2.3977002e-06
urn:harmonic:company:170111,2.3936084e-06
urn:harmonic:company:1450162,2.389542e-06
urn:harmonic:company:1749309,2.3880566e-06
urn:harmonic:company:12789659,2.3837651e-06
urn:harmonic:company:3614940,2.3827856e-06
urn:harmonic:company:3293650,2.3825946e-06
urn:harmonic:company:1837925,2.3824925e-06
urn:harmonic:company:18542041,2.3772586e-06
urn:harmonic:company:4095821,2.3766988e-06
urn:harmonic:company:746629,2.3714867e-06
urn:harmonic:company:36962911,2.3690432e-06
urn:harmonic:company:1523729,2.3687699e-06
urn:harmonic:company:1625353,2.365341e-06
urn:harmonic:company:10525201,2.3647183e-06
urn:harmonic:company:1700887,2.3635303e-06
urn:harmonic:company:10152305,2.358671e-06
urn:harmonic:company:56296,2.3580951e-06
urn:harmonic:company:3469682,2.3578343e-06
urn:harmonic:company:3359677,2.3576972e-06
urn:harmonic:company:47912818,2.3560563e-06
urn:harmonic:company:34803697,2.3560183e-06
urn:harmonic:company:4162706,2.3536782e-06
urn:harmonic:company:3717007,2.3531418e-06
urn:harmonic:company:4199638,2.3525001e-06
urn:harmonic:company:1888759,2.351569e-06
urn:harmonic:company:3076532,2.3513899e-06
urn:harmonic:company:1534293,2.3501702e-06
urn:harmonic:company:34464034,2.349675e-06
urn:harmonic:company:12887308,2.349256e-06
urn:harmonic:company:4046430,2.348624e-06
urn:harmonic:company:4403878,2.34539e-06
urn:harmonic:company:1595436,2.3418875e-06
urn:harmonic:company:1399933,2.3417379e-06
urn:harmonic:company:13415263,2.3405523e-06
urn:harmonic:company:3217157,2.3385467e-06
urn:harmonic:company:1430921,2.330538e-06
urn:harmonic:company:1370109,2.3304538e-06
urn:harmonic:company:2068167,2.3276862e-06
urn:harmonic:company:3734475,2.3266807e-06
urn:harmonic:company:2179196,2.3261728e-06
urn:harmonic:company:3168262,2.3209166e-06
urn:harmonic:company:3296162,2.3209166e-06
urn:harmonic:company:7829451,2.3187506e-06
urn:harmonic:company:620552,2.3184766e-06
urn:harmonic:company:800521,2.3174132e-06
urn:harmonic:company:3693643,2.3172477e-06
urn:harmonic:company:1665012,2.3172033e-06
urn:harmonic:company:13000875,2.315847e-06
urn:harmonic:company:1537112,2.315573e-06
urn:harmonic:company:2065889,2.3124635e-06
urn:harmonic:company:3334808,2.3068205e-06
urn:harmonic:company:11294787,2.3056568e-06
urn:harmonic:company:754845,2.3035734e-06
urn:harmonic:company:37441680,2.3013226e-06
urn:harmonic:company:12482091,2.3010748e-06
urn:harmonic:company:4021478,2.2961622e-06
urn:harmonic:company:1394733,2.294201e-06
urn:harmonic:company:780837,2.293234e-06
urn:harmonic:company:1814098,2.2917147e-06
urn:harmonic:company:1815859,2.2916054e-06
urn:harmonic:company:10115974,2.291374e-06
urn:harmonic:company:7033985,2.2895672e-06
urn:harmonic:company:4523102,2.2870292e-06
urn:harmonic:company:3569073,2.2830197e-06
urn:harmonic:company:3678283,2.2790343e-06
urn:harmonic:company:1817324,2.2787606e-06
urn:harmonic:company:3694083,2.2724562e-06
urn:harmonic:company:3831822,2.2721333e-06
urn:harmonic:company:1430166,2.271544e-06
urn:harmonic:company:667078,2.2709808e-06
urn:harmonic:company:11063222,2.2699003e-06
urn:harmonic:company:3085652,2.2689958e-06
urn:harmonic:company:3303116,2.2677452e-06
urn:harmonic:company:3407998,2.2672457e-06
urn:harmonic:company:22967161,2.2670986e-06
urn:harmonic:company:1500871,2.2667982e-06
urn:harmonic:company:6590118,2.2658796e-06
urn:harmonic:company:1610868,2.2653699e-06
urn:harmonic:company:4215110,2.2639076e-06
urn:harmonic:company:9950814,2.2599017e-06
urn:harmonic:company:4866889,2.2595787e-06
urn:harmonic:company:33159055,2.2584647e-06
urn:harmonic:company:3573872,2.2579825e-06
urn:harmonic:company:1837463,2.2544214e-06
urn:harmonic:company:612145,2.2538452e-06
urn:harmonic:company:7307048,2.252455e-06
urn:harmonic:company:2087599,2.250263e-06
urn:harmonic:company:10311287,2.2487525e-06
urn:harmonic:company:3254159,2.24818e-06
urn:harmonic:company:474443,2.2464912e-06
urn:harmonic:company:602280,2.245688e-06
urn:harmonic:company:11084724,2.2446923e-06
urn:harmonic:company:723748,2.243357e-06
urn:harmonic:company:34723566,2.2428712e-06
urn:harmonic:company:767002,2.2421527e-06
urn:harmonic:company:10546995,2.237174e-06
urn:harmonic:company:3072900,2.2355891e-06
urn:harmonic:company:764225,2.2305696e-06
urn:harmonic:company:2251792,2.2282352e-06
urn:harmonic:company:1906975,2.2217082e-06
urn:harmonic:company:4379220,2.2182255e-06
urn:harmonic:company:4094058,2.2178597e-06
urn:harmonic:company:1809222,2.2150653e-06
urn:harmonic:company:1548065,2.2081242e-06
urn:harmonic:company:23078065,2.2058152e-06
urn:harmonic:company:741328,2.2052368e-06
urn:harmonic:company:1471177,2.2044442e-06
urn:harmonic:company:105614,2.2022e-06
urn:harmonic:company:733733,2.2017423e-06
urn:harmonic:company:1529701,2.197377e-06
urn:harmonic:company:684405,2.1946753e-06
urn:harmonic:company:13758255,2.1936835e-06
urn:harmonic:company:8587305,2.187679e-06
urn:harmonic:company:6837414,2.1856001e-06
urn:harmonic:company:1506153,2.1838707e-06
urn:harmonic:company:733234,2.1829544e-06
urn:harmonic:company:3208966,2.1816518e-06
urn:harmonic:company:10938348,2.166725e-06
urn:harmonic:company:2219989,2.1625094e-06
urn:harmonic:company:6280643,2.1582425e-06
urn:harmonic:company:8106038,2.1577591e-06
urn:harmonic:company:825806,2.15213e-06
urn:harmonic:company:7509071,2.151141e-06
urn:harmonic:company:4045048,2.1506753e-06
urn:harmonic:company:10511448,2.149564e-06
urn:harmonic:company:3174108,2.1476665e-06
urn:harmonic:company:1535982,2.1467367e-06
urn:harmonic:company:690111,2.1465157e-06
urn:harmonic:company:6490052,2.140165e-06
urn:harmonic:company:1945148,2.1400874e-06
urn:harmonic:company:640182,2.1400301e-06
urn:harmonic:company:619012,2.137707e-06
urn:harmonic:company:4195209,2.132539e-06
urn:harmonic:company:1955393,2.1317908e-06
urn:harmonic:company:1429757,2.130427e-06
urn:harmonic:company:2106218,2.127962e-06
urn:harmonic:company:4121896,2.1278138e-06
urn:harmonic:company:4093623,2.124533e-06
urn:harmonic:company:483959,2.1226172e-06
urn:harmonic:company:3079673,2.1188312e-06
urn:harmonic:company:4207467,2.1184676e-06
urn:harmonic:company:7883790,2.1137512e-06
urn:harmonic:company:6575212,2.1126066e-06
urn:harmonic:company:1550135,2.105414e-06
urn:harmonic:company:4108474,2.1041053e-06
urn:harmonic:company:1589703,2.1023022e-06
urn:harmonic:company:3547450,2.1015123e-06
urn:harmonic:company:3178682,2.101282e-06
urn:harmonic:company:34499863,2.1010756e-06
urn:harmonic:company:21611876,2.1005446e-06
urn:harmonic:company:2083766,2.097002e-06
urn:harmonic:company:1533578,2.0952907e-06
urn:harmonic:company:1506351,2.0924033e-06
urn:harmonic:company:3149984,2.0919044e-06
urn:harmonic:company:8944571,2.0871996e-06
urn:harmonic:company:1541000,2.087108e-06
urn:harmonic:company:3183144,2.0847747e-06
urn:harmonic:company:3399906,2.0846016e-06
urn:harmonic:company:684891,2.08079e-06
urn:harmonic:company:3550935,2.0799132e-06
urn:harmonic:company:2233924,2.0774412e-06
urn:harmonic:company:11137081,2.0768568e-06
urn:harmonic:company:9479368,2.0749444e-06
urn:harmonic:company:3257004,2.0749385e-06
urn:harmonic:company:6944201,2.0738405e-06
urn:harmonic:company:26734364,2.0738166e-06
urn:harmonic:company:4430884,2.0730338e-06
urn:harmonic:company:6812747,2.072998e-06
urn:harmonic:company:4327663,2.0672255e-06
urn:harmonic:company:731113,2.0670993e-06
urn:harmonic:company:1618381,2.0662224e-06
urn:harmonic:company:1431146,2.065708e-06
urn:harmonic:company:3199425,2.0603409e-06
urn:harmonic:company:5211152,2.059718e-06
urn:harmonic:company:8367239,2.057951e-06
urn:harmonic:company:2220479,2.057741e-06
urn:harmonic:company:666003,2.055864e-06
urn:harmonic:company:3547890,2.0517584e-06
urn:harmonic:company:1816235,2.0498615e-06
urn:harmonic:company:3501663,2.0483546e-06
urn:harmonic:company:817101,2.0423022e-06
urn:harmonic:company:811995,2.0386922e-06
urn:harmonic:company:1533941,2.0386476e-06
urn:harmonic:company:3692943,2.0358614e-06
urn:harmonic:company:794305,2.0330133e-06
urn:harmonic:company:1412784,2.0284176e-06
urn:harmonic:company:18495494,2.024255e-06
urn:harmonic:company:7707723,2.0209875e-06
urn:harmonic:company:2251974,2.0196696e-06
urn:harmonic:company:4089686,2.0175328e-06
urn:harmonic:company:649051,2.0077784e-06
urn:harmonic:company:1571400,2.0057307e-06
urn:harmonic:company:7314624,2.0053633e-06
urn:harmonic:company:554604,2.0048317e-06
urn:harmonic:company:464408,2.0038913e-06
urn:harmonic:company:3857772,2.003173e-06
urn:harmonic:company:9682964,2.0031384e-06
urn:harmonic:company:1421611,2.002831e-06
urn:harmonic:company:3660866,2.0015611e-06
urn:harmonic:company:13747670,1.9996933e-06
urn:harmonic:company:620088,1.993393e-06
urn:harmonic:company:4203101,1.991314e-06
urn:harmonic:company:1686361,1.9857634e-06
urn:harmonic:company:4142404,1.98575e-06
urn:harmonic:company:745873,1.9835281e-06
urn:harmonic:company:192385,1.9802885e-06
urn:harmonic:company:2217864,1.9801091e-06
urn:harmonic:company:724846,1.9774313e-06
urn:harmonic:company:3939864,1.9756312e-06
urn:harmonic:company:684268,1.9733866e-06
urn:harmonic:company:7508684,1.9697766e-06
urn:harmonic:company:3121831,1.9694178e-06
urn:harmonic:company:4392121,1.9672495e-06
urn:harmonic:company:6812767,1.9658862e-06
urn:harmonic:company:3156453,1.9618706e-06
urn:harmonic:company:4242050,1.9573818e-06
urn:harmonic:company:3972033,1.9556558e-06
urn:harmonic:company:4159496,1.9541233e-06
urn:harmonic:company:7497393,1.953037e-06
urn:harmonic:company:4574893,1.9497768e-06
urn:harmonic:company:2162275,1.948834e-06
urn:harmonic:company:3356597,1.9472755e-06
urn:harmonic:company:661332,1.9413048e-06
urn:harmonic:company:3122574,1.9383413e-06
urn:harmonic:company:11042404,1.9364973e-06
urn:harmonic:company:4017571,1.928806e-06
urn:harmonic:company:38482987,1.9278295e-06
urn:harmonic:company:40360788,1.9262231e-06
urn:harmonic:company:4338189,1.9248112e-06
urn:harmonic:company:775420,1.924057e-06
urn:harmonic:company:1676211,1.921565e-06
urn:harmonic:company:3353289,1.9196252e-06
urn:harmonic:company:711494,1.915021e-06
urn:harmonic:company:1617077,1.9147305e-06
urn:harmonic:company:12631837,1.904901e-06
urn:harmonic:company:783197,1.9027221e-06
urn:harmonic:company:4586247,1.9009555e-06
urn:harmonic:company:2123081,1.8991473e-06
urn:harmonic:company:1466333,1.8991091e-06
urn:harmonic:company:12043779,1.8864537e-06
urn:harmonic:company:36710301,1.8858996e-06
urn:harmonic:company:3908224,1.8853422e-06
urn:harmonic:company:3056263,1.8844254e-06
urn:harmonic:company:1906741,1.8711039e-06
urn:harmonic:company:8240275,1.8688659e-06
urn:harmonic:company:12599787,1.8644777e-06
urn:harmonic:company:1592263,1.8606053e-06
urn:harmonic:company:4592010,1.8604848e-06
urn:harmonic:company:3547764,1.8588017e-06
urn:harmonic:company:813894,1.8587626e-06
urn:harmonic:company:4147018,1.8582398e-06
urn:harmonic:company:2104859,1.857912e-06
urn:harmonic:company:3102399,1.8573134e-06
urn:harmonic:company:25769638,1.8402235e-06
urn:harmonic:company:718969,1.8388446e-06
urn:harmonic:company:665827,1.83325e-06
urn:harmonic:company:3377689,1.8302752e-06
urn:harmonic:company:39490409,1.8299033e-06
urn:harmonic:company:1564004,1.8241813e-06
urn:harmonic:company:3873255,1.818682e-06
urn:harmonic:company:3864030,1.8172046e-06
urn:harmonic:company:1429651,1.8161463e-06
urn:harmonic:company:1838020,1.8019201e-06
urn:harmonic:company:2104187,1.7970292e-06
urn:harmonic:company:4068823,1.7929106e-06
urn:harmonic:company:4295350,1.7874115e-06
urn:harmonic:company:6905003,1.7863634e-06
urn:harmonic:company:3283601,1.78479e-06
urn:harmonic:company:3309620,1.7838644e-06
urn:harmonic:company:1430057,1.7821214e-06
urn:harmonic:company:1450186,1.7813094e-06
urn:harmonic:company:4468841,1.77762e-06
urn:harmonic:company:1431256,1.7770234e-06
urn:harmonic:company:3330378,1.7751518e-06
urn:harmonic:company:2190237,1.7744019e-06
urn:harmonic:company:794937,1.7735069e-06
urn:harmonic:company:1589713,1.7689108e-06
urn:harmonic:company:3387731,1.7642221e-06
urn:harmonic:company:3541854,1.7619489e-06
urn:harmonic:company:2139579,1.7603164e-06
urn:harmonic:company:731366,1.7596149e-06
urn:harmonic:company:847947,1.7580397e-06
urn:harmonic:company:4421223,1.7576256e-06
urn:harmonic:company:1531220,1.7567576e-06
urn:harmonic:company:1549787,1.7559269e-06
urn:harmonic:company:4166776,1.7499538e-06
urn:harmonic:company:3090838,1.7483758e-06
urn:harmonic:company:813784,1.7449111e-06
urn:harmonic:company:3667992,1.7394613e-06
urn:harmonic:company:6601897,1.7373327e-06
urn:harmonic:company:3194285,1.7238324e-06
urn:harmonic:company:11293586,1.7201063e-06
urn:harmonic:company:3072166,1.7124103e-06
urn:harmonic:company:10684631,1.709426e-06
urn:harmonic:company:11223969,1.7087024e-06
urn:harmonic:company:1827478,1.7076255e-06
urn:harmonic:company:1618809,1.7068961e-06
urn:harmonic:company:5117035,1.6984071e-06
urn:harmonic:company:12867427,1.6904535e-06
urn:harmonic:company:18121502,1.6729592e-06
urn:harmonic:company:800992,1.6563649e-06
urn:harmonic:company:41916341,1.6541612e-06
urn:harmonic:company:694001,1.6351812e-06
urn:harmonic:company:34810564,1.6323487e-06
urn:harmonic:company:11216772,1.6291278e-06
urn:harmonic:company:13042548,1.6183657e-06
urn:harmonic:company:10209792,1.6120655e-06
urn:harmonic:company:5184068,1.6113155e-06
urn:harmonic:company:1525744,1.6080027e-06
urn:harmonic:company:10525458,1.6058435e-06
urn:harmonic:company:4299039,1.6038263e-06
urn:harmonic:company:4406958,1.6018987e-06
urn:harmonic:company:699664,1.5988264e-06
urn:harmonic:company:3272030,1.5948062e-06
urn:harmonic:company:1891443,1.5803441e-06
urn:harmonic:company:4517414,1.5802553e-06
urn:harmonic:company:6409791,1.5769072e-06
urn:harmonic:company:3261321,1.5658088e-06
urn:harmonic:company:623207,1.5638764e-06
urn:harmonic:company:3318123,1.5636899e-06
urn:harmonic:company:2139840,1.5515093e-06
urn:harmonic:company:3248333,1.5501236e-06
urn:harmonic:company:11255995,1.5500748e-06
urn:harmonic:company:784298,1.5492279e-06
urn:harmonic:company:4045050,1.547214e-06
urn:harmonic:company:36309031,1.5431999e-06
urn:harmonic:company:3196517,1.5383318e-06
urn:harmonic:company:12863413,1.5355732e-06
urn:harmonic:company:3447584,1.531636e-06
urn:harmonic:company:5076287,1.5210405e-06
urn:harmonic:company:648390,1.520385e-06
urn:harmonic:company:3411809,1.5197284e-06
urn:harmonic:company:2031118,1.519311e-06
urn:harmonic:company:3439730,1.519282e-06
urn:harmonic:company:1585253,1.5191009e-06
urn:harmonic:company:1570272,1.4962728e-06
urn:harmonic:company:10457788,1.4921134e-06
urn:harmonic:company:5012522,1.491247e-06
urn:harmonic:company:43489509,1.4874688e-06
urn:harmonic:company:6665901,1.4817135e-06
urn:harmonic:company:35135278,1.4765592e-06
urn:harmonic:company:3071626,1.4666986e-06
urn:harmonic:company:34482854,1.4592217e-06
urn:harmonic:company:1543278,1.4460637e-06
urn:harmonic:company:1614955,1.4453992e-06
urn:harmonic:company:3519799,1.4447762e-06
urn:harmonic:company:4538274,1.4405442e-06
urn:harmonic:company:512716,1.4337039e-06
urn:harmonic:company:4141129,1.4297783e-06
urn:harmonic:company:34983404,1.4230719e-06
urn:harmonic:company:6547888,1.4155826e-06
urn:harmonic:company:1699181,1.4074184e-06
urn:harmonic:company:802239,1.4017818e-06
urn:harmonic:company:826104,1.3996204e-06
urn:harmonic:company:4465727,1.3900336e-06
urn:harmonic:company:1730201,1.3816716e-06
urn:harmonic:company:1695030,1.3811565e-06
urn:harmonic:company:9979563,1.3715078e-06
urn:harmonic:company:1537089,1.358178e-06
urn:harmonic:company:5233234,1.3514864e-06
urn:harmonic:company:1618278,1.3399668e-06
urn:harmonic:company:2139822,1.3387253e-06
urn:harmonic:company:44486,1.3211945e-06
urn:harmonic:company:34507657,1.3186706e-06
urn:harmonic:company:3175051,1.3132064e-06
urn:harmonic:company:4940346,1.3054323e-06
urn:harmonic:company:3293609,1.2998482e-06
urn:harmonic:company:3983928,1.299008e-06
urn:harmonic:company:2235465,1.2978081e-06
urn:harmonic:company:9361889,1.268164e-06
urn:harmonic:company:823146,1.266303e-06
urn:harmonic:company:651696,1.2550079e-06
urn:harmonic:company:4196672,1.2354235e-06
urn:harmonic:company:10205386,1.2292102e-06
urn:harmonic:company:3222211,1.2086375e-06
urn:harmonic:company:1755570,1.2054351e-06
urn:harmonic:company:4157497,1.1818584e-06
urn:harmonic:company:1613688,1.1666376e-06
urn:harmonic:company:3271796,1.1641381e-06
urn:harmonic:company:9893408,1.1518193e-06
urn:harmonic:company:3157979,1.135776e-06
urn:harmonic:company:3139652,1.0104625e-06
